Question,category,subcategory,Answer
what is the purpose of a job description,Recruitment and Onboarding,Job Descriptions,"a job description outlines the responsibilities, qualifications, and expectations for a specific role within an organization."
how do you create an effective job posting,Recruitment and Onboarding,Job Postings,"effective job postings include clear job titles, detailed job descriptions, required qualifications, and a call to action for applicants."
what is the role of a vacancy announcement,Recruitment and Onboarding,Vacancy Announcements,"a vacancy announcement is a formal notice of an open job position, typically used in government or public sector recruitment."
how can applicant tracking systems benefit hr,Recruitment and Onboarding,Applicant Tracking,"applicant tracking systems help hr departments manage and streamline the recruitment process, from receiving applications to hiring decisions."
what should be included in a resume/cv,Recruitment and Onboarding,Resumes/CVs,"a resume/cv should include personal information, work experience, education, skills, and relevant achievements."
what are common components of an application form,Recruitment and Onboarding,Application Forms,"common components include personal information, employment history, education, references, and a signature."
what is the purpose of an interview in recruitment,Recruitment and Onboarding,Interview Process,"interviews are used to assess a candidate's qualifications, skills, and suitability for a specific job role."
what are some typical interview questions,Recruitment and Onboarding,Interview Questions,"typical interview questions include those about a candidate's strengths, weaknesses, experience, and situational behavior."
how should interview feedback be documented,Recruitment and Onboarding,Interview Feedback,"interview feedback should be documented objectively, focusing on the candidate's performance and responses."
what items should be on an onboarding checklist,Recruitment and Onboarding,Onboarding Checklist,"an onboarding checklist should include tasks like paperwork completion, equipment setup, and introductions to colleagues."
what is covered during new employee orientation,Recruitment and Onboarding,New Employee Orientation,"new employee orientation typically covers company policies, culture, benefits, and introductions to the team."
what are the training requirements for new hires,Recruitment and Onboarding,Training Requirements,"training requirements for new hires vary but often include role-specific training, safety training, and compliance training."
what elements should be included in a vacancy announcement,Recruitment and Onboarding,Vacancy Announcements,"a vacancy announcement should include essential details such as the job title, department, location, a brief overview of the role, qualifications required, application deadline, and instructions on how to apply. it's crucial to make it informative and appealing to potential candidates."
how does an applicant tracking system simplify the recruitment process,Recruitment and Onboarding,Applicant Tracking,"an applicant tracking system (ats) streamlines the recruitment process by automating the collection, organization, and tracking of candidate information. it helps hr teams manage applications, communicate with candidates, and evaluate applicants more efficiently, saving time and reducing manual work."
what should candidates include in their resume/cv,Recruitment and Onboarding,Resumes/CVs,"candidates should include their personal information, a summary or objective, work experience with specific accomplishments, education, skills relevant to the job, certifications, and any notable achievements. tailoring the resume to the job description is also essential."
how can organizations ensure job postings are inclusive,Recruitment and Onboarding,Job Postings,"organizations can ensure inclusivity in job postings by using gender-neutral language, avoiding biased terminology, and emphasizing their commitment to diversity and equal opportunity. providing accessibility features for applicants with disabilities is also important."
what are some best practices for creating engaging vacancy announcements,Recruitment and Onboarding,Vacancy Announcements,"best practices for engaging vacancy announcements include using compelling language, highlighting the company's mission and values, showcasing unique selling points of the position, and adding visuals or videos to make the announcement more visually appealing."
how do applicant tracking systems handle candidate data privacy,Recruitment and Onboarding,Applicant Tracking,"applicant tracking systems should comply with data privacy regulations. they typically secure candidate data through encryption, access controls, and regular audits. additionally, they allow candidates to manage their data and provide transparency regarding how data is used."
what are the key components of an effective interview process,Recruitment and Onboarding,Interview Process,"an effective interview process includes defining clear job-related criteria, selecting relevant interview questions, involving a diverse interview panel, providing consistent evaluation methods, and ensuring a respectful and inclusive interview environment."
how can organizations foster a positive candidate experience during interviews,Recruitment and Onboarding,Interview Process,"organizations can create a positive candidate experience by communicating clearly, providing timely feedback, respecting candidate time commitments, and being respectful and courteous throughout the interview process."
what items should be included in a new employee orientation program,Recruitment and Onboarding,New Employee Orientation,"a new employee orientation program should cover company culture, values, policies and procedures, employee benefits, workplace safety, and introductions to team members and company leaders. it's an opportunity to make new hires feel welcome and informed."
how can companies tailor onboarding checklists to specific job roles,Recruitment and Onboarding,Onboarding Checklist,"companies can tailor onboarding checklists by including role-specific tasks, such as job-specific training, access to relevant systems, and certifications needed for the role. this ensures that onboarding is relevant to each new hire's position."
what training requirements are essential for new hires in a technical role,Recruitment and Onboarding,Training Requirements,"training requirements for technical roles often include technical skills training, software proficiency training, product knowledge, and compliance training related to data security or industry regulations."
how should hr handle unsuccessful job applicants,Recruitment and Onboarding,Applicant Tracking,"hr should provide constructive feedback to unsuccessful job applicants, thanking them for their interest and effort. they should also keep the door open for future opportunities, maintain a positive and respectful tone, and ensure compliance with data privacy regulations."
what role can mentoring play in the onboarding process,Recruitment and Onboarding,New Employee Orientation,"mentoring can play a crucial role in onboarding by pairing new hires with experienced employees who can provide guidance, answer questions, and help newcomers acclimate to the company culture and workflow."
how can hr teams ensure that job postings are compliant with labor laws,Recruitment and Onboarding,Job Postings,"hr teams can ensure compliance by regularly reviewing and updating job postings to align with labor laws and regulations, consulting legal counsel when necessary, and conducting internal audits to identify potential issues."
what information should be included in job descriptions for remote positions,Recruitment and Onboarding,Job Descriptions,"job descriptions for remote positions should include details on remote work expectations, required equipment or technology, communication protocols, and any unique considerations specific to remote work."
what are the benefits of using structured interviews in the hiring process,Recruitment and Onboarding,Interview Process,"structured interviews provide consistency and fairness by using predefined questions and evaluation criteria. they reduce bias, ensure all candidates are evaluated on the same criteria, and improve the accuracy of hiring decisions."
how can organizations effectively incorporate diversity and inclusion in their onboarding process,Recruitment and Onboarding,New Employee Orientation,"organizations can promote diversity and inclusion during onboarding by offering diversity training, showcasing diverse role models and success stories, and creating an inclusive environment where all new employees feel welcomed and valued."
what are the common challenges in applicant tracking system implementation,Recruitment and Onboarding,Applicant Tracking,"common challenges include data migration issues, integration with other hr systems, user adoption challenges, and ensuring data privacy compliance throughout the implementation process."
how can organizations evaluate the success of their onboarding programs,Recruitment and Onboarding,New Employee Orientation,"organizations can evaluate onboarding success through metrics like employee retention rates, time-to-productivity for new hires, feedback from new employees, and assessments of whether new hires meet their initial job expectations."
what strategies can hr use to attract passive job candidates,Recruitment and Onboarding,Applicant Tracking,"hr can attract passive candidates by using social media and professional networks, showcasing the company's culture and opportunities, offering competitive compensation packages, and nurturing relationships through talent pipelines."
how can hr departments ensure fair and unbiased interviews,Recruitment and Onboarding,Interview Process,"hr can ensure fairness and reduce bias in interviews by using structured interview questions, training interviewers on diversity and inclusion, and conducting regular audits of interview processes for potential bias."
what role does employer branding play in the recruitment process,Recruitment and Onboarding,Job Postings,"employer branding helps attract top talent by creating a positive company image. it includes showcasing company culture, values, and benefits to potential candidates, making the organization more appealing."
how should hr handle candidate complaints during the recruitment process,Recruitment and Onboarding,Applicant Tracking,"hr should take candidate complaints seriously, investigate them thoroughly, maintain open communication with the candidate, and ensure that complaints are addressed promptly and professionally."
what is the significance of background checks in the hiring process,Recruitment and Onboarding,Applicant Tracking,"background checks verify a candidate's qualifications, criminal history, and other relevant information. they help ensure a safe and qualified workforce while maintaining trust between the organization and its employees."
how can organizations use technology to enhance the onboarding experience,Recruitment and Onboarding,New Employee Orientation,"organizations can use technology by providing online onboarding portals, e-learning modules, and digital resources to make the onboarding process more interactive, efficient, and accessible for new hires."
what is the role of hr in facilitating cross-functional interviews,Recruitment and Onboarding,Interview Process,"hr plays a vital role in coordinating cross-functional interviews by scheduling meetings, ensuring relevant team members are involved, and providing clear communication to all parties involved in the interview process."
what are the key components of a successful employee referral program,Recruitment and Onboarding,Applicant Tracking,"key components include clear program guidelines, attractive referral bonuses, streamlined referral submission processes, and recognition and rewards for employees who refer successful candidates."
how can hr departments ensure that onboarding aligns with organizational values,Recruitment and Onboarding,New Employee Orientation,"hr can ensure alignment by incorporating company values into onboarding materials, emphasizing them during training sessions, and encouraging new employees to embody these values in their daily work."
how can organizations maintain confidentiality during reference checks,Recruitment and Onboarding,Applicant Tracking,"organizations can maintain confidentiality by ensuring that only authorized individuals conduct reference checks, sharing only relevant information, and obtaining consent from candidates before contacting their references."
what steps can hr take to minimize bias in the application review process,Recruitment and Onboarding,Applicant Tracking,"hr can minimize bias by using blind recruitment techniques, focusing on objective criteria, and providing training to recruiters on unconscious bias awareness and mitigation."
how can organizations encourage continuous learning and development during onboarding,Recruitment and Onboarding,New Employee Orientation,"organizations can encourage learning and development by offering access to online courses, mentoring programs, and providing opportunities for new employees to set personal development goals."
how does effective communication contribute to a successful interview process,Recruitment and Onboarding,Interview Process,"effective communication ensures that both interviewers and candidates clearly understand expectations, questions, and evaluation criteria. it fosters a positive candidate experience and accurate assessments."
how can organizations ensure data security in applicant tracking systems,Recruitment and Onboarding,Applicant Tracking,"organizations can ensure data security by implementing data encryption, access controls, regular security audits, and compliance with data protection regulations such as gdpr or hipaa, where applicable."
how can hr tailor onboarding for remote employees,Recruitment and Onboarding,New Employee Orientation,"hr can tailor onboarding for remote employees by providing digital resources, virtual orientations, remote technology training, and facilitating virtual connections with colleagues and supervisors."
how do you ensure that job postings reach a diverse candidate pool,Recruitment and Onboarding,Job Postings,"to reach a diverse candidate pool, you can use a variety of job boards and platforms, partner with diverse organizations, and implement inclusive language and imagery in your job postings."
what should be included in a job description for an executive-level position,Recruitment and Onboarding,Job Descriptions,"executive-level job descriptions should highlight strategic responsibilities, leadership expectations, and qualifications such as executive experience, advanced degrees, and industry knowledge."
what types of interview formats are effective for evaluating technical skills,Recruitment and Onboarding,Interview Process,"effective interview formats for evaluating technical skills include technical assessments, coding challenges, and scenario-based questions that assess a candidate's problem-solving abilities."
how can hr departments promote diversity and inclusion in the workplace,Recruitment and Onboarding,New Employee Orientation,"hr can promote diversity and inclusion through inclusive hiring practices, diversity training, mentorship programs, employee resource groups, and creating a culture that values diversity."
what are some common challenges in managing an applicant tracking system (ats),Recruitment and Onboarding,Applicant Tracking,"common challenges include data accuracy issues, ensuring ats integration with other hr systems, adapting to changing recruitment needs, and providing training to ats users."
how do you conduct reference checks while respecting candidates' privacy,Recruitment and Onboarding,Applicant Tracking,reference checks should focus on job-related information and be conducted with the candidate's consent. avoid asking for personal information and ensure that the reference information remains confidential.
what role can employee feedback play in improving the onboarding process,Recruitment and Onboarding,New Employee Orientation,employee feedback is valuable for identifying areas of improvement in the onboarding process. it helps hr teams make adjustments to enhance the experience and address any concerns or challenges new hires face.
what strategies can hr use to reduce time-to-fill for job vacancies,Recruitment and Onboarding,Applicant Tracking,"hr can reduce time-to-fill by streamlining the recruitment process, using an ats for efficient candidate tracking, conducting simultaneous interviews, and maintaining a talent pipeline of potential candidates."
how can hr ensure that interview questions comply with legal guidelines,Recruitment and Onboarding,Interview Process,"hr should train interviewers to avoid illegal or discriminatory questions, focus on job-related criteria, and provide a list of approved questions to ensure compliance with legal guidelines."
what steps can organizations take to make remote onboarding effective,Recruitment and Onboarding,New Employee Orientation,"effective remote onboarding involves sending physical materials and equipment, providing access to digital resources, conducting virtual orientations, and assigning mentors or buddies for remote employees."
how can hr departments handle a high volume of job applications efficiently,Recruitment and Onboarding,Applicant Tracking,"hr can handle a high volume of applications efficiently by using an ats for automated screening, setting clear application deadlines, and employing a team approach to application review and shortlisting."
what is the significance of cultural fit in the hiring process,Recruitment and Onboarding,Interview Process,cultural fit assesses whether a candidate's values and work style align with the organization's culture. it's essential for long-term employee satisfaction and team cohesion.
how can hr support employees' career development during onboarding,Recruitment and Onboarding,New Employee Orientation,"hr can support career development by providing information on internal growth opportunities, mentorship programs, and resources for setting career goals during the onboarding process."
what are the benefits of conducting panel interviews,Recruitment and Onboarding,Interview Process,"panel interviews provide multiple perspectives on a candidate, reduce interviewer bias, and allow for a more comprehensive assessment of a candidate's qualifications and fit with the team."
how can organizations maintain consistency in their onboarding programs for remote and in-office employees,Recruitment and Onboarding,New Employee Orientation,"maintaining consistency involves using standardized materials and training for both remote and in-office employees, providing clear communication, and ensuring that all new hires receive equal attention and resources."
what role does feedback play in improving the applicant experience,Recruitment and Onboarding,Applicant Tracking,"feedback helps organizations enhance the applicant experience by identifying pain points in the recruitment process, addressing them, and creating a more applicant-friendly process that attracts top talent."
how can hr departments ensure that job offers are competitive in the market,Recruitment and Onboarding,Job Postings,"hr can ensure competitive job offers by conducting salary benchmarking, considering industry standards, and offering benefits and perks that align with the expectations of top talent in the market."
what strategies can hr use to create a seamless transition from recruitment to onboarding,Recruitment and Onboarding,New Employee Orientation,"strategies include close collaboration between recruiters and onboarding teams, sharing candidate information, setting clear expectations, and providing new hires with a smooth transition into their roles."
how can organizations maintain candidate engagement during lengthy recruitment processes,Recruitment and Onboarding,Applicant Tracking,"organizations can maintain engagement by providing regular updates, transparent communication about the process's duration, and opportunities for candidates to showcase their skills or stay involved with the company during the wait."
what are the key considerations in designing an effective employee referral program,Recruitment and Onboarding,Applicant Tracking,"key considerations include defining program goals, establishing referral incentives, promoting the program internally, and ensuring that it is easily accessible to employees."
how can hr departments ensure that new employees have access to necessary equipment and resources,Recruitment and Onboarding,New Employee Orientation,"hr can ensure access by coordinating with it and relevant departments to set up workstations, provide login credentials, and ensure that new employees have the equipment and resources they need on their first day."
how can organizations measure the impact of their diversity and inclusion initiatives,Recruitment and Onboarding,New Employee Orientation,"measuring impact involves tracking diversity metrics, conducting employee surveys, assessing retention rates, and analyzing promotions and leadership changes to gauge the success of diversity and inclusion initiatives."
what steps can hr take to accommodate candidates with disabilities during the recruitment process,Recruitment and Onboarding,Applicant Tracking,"steps include providing accessible application processes, offering accommodations during interviews, and ensuring that all communication materials are available in accessible formats."
how can hr teams create a welcoming and inclusive virtual onboarding experience,Recruitment and Onboarding,New Employee Orientation,"hr can create a welcoming experience by organizing virtual team introductions, providing virtual tours, hosting welcome video calls, and offering opportunities for new employees to engage with colleagues virtually."
how does employer branding impact the retention of top talent,Recruitment and Onboarding,Job Postings,"a strong employer brand enhances employee retention by attracting candidates who align with the company's values and culture, leading to greater job satisfaction and loyalty among employees."
what role does ai play in applicant tracking systems (ats),Recruitment and Onboarding,Applicant Tracking,"ai in ats automates candidate screening, identifies top candidates, predicts candidate success, and streamlines administrative tasks, making the recruitment process more efficient."
how does hr manage candidate feedback after interviews,Recruitment and Onboarding,Interview Process,"hr typically collects candidate feedback through surveys or interviews. they use this feedback to assess the interview process, identify areas for improvement, and enhance the candidate experience."
what role can social media play in job postings,Recruitment and Onboarding,Job Postings,"social media can amplify job postings by reaching a wider audience. it allows organizations to target specific demographics and engage with potential candidates through platforms like linkedin, twitter, and facebook."
how can organizations promote diversity in their hiring process,Recruitment and Onboarding,Interview Process,"organizations can promote diversity by implementing diversity hiring initiatives, using diverse interview panels, conducting bias training, and tracking diversity metrics to ensure a balanced workforce."
what are the key considerations when conducting background checks,Recruitment and Onboarding,Applicant Tracking,"key considerations include compliance with legal regulations, obtaining candidate consent, verifying employment history, checking criminal records when necessary, and ensuring data security."
how can hr ensure a smooth transition during the onboarding process,Recruitment and Onboarding,New Employee Orientation,"hr can ensure a smooth transition by providing clear communication, setting realistic expectations, and offering ongoing support to new hires as they adapt to their roles and the company culture."
what is the significance of job fit in the recruitment process,Recruitment and Onboarding,Interview Process,"job fit refers to the alignment between a candidate's skills, experience, and personality traits with the requirements of the job. it's crucial for employee satisfaction, performance, and retention."
how can hr teams make the most of applicant tracking systems,Recruitment and Onboarding,Applicant Tracking,"hr teams can maximize the benefits of applicant tracking systems by customizing them to their needs, providing training to users, regularly updating job postings, and ensuring data accuracy."
what are some best practices for conducting reference checks,Recruitment and Onboarding,Applicant Tracking,"best practices include asking open-ended questions, verifying details, checking multiple references, and focusing on relevant skills and experiences. hr should also maintain confidentiality during the process."
how can organizations create an inclusive environment during new employee orientation,Recruitment and Onboarding,New Employee Orientation,"organizations can create inclusivity by emphasizing diversity and inclusion policies, introducing employee resource groups, and providing training on cultural sensitivity and inclusivity."
what strategies can hr use to manage high volumes of job applications,Recruitment and Onboarding,Applicant Tracking,"hr can manage high volumes by using filters and keyword searches in applicant tracking systems, prioritizing applications, and conducting initial screenings to identify qualified candidates efficiently."
how can hr ensure a seamless onboarding process for remote hires,Recruitment and Onboarding,New Employee Orientation,"hr can ensure a seamless onboarding process for remote hires by shipping necessary equipment in advance, providing digital onboarding materials, scheduling video orientations, and offering remote it support."
what role does employee feedback play in improving the interview process,Recruitment and Onboarding,Interview Process,"employee feedback helps identify areas of improvement in the interview process. hr can use this feedback to refine interview questions, evaluation criteria, and interview training programs."
how should hr handle salary negotiations during the hiring process,Recruitment and Onboarding,Job Postings,"hr should engage in transparent and respectful salary negotiations. they should be prepared to discuss compensation packages, market rates, and benefits to reach mutually beneficial agreements with candidates."
what are the benefits of using an employee referral program,Recruitment and Onboarding,Applicant Tracking,"employee referral programs can lead to higher-quality hires, increased employee engagement, and cost savings in recruitment. employees often refer candidates who are a good cultural fit for the organization."
how can hr teams build a diverse talent pipeline,Recruitment and Onboarding,Job Postings,"hr teams can build diversity in the talent pipeline by attending diversity job fairs, partnering with diverse organizations, and implementing diversity-focused recruitment marketing campaigns."
what steps can hr take to prevent bias in hiring decisions,Recruitment and Onboarding,Interview Process,"hr can prevent bias by using structured interviews, anonymous application reviews, diversity training, and ensuring that hiring decisions are based on job-related criteria rather than personal biases."
how can hr departments balance automation with the personal touch in recruitment,Recruitment and Onboarding,Applicant Tracking,"hr can strike a balance by using technology for administrative tasks like resume screening and scheduling while reserving personal interactions for interviews, relationship-building, and candidate experience enhancement."
what is the role of pre-employment assessments in recruitment,Recruitment and Onboarding,Interview Process,"pre-employment assessments help evaluate a candidate's skills, personality traits, and cognitive abilities to assess their fit for a specific job. they provide valuable insights for hiring decisions."
how can hr leverage data analytics in the recruitment process,Recruitment and Onboarding,Job Postings,"hr can use data analytics to identify trends, assess the effectiveness of recruitment strategies, and make data-driven decisions to optimize recruitment efforts and improve hiring outcomes."
what are the best practices for communicating job offers to candidates,Recruitment and Onboarding,Job Postings,"best practices include providing clear and detailed job offer letters, explaining compensation and benefits, setting a reasonable deadline for a response, and offering flexibility for candidate questions or negotiations."
how can organizations create a culture of continuous learning,Recruitment and Onboarding,New Employee Orientation,"organizations can foster a culture of continuous learning by offering ongoing training opportunities, recognizing and celebrating employee achievements, and encouraging employees to set and pursue professional development goals."
what role does hr play in ensuring compliance with employment laws during recruitment,Recruitment and Onboarding,Job Postings,"hr is responsible for ensuring that all recruitment activities comply with employment laws and regulations. this includes creating policies, conducting training, and maintaining records to demonstrate compliance."
how can hr enhance the candidate experience for unsuccessful applicants,Recruitment and Onboarding,Interview Process,"hr can enhance the experience by providing constructive feedback, offering information on future opportunities, and maintaining open lines of communication to keep candidates engaged and interested in the organization."
what is the importance of cultural fit in the hiring process,Recruitment and Onboarding,Interview Process,"cultural fit is crucial because it ensures that new hires align with the organization's values, work culture, and objectives. it contributes to a harmonious and productive work environment."
how can organizations handle multiple job offers for a single candidate,Recruitment and Onboarding,Job Postings,"organizations should handle this situation by being transparent, providing reasonable response times, and, if necessary, negotiating to meet the candidate's expectations while staying within budget constraints."
what is the role of hr in promoting a diverse and inclusive workplace culture,Recruitment and Onboarding,Interview Process,"hr plays a central role by implementing diversity and inclusion policies, fostering an inclusive environment, and ensuring that recruitment practices align with diversity goals and are free from bias."
how can hr departments use artificial intelligence in applicant tracking systems,Recruitment and Onboarding,Applicant Tracking,"hr can use ai for tasks like resume screening, chatbots for candidate inquiries, predictive analytics for candidate sourcing, and identifying top candidates through data analysis."
how can organizations create a competitive advantage through their recruitment strategies,Recruitment and Onboarding,Job Postings,"organizations can gain a competitive edge by offering unique benefits, showcasing a positive company culture, providing career growth opportunities, and actively seeking out top talent in the industry."
how does hr handle candidate negotiations related to relocation packages,Recruitment and Onboarding,Job Postings,"hr negotiates by discussing relocation benefits, costs, and terms, considering the candidate's needs and the organization's policies. flexibility and transparency are key during these negotiations."
what steps can hr take to maintain a strong employer brand,Recruitment and Onboarding,Job Postings,"hr can maintain a strong employer brand by consistently promoting the organization's values, culture, and accomplishments through online presence, employee testimonials, and participation in industry events and awards."
how can organizations adapt their recruitment strategies to the changing job market,Recruitment and Onboarding,Job Postings,"organizations can adapt by staying updated on industry trends, leveraging technology, offering remote work options, and being agile in response to shifts in labor market conditions and candidate preferences."
how can hr measure the effectiveness of job postings,Recruitment and Onboarding,Job Postings,"hr can measure effectiveness by tracking metrics like application-to-hire ratios, time-to-fill positions, and candidate source analytics to determine which job posting channels yield the best results."
what is the role of hr in ensuring a smooth transition for internal hires,Recruitment and Onboarding,New Employee Orientation,"hr supports internal hires by facilitating communication between teams, providing necessary training, and addressing any concerns or questions that arise during the transition process."
how can organizations promote employee referrals for recruitment,Recruitment and Onboarding,Applicant Tracking,"organizations can promote referrals by offering referral bonuses, recognizing and rewarding successful referrals, and creating a referral-friendly culture where employees actively recommend qualified candidates."
how can hr departments create a seamless transition process for internal promotions,Recruitment and Onboarding,New Employee Orientation,"hr can create a seamless transition by providing career development resources, setting clear expectations, and ensuring that internal promotions are accompanied by appropriate training and support."
how can organizations ensure that interview questions are free from bias,Recruitment and Onboarding,Interview Process,"organizations can ensure bias-free questions by using structured, behavior-based interviewing techniques, reviewing questions for potential bias, and providing training to interviewers on fair and inclusive interviewing practices."
how can hr promote employee retention through effective onboarding,Recruitment and Onboarding,New Employee Orientation,"hr can promote retention by providing new employees with a positive onboarding experience, clear career paths, opportunities for skill development, and mentorship programs to help them feel engaged and invested in the organization."
how can hr departments leverage social media for employer branding,Recruitment and Onboarding,Job Postings,"hr can leverage social media by sharing company culture stories, employee testimonials, and industry insights. engaging with candidates and showcasing the organization's unique qualities helps build a strong employer brand."
how can organizations maintain consistency in the interview process across multiple locations,Recruitment and Onboarding,Interview Process,"organizations can maintain consistency by establishing standardized interview protocols, training interviewers on those protocols, and using technology to facilitate remote or virtual interviews when necessary."
how can hr ensure a fair and objective assessment of candidate skills and qualifications,Recruitment and Onboarding,Interview Process,hr can ensure fairness by using skill assessment tests and evaluating candidates based on predetermined criteria. transparency and clear communication of evaluation methods are essential.
what strategies can hr use to attract passive candidates in competitive industries,Recruitment and Onboarding,Applicant Tracking,"hr can attract passive candidates by offering challenging and appealing projects, highlighting opportunities for career advancement, and building relationships through networking events and industry-specific forums."
how can organizations evaluate the impact of their diversity and inclusion efforts in recruitment,Recruitment and Onboarding,Interview Process,"organizations can evaluate impact by tracking diversity metrics, analyzing diversity in hiring outcomes, and conducting surveys to measure employee satisfaction with diversity and inclusion initiatives."
how can hr adapt to virtual interviews in the hiring process,Recruitment and Onboarding,Interview Process,"hr can adapt by using video conferencing tools, ensuring candidates are comfortable with the technology, scheduling interviews effectively, and providing guidelines to ensure professionalism and clarity during virtual interviews."
how can hr departments ensure a smooth transition for employees returning from extended leaves of absence,Recruitment and Onboarding,New Employee Orientation,"hr can ensure a smooth transition by coordinating return-to-work plans, providing retraining or refresher programs, and offering support and resources to help employees readjust to their roles and responsibilities."
how can organizations use employer branding to differentiate themselves in niche industries,Recruitment and Onboarding,Job Postings,"organizations can differentiate by showcasing their industry expertise, participating in industry events, and emphasizing their unique contributions to the field in their employer branding efforts."
what is the role of hr in addressing employee concerns raised during interviews,Recruitment and Onboarding,Interview Process,"hr should address concerns raised by employees during interviews promptly, maintaining confidentiality and professionalism, and ensuring that concerns are properly documented and resolved through appropriate channels."
how can hr departments ensure diversity in their talent pipelines,Recruitment and Onboarding,Applicant Tracking,"hr can ensure diversity by expanding recruitment channels, partnering with diversity-focused organizations, offering internships and mentorship programs, and tracking diversity metrics in talent acquisition."
how can organizations align their recruitment strategies with their long-term business goals,Recruitment and Onboarding,Job Postings,"organizations can align strategies by conducting strategic workforce planning, identifying future talent needs, and tailoring recruitment efforts to meet evolving business objectives."
how can hr departments maintain professionalism and fairness during reference checks,Recruitment and Onboarding,Applicant Tracking,"hr should maintain professionalism by asking only job-related questions, avoiding personal inquiries, and using consistent criteria for evaluating references across all candidates."
how can organizations ensure a smooth handover process between recruitment and onboarding teams,Recruitment and Onboarding,New Employee Orientation,"organizations can ensure smooth handovers by establishing clear communication protocols, documenting candidate information comprehensively, and conducting joint meetings between recruitment and onboarding teams to share critical details."
what steps can hr take to build a positive employer brand online,Recruitment and Onboarding,Job Postings,"hr can build a positive online brand by actively engaging with candidates on social media, showcasing employee testimonials and success stories, and responding professionally to online reviews and comments."
how can organizations tailor onboarding programs for senior-level hires,Recruitment and Onboarding,New Employee Orientation,"tailoring onboarding for senior-level hires involves focusing on leadership development, strategic alignment with company goals, and providing opportunities to connect with top executives and key stakeholders."
what are the key metrics hr should track to assess the success of their recruitment efforts,Recruitment and Onboarding,Job Postings,"key metrics include time-to-fill positions, cost-per-hire, quality-of-hire, source-of-hire, turnover rates, and candidate satisfaction scores, which collectively measure the effectiveness of recruitment strategies."
how can hr ensure that job postings attract a diverse pool of candidates,Recruitment and Onboarding,Job Postings,"hr can ensure diversity by using inclusive language, highlighting the organization's commitment to diversity, and advertising job postings through diverse channels that reach underrepresented groups."
how can organizations effectively communicate their corporate social responsibility (csr) initiatives to job seekers,Recruitment and Onboarding,Job Postings,"organizations can communicate csr initiatives by showcasing their sustainability efforts, community involvement, and ethical practices in job postings, on their careers page, and during the interview process."
how can hr departments adapt to changes in workforce demographics,Recruitment and Onboarding,Applicant Tracking,"hr can adapt by implementing age-diverse recruitment strategies, offering flexible work arrangements, and fostering intergenerational collaboration to accommodate the changing workforce landscape."
how can hr ensure consistency in candidate evaluation across multiple interviewers,Recruitment and Onboarding,Interview Process,"hr can ensure consistency through standardized evaluation criteria, interviewer training, and regular calibration meetings to align interviewers' assessments and ensure fair and objective evaluations."
how can organizations address potential conflicts between onboarding and department-specific training,Recruitment and Onboarding,New Employee Orientation,"organizations can address conflicts by coordinating training schedules, sharing training plans, and ensuring that onboarding complements, rather than duplicates, department-specific training efforts."
what strategies can hr employ to attract talent from diverse geographical locations,Recruitment and Onboarding,Applicant Tracking,"hr can attract diverse talent by offering remote work options, promoting relocation assistance, and leveraging virtual interviews to reach candidates from various geographical locations."
how can hr create an inclusive experience for candidates with disabilities during the recruitment process,Recruitment and Onboarding,Interview Process,"hr can create inclusivity by offering accessible application processes, providing accommodations during interviews, and communicating a commitment to disability inclusion in job postings and communications."
how can organizations evaluate the effectiveness of their recruitment marketing efforts,Recruitment and Onboarding,Job Postings,"organizations can evaluate by tracking candidate source data, analyzing conversion rates from different marketing channels, and conducting surveys to gauge the impact of marketing messages on attracting top talent."
how does hr manage conflicts between hiring managers and interview panel members,Recruitment and Onboarding,Interview Process,"hr manages conflicts by facilitating open communication, providing training on collaborative interviewing, and offering guidelines for resolving disputes while ensuring that the interview process remains objective and fair."
how can hr departments ensure a seamless experience for candidates across various stages of recruitment,Recruitment and Onboarding,Applicant Tracking,"hr can ensure seamlessness by providing consistent communication, setting clear expectations, and offering support and guidance to candidates from initial application through the final hiring decision."
how can organizations leverage employee resource groups (ergs) in the recruitment process,Recruitment and Onboarding,Interview Process,"organizations can leverage ergs by involving erg members in the interview process, showcasing erg activities as part of the company culture, and highlighting the organization's commitment to diversity and inclusion."
what is the purpose of a payroll system,Compensation and Benefits,Payroll Processing,"the primary purpose of a payroll system is to calculate and process employee salaries and wages, ensuring accurate and timely payments, tax deductions, and compliance with labor laws."
how often should companies process payroll,Compensation and Benefits,Payroll Processing,"payroll processing frequency varies but is typically done on a monthly, biweekly, or semimonthly basis, depending on company policies and applicable laws."
"what are payroll reports, and why are they important",Compensation and Benefits,Payroll Reports,"payroll reports are documents that provide detailed information about payroll expenses, taxes, and deductions. they are important for financial record-keeping, compliance, and budgeting."
how can organizations design an effective compensation structure,Compensation and Benefits,Compensation Structure,"an effective compensation structure is designed by evaluating market salary data, defining salary ranges for different positions, and considering factors like experience, skills, and performance to determine fair pay."
"what are salary scales, and how are they used in compensation planning",Compensation and Benefits,Salary Scales,salary scales are predetermined salary ranges for specific job positions or levels within an organization. they help ensure consistent and equitable pay based on factors like experience and responsibilities.
"what are performance-based bonuses, and how do they motivate employees",Compensation and Benefits,Bonuses,performance-based bonuses are monetary rewards given to employees for achieving specific performance goals or targets. they motivate employees by linking financial incentives to individual or team accomplishments.
how does the benefits enrollment process work for new employees,Compensation and Benefits,Benefits Enrollment,"new employees typically go through a benefits enrollment process, where they choose from available benefits options, such as health insurance plans, retirement plans, and additional perks offered by the employer."
what is the role of health insurance in an employee benefits package,Compensation and Benefits,Health Insurance,"health insurance provides employees with coverage for medical expenses, including doctor visits, hospital stays, and prescription medications. it helps protect employees' health and financial well-being."
what are the key considerations when offering retirement plans to employees,Compensation and Benefits,Retirement Plans,"key considerations include selecting the type of retirement plan (e.g., 401(k), pension), employer contributions, eligibility criteria, and compliance with government regulations like erisa."
how often should organizations conduct salary reviews for their employees,Compensation and Benefits,Salary Reviews,"salary reviews can vary in frequency, but they are commonly done annually. regular reviews allow organizations to adjust salaries to reflect performance, market conditions, and inflation."
what factors influence performance-based raises,Compensation and Benefits,Performance-Based Raises,"performance-based raises are influenced by factors such as individual performance evaluations, achievement of goals, skill development, and overall contributions to the organization."
"what is a cost-of-living adjustment (cola), and when is it applied to salaries",Compensation and Benefits,Cost-of-Living Adjustments,a cost-of-living adjustment (cola) is an increase in salaries or wages to keep pace with inflation and rising living costs. it is typically applied annually or as needed based on economic conditions.
how do payroll systems handle tax calculations and deductions,Compensation and Benefits,Payroll Processing,"payroll systems calculate and withhold taxes based on employee information, including tax brackets, allowances, and applicable deductions. these systems ensure compliance with tax laws."
what are the advantages of outsourcing payroll processing,Compensation and Benefits,Payroll Processing,"outsourcing payroll processing can save time and resources, reduce errors, ensure compliance with tax laws, and provide access to expertise in payroll management."
what types of payroll reports are commonly used in organizations,Compensation and Benefits,Payroll Reports,"common payroll reports include payroll summary reports, tax reports (e.g., w-2s), deduction reports, and labor cost analysis reports. these reports help with financial planning and compliance."
how can organizations determine competitive salary ranges for their employees,Compensation and Benefits,Salary Scales,"organizations can determine competitive salary ranges by conducting salary surveys, analyzing industry benchmarks, and considering factors like geographic location and the organization's size and industry."
"what are non-monetary benefits, and how do they impact employee satisfaction",Compensation and Benefits,Benefits Enrollment,"non-monetary benefits, such as flexible work schedules, remote work options, and professional development opportunities, can significantly impact employee satisfaction by improving work-life balance and career growth prospects."
how can organizations promote employee participation in retirement plans,Compensation and Benefits,Retirement Plans,"organizations can promote participation through education, communication, and employer contributions. providing information about the benefits of retirement plans and offering matching contributions can encourage enrollment."
what is the role of a compensation committee in determining executive salaries,Compensation and Benefits,Compensation Structure,"a compensation committee, often composed of board members or executives, is responsible for reviewing and approving executive compensation packages to ensure alignment with company goals and shareholder interests."
what should organizations consider when setting up a performance-based bonus program,Compensation and Benefits,Bonuses,"considerations include defining clear performance metrics, setting achievable goals, communicating the program's details, and ensuring fairness and transparency in the bonus allocation process."
what are the key responsibilities of a payroll department,Compensation and Benefits,Payroll,"payroll departments are responsible for processing payroll, calculating and withholding taxes, issuing paychecks, maintaining records, and ensuring compliance with labor and tax laws."
how can organizations ensure that payroll processing is error-free,Compensation and Benefits,Payroll Processing,"error-free payroll processing involves verifying data accuracy, implementing payroll software with error-checking features, and conducting regular audits to identify and rectify discrepancies."
what types of payroll reports are essential for financial planning,Compensation and Benefits,Payroll Reports,"essential payroll reports for financial planning include cash flow forecasts, labor cost projections, and historical payroll expenditure reports that help organizations manage budgets effectively."
how can organizations align compensation structures with their talent acquisition strategy,Compensation and Benefits,Compensation Structure,aligning compensation structures involves tailoring pay scales to attract and retain top talent by offering competitive salaries and benefits in line with the organization's hiring goals and industry standards.
what role do salary scales play in promoting pay equity within organizations,Compensation and Benefits,Salary Scales,"salary scales promote pay equity by setting clear salary ranges based on job roles, responsibilities, and experience. they help ensure that employees in similar roles are paid fairly and consistently."
what factors can affect the eligibility for performance-based bonuses,Compensation and Benefits,Bonuses,"eligibility for performance-based bonuses can be influenced by factors like achieving individual and team goals, meeting performance metrics, and contributing to company success as outlined in performance evaluations."
how can organizations effectively communicate benefit options to employees during enrollment,Compensation and Benefits,Benefits Enrollment,"effective communication involves providing detailed benefit plan documents, holding informational sessions or webinars, offering one-on-one consultations, and creating user-friendly benefit enrollment portals."
what are the main types of health insurance plans offered to employees,Compensation and Benefits,Health Insurance,"health insurance plans include health maintenance organizations (hmos), preferred provider organizations (ppos), and high deductible health plans (hdhps), each with different cost structures and coverage options."
"what role does vesting play in retirement plans, and how does it impact employees",Compensation and Benefits,Retirement Plans,"vesting determines when employees gain ownership of employer-contributed retirement plan funds. fully vested employees have full access to employer contributions, while partially vested employees may have limited access."
what are the common methods for conducting salary reviews,Compensation and Benefits,Salary Reviews,"common methods for conducting salary reviews include annual performance evaluations, peer comparisons, market salary surveys, and utilizing salary analysis tools to determine fair pay adjustments."
how do organizations determine the frequency and amount of cost-of-living adjustments (colas),Compensation and Benefits,Cost-of-Living Adjustments,"determining cola frequency and amounts typically involves assessing inflation rates, economic conditions, and regional cost-of-living differences to ensure that salary adjustments adequately match rising living costs."
"what is a pay stub, and what information does it typically include",Compensation and Benefits,Payroll,"a pay stub is a document accompanying an employee's paycheck that provides details on earnings, deductions, taxes withheld, and net pay. it serves as a record of compensation for employees."
how can organizations ensure that employees' pay is processed securely and confidentially,Compensation and Benefits,Payroll Processing,"payroll security and confidentiality are maintained by implementing data encryption, access controls, strict authentication procedures, and following data protection regulations like gdpr or hipaa, where applicable."
what is the role of payroll reports in ensuring legal compliance,Compensation and Benefits,Payroll Reports,"payroll reports help ensure legal compliance by documenting wage payments, tax withholdings, and deductions, which can be used for auditing purposes and to demonstrate adherence to labor and tax laws."
how can organizations customize their compensation structure to meet industry-specific needs,Compensation and Benefits,Compensation Structure,"customization involves analyzing industry benchmarks, understanding industry-specific skill demands, and adjusting compensation structures to attract and retain talent with the necessary expertise."
"what are merit-based bonuses, and how do they differ from performance-based bonuses",Compensation and Benefits,Bonuses,"merit-based bonuses are rewards based on an employee's individual performance evaluation. they differ from performance-based bonuses, which may consider both individual and team achievements."
how can organizations provide benefits education to employees effectively,Compensation and Benefits,Benefits Enrollment,"effective benefits education includes offering workshops, webinars, written materials, and online resources to help employees understand benefit options, coverage, and how to make informed choices during enrollment."
"what are the primary types of retirement plans, and how do they work",Compensation and Benefits,Retirement Plans,"primary types of retirement plans include defined contribution plans (e.g., 401(k)) and defined benefit plans (e.g., pensions). defined contribution plans allow employees to contribute, while defined benefit plans promise a specific payout upon retirement."
how can organizations determine if performance-based raises are achieving desired results,Compensation and Benefits,Performance-Based Raises,"organizations can assess the impact of performance-based raises by tracking employee performance improvements, retention rates, and measuring the overall impact on organizational goals and productivity."
how can organizations balance the need for cost-of-living adjustments with budget constraints,Compensation and Benefits,Cost-of-Living Adjustments,"balancing cost-of-living adjustments involves considering the organization's financial health, benchmarking against industry standards, and exploring alternative cost-saving measures to maintain competitiveness."
what is the role of a payroll manager in overseeing payroll processes,Compensation and Benefits,Payroll,"payroll managers are responsible for supervising payroll staff, ensuring accurate processing, compliance with tax laws, and addressing payroll-related issues, such as discrepancies and inquiries from employees."
what are the advantages of using payroll software for processing,Compensation and Benefits,Payroll Processing,"payroll software offers advantages such as automation, error reduction, tax compliance checks, reporting capabilities, and the ability to streamline payroll processes efficiently."
how can payroll reports assist in workforce planning and budgeting,Compensation and Benefits,Payroll Reports,"payroll reports provide data on labor costs, helping organizations make informed decisions about budget allocation, staffing levels, and resource allocation to support workforce planning."
what strategies can organizations implement to ensure pay equity across genders and ethnicities,Compensation and Benefits,Compensation Structure,"strategies include conducting pay equity audits, addressing pay gaps, implementing salary transparency policies, and providing equal opportunities for career advancement and development."
how can organizations adjust salary scales to account for geographical cost-of-living differences,Compensation and Benefits,Salary Scales,"to account for cost-of-living differences, organizations may offer location-based allowances or salary differentials to employees in areas with higher living expenses while maintaining equity within the organization."
what role do profit-sharing bonuses play in employee motivation and engagement,Compensation and Benefits,Bonuses,"profit-sharing bonuses motivate employees by tying a portion of their compensation to the company's financial performance, fostering a sense of ownership and alignment with organizational goals."
how can organizations facilitate a smooth transition for employees when enrolling in benefit plans,Compensation and Benefits,Benefits Enrollment,"organizations can facilitate smooth transitions by providing comprehensive benefit information, offering clear enrollment instructions, and assigning benefits specialists or support personnel to address employee questions."
what are the key features of a 401(k) retirement plan,Compensation and Benefits,Retirement Plans,"key features of a 401(k) plan include employee contributions, employer matching contributions (if offered), tax advantages, and the ability for employees to manage their own investment portfolios within the plan."
how can organizations ensure that performance-based raises are administered fairly and transparently,Compensation and Benefits,Performance-Based Raises,"ensuring fairness involves establishing clear performance criteria, using objective evaluation methods, and communicating raise decisions openly to employees while providing opportunities for feedback and appeals."
what factors should organizations consider when determining the frequency of cost-of-living adjustments,Compensation and Benefits,Cost-of-Living Adjustments,"factors include inflation rates, economic stability, industry norms, and the impact of colas on the organization's overall compensation budget. frequent adjustments may be necessary in high-inflation environments."
what is the role of a payroll administrator in payroll processing,Compensation and Benefits,Payroll Processing,"payroll administrators handle tasks like data entry, timekeeping, and generating paychecks. they work under the guidance of payroll managers to ensure accurate and timely payroll processing."
"how can organizations maintain payroll continuity during unexpected disruptions, such as natural disasters",Compensation and Benefits,Payroll,"maintaining continuity involves creating disaster recovery plans, securely storing payroll data offsite, and implementing remote payroll processing capabilities to ensure payroll is not delayed during disruptions."
what types of payroll reports are useful for tax compliance purposes,Compensation and Benefits,Payroll Reports,"payroll reports used for tax compliance include quarterly and annual tax reports (e.g., form 941, form w-2), which detail employee earnings, deductions, and taxes withheld for tax authorities."
what are the best practices for conducting a comprehensive salary survey,Compensation and Benefits,Salary Scales,"best practices include surveying a representative sample of organizations in the industry, gathering data on various positions, and ensuring confidentiality to encourage participation from surveyed companies."
how can organizations communicate the rationale behind bonus decisions to employees effectively,Compensation and Benefits,Bonuses,"effective communication involves explaining bonus criteria, performance metrics, and the impact of individual and team contributions on bonus allocations to foster understanding and transparency."
how can organizations promote retirement plan participation among employees,Compensation and Benefits,Retirement Plans,"promoting participation involves educating employees about retirement plans, offering employer contributions or matches, providing investment options, and simplifying the enrollment process to encourage employee engagement."
what is the role of compensation committees in overseeing executive compensation,Compensation and Benefits,Compensation Structure,"compensation committees are responsible for setting executive compensation, ensuring alignment with company goals, and conducting reviews to evaluate and approve executive pay packages."
how do organizations handle salary reviews for employees who excel in their roles,Compensation and Benefits,Salary Reviews,"high-performing employees during salary reviews may receive merit-based raises, promotions, or bonuses as a recognition of their exceptional contributions and to retain their talent within the organization."
how can organizations address employee concerns related to cost-of-living adjustments,Compensation and Benefits,Cost-of-Living Adjustments,"addressing concerns involves transparent communication, explaining the rationale behind adjustments, and actively seeking employee feedback to understand the impact of colas on their financial well-being."
what is the role of payroll specialists in payroll processing,Compensation and Benefits,Payroll Processing,"payroll specialists focus on specific aspects of payroll processing, such as tax calculations, benefits deductions, or timekeeping, ensuring accuracy and compliance with relevant regulations."
what are the benefits of conducting payroll audits periodically,Compensation and Benefits,Payroll,"payroll audits help identify errors, inconsistencies, and compliance issues in payroll processing, leading to improved accuracy, cost savings, and confidence in payroll practices."
how can organizations use payroll reports to support employee development and career growth,Compensation and Benefits,Payroll Reports,"organizations can analyze payroll data to identify high-performing employees, assess skill gaps, and allocate resources for training and development programs to enhance career opportunities."
what strategies can organizations employ to address potential wage disparities among employees,Compensation and Benefits,Compensation Structure,"strategies include conducting pay equity studies, adjusting compensation structures, implementing transparent pay practices, and fostering a culture of fairness and equality within the organization."
how can organizations accommodate variations in salary scales for remote or international employees,Compensation and Benefits,Salary Scales,"accommodating variations involves considering regional cost differences, currency exchange rates, and local labor laws to set fair and competitive salaries for remote or international team members."
how do organizations ensure that bonus programs are aligned with corporate goals and values,Compensation and Benefits,Bonuses,"alignment is achieved by defining bonus criteria that reflect company objectives, values, and performance metrics that tie individual and team contributions to overarching organizational goals."
how can organizations support employees during the benefits enrollment process,Compensation and Benefits,Benefits Enrollment,"support includes offering guidance, providing decision-making tools, and having benefits specialists available to address employee questions and assist in selecting the most suitable benefit options."
what are the key considerations when offering retirement plan options to employees,Compensation and Benefits,Retirement Plans,"considerations include plan types (e.g., traditional ira, roth 401(k)), contribution limits, tax implications, investment options, and providing education to help employees make informed choices."
how can organizations align salary reviews with employee performance evaluations,Compensation and Benefits,Salary Reviews,"alignment involves using performance evaluations as a basis for determining salary adjustments, recognizing outstanding performance, and identifying areas for improvement within the review process."
what measures can organizations take to mitigate the impact of cost-of-living adjustments on employees' finances,Compensation and Benefits,Cost-of-Living Adjustments,"mitigation measures include offering financial wellness programs, employee assistance programs, or flexible benefits to help employees navigate financial challenges resulting from colas."
how do organizations ensure compliance with tax regulations when processing payroll,Compensation and Benefits,Payroll Processing,"compliance is ensured by staying updated on tax laws, regulations, and filing requirements, as well as using payroll software that incorporates tax compliance checks and calculations."
how can organizations encourage employees to provide feedback on payroll-related matters,Compensation and Benefits,Payroll,"encouraging feedback includes creating anonymous feedback channels, conducting surveys, and actively addressing employee concerns to enhance transparency and improve payroll processes."
what role does payroll documentation play in audits and legal inquiries,Compensation and Benefits,Payroll Reports,"payroll documentation serves as evidence of payments, deductions, tax withholdings, and compliance with labor laws, supporting organizations during audits, inquiries, or legal disputes related to payroll."
how can organizations align compensation structures with their diversity and inclusion goals,Compensation and Benefits,Compensation Structure,"alignment involves promoting equal pay for equal work, reducing pay disparities among diverse groups, and fostering an inclusive culture that values diversity and equity in compensation."
how can organizations implement salary ranges that attract top talent while managing costs,Compensation and Benefits,Salary Scales,"effective implementation involves conducting regular salary benchmarking, adjusting pay ranges based on market trends, and offering competitive benefits beyond base salaries to attract and retain talent."
what is the role of profit-sharing bonuses in promoting employee engagement and retention,Compensation and Benefits,Bonuses,"profit-sharing bonuses engage employees by connecting their efforts to company profitability, reinforcing a sense of teamwork, and motivating them to contribute to the organization's success."
how can organizations simplify the benefits enrollment process for employees,Compensation and Benefits,Benefits Enrollment,"simplification includes offering online enrollment portals, providing clear instructions, using plain language in benefit communications, and offering assistance through dedicated hr personnel."
how do organizations address vesting in retirement plans to retain employees,Compensation and Benefits,Retirement Plans,addressing vesting involves creating vesting schedules that reward employees for longer-term commitments and providing full vesting after a certain number of years of service to encourage retention.
what are the advantages of offering employees performance-based raises,Compensation and Benefits,Performance-Based Raises,"advantages include recognizing and rewarding top performers, motivating employees to excel, aligning pay with contributions, and fostering a culture of meritocracy within the organization."
how can organizations minimize the financial impact of frequent cost-of-living adjustments,Compensation and Benefits,Cost-of-Living Adjustments,"minimization can involve planning for colas in budgeting, exploring phased adjustments, or using variable pay components that can be adjusted more flexibly to account for rising living costs."
how do organizations handle payroll discrepancies and errors effectively,Compensation and Benefits,Payroll Processing,"handling involves investigating discrepancies, correcting errors promptly, communicating openly with affected employees, and implementing preventive measures to reduce the likelihood of future errors."
how can organizations use payroll data to improve workforce management and productivity,Compensation and Benefits,Payroll Reports,"utilizing payroll data involves identifying trends, optimizing staffing levels, aligning resources with business needs, and making informed decisions to enhance overall workforce efficiency."
what are the key considerations for implementing salary scales that reflect regional variations,Compensation and Benefits,Salary Scales,"considerations include conducting market research, adjusting pay ranges for cost-of-living differences, offering location-specific benefits, and ensuring equitable treatment of all employees regardless of location."
how can organizations create bonus programs that encourage collaboration among employees and teams,Compensation and Benefits,Bonuses,"collaboration-oriented bonus programs involve incorporating team-based performance metrics, recognizing collective achievements, and fostering a cooperative work environment."
how can organizations streamline benefits enrollment for remote or distributed teams,Compensation and Benefits,Benefits Enrollment,"streamlining includes offering virtual enrollment sessions, providing digital access to benefits materials, and ensuring remote employees have equal access to benefits and support."
what are the key differences between defined contribution and defined benefit retirement plans,Compensation and Benefits,Retirement Plans,"defined contribution plans rely on employee contributions and offer investment flexibility, while defined benefit plans guarantee specific retirement benefits based on factors like salary history and years of service."
how can organizations ensure that salary reviews are conducted fairly and without bias,Compensation and Benefits,Salary Reviews,"ensuring fairness involves training managers on unbiased evaluation techniques, using objective performance criteria, and conducting regular reviews to monitor the consistency and equity of the process."
how do organizations handle employee expectations regarding cost-of-living adjustments,Compensation and Benefits,Cost-of-Living Adjustments,"handling involves setting clear expectations, communicating cola decisions transparently, and explaining the rationale behind adjustments to manage employee expectations effectively."
what are the potential consequences of payroll errors for organizations and employees,Compensation and Benefits,Payroll Processing,"consequences can include financial penalties for non-compliance, employee dissatisfaction, legal disputes, and damage to the organization's reputation. accurate payroll processing is critical to avoid such issues."
how can organizations use payroll reports to enhance workforce diversity and inclusion,Compensation and Benefits,Payroll Reports,"payroll reports can help identify pay disparities among different demographic groups, prompting organizations to take action to address inequities and promote diversity and inclusion in compensation practices."
what strategies can organizations employ to attract and retain top talent with competitive salaries,Compensation and Benefits,Salary Scales,"strategies include offering competitive base salaries, performance-based bonuses, benefits packages, opportunities for advancement, and a positive work culture that values employees' contributions."
how can organizations foster employee ownership through profit-sharing bonuses,Compensation and Benefits,Bonuses,"fostering ownership involves explaining how profit-sharing bonuses align with company success, providing transparency in profit-sharing calculations, and involving employees in decision-making processes when feasible."
how can organizations ensure that employees are well-informed about their retirement plan options,Compensation and Benefits,Retirement Plans,"ensuring information includes providing retirement plan materials, offering retirement planning workshops, and making resources available for employees to understand and make informed choices about their retirement benefits."
what are the challenges organizations may face when implementing performance-based raises,Compensation and Benefits,Performance-Based Raises,"challenges include defining objective performance metrics, aligning evaluations with organizational goals, addressing potential biases, and communicating raise decisions effectively."
how do organizations address employee concerns regarding the affordability of living in specific areas,Compensation and Benefits,Cost-of-Living Adjustments,"addressing concerns involves acknowledging regional cost disparities, offering flexible compensation packages, and exploring housing or relocation assistance options to support employees in high-cost areas."
how can organizations manage payroll risks associated with regulatory changes,Compensation and Benefits,Payroll Processing,"managing risks includes staying updated on labor laws and tax regulations, conducting compliance audits, and having contingency plans in place to adapt to regulatory changes swiftly and effectively."
how do organizations use payroll reports to evaluate employee performance and productivity,Compensation and Benefits,Payroll Reports,"evaluating performance involves analyzing data such as overtime, attendance, and labor costs to identify areas where productivity improvements or additional training may be needed."
how can organizations maintain salary transparency while respecting employee privacy,Compensation and Benefits,Compensation Structure,"maintaining transparency involves providing salary ranges for job roles, disclosing criteria for pay adjustments, and ensuring that individual employee salary information remains confidential and accessible only to authorized personnel."
how can organizations adjust salary scales to accommodate employees working in different time zones,Compensation and Benefits,Salary Scales,"adjusting involves considering time zone differentials, providing remote work allowances, and offering flexible schedules to support employees working across various time zones effectively."
what are the tax implications of profit-sharing bonuses for employees,Compensation and Benefits,Bonuses,"tax implications include that profit-sharing bonuses are typically treated as ordinary income and subject to federal and state income taxes, although specific tax rules may vary."
how can organizations ensure that employees have access to accurate and up-to-date benefit information,Compensation and Benefits,Benefits Enrollment,"ensuring access includes maintaining an up-to-date benefits portal, sending regular benefit updates, and having dedicated hr personnel available to answer employee questions and concerns."
what options do employees have for retirement plan withdrawals and distributions,Compensation and Benefits,Retirement Plans,"retirement plan options may include lump-sum withdrawals, periodic distributions, and annuities. each option has tax implications and may impact the timing and amount of retirement income."
how can organizations address employee concerns about the fairness of performance-based raises,Compensation and Benefits,Performance-Based Raises,"addressing concerns involves providing clear performance criteria, offering opportunities for employees to discuss their evaluations, and maintaining transparency in the performance review process."
how can organizations support employees in managing budget adjustments resulting from cost-of-living increases,Compensation and Benefits,Cost-of-Living Adjustments,"support includes offering financial planning resources, workshops on budgeting, and access to employee assistance programs to help employees adapt to higher living costs."
how can organizations prepare for payroll processing during periods of organizational growth,Compensation and Benefits,Payroll Processing,"preparation includes scalability planning, updating payroll software and systems, hiring additional payroll staff as needed, and ensuring that payroll processes remain efficient and accurate during expansion."
how do organizations use payroll reports to evaluate the effectiveness of workforce management strategies,Compensation and Benefits,Payroll Reports,"evaluation involves examining payroll data to assess labor costs, staffing levels, and employee productivity, allowing organizations to make data-driven decisions to optimize their workforce management strategies."
what measures can organizations take to address salary disparities based on gender and ethnicity,Compensation and Benefits,Compensation Structure,"measures include conducting pay equity audits, implementing blind pay structures, promoting diversity in leadership, and addressing biases in hiring and promotion processes to address disparities."
how can organizations create flexible salary scales to accommodate employees with varying levels of experience,Compensation and Benefits,Salary Scales,"creating flexibility involves defining broad salary ranges, providing opportunities for career progression, and allowing employees to move within the scale as they gain experience and expertise."
how can organizations ensure that profit-sharing bonuses align with the company's financial goals,Compensation and Benefits,Bonuses,"alignment involves setting clear profit-sharing criteria that connect employee contributions to financial outcomes, ensuring that bonuses are based on measurable performance metrics and financial targets."
how do organizations accommodate benefits enrollment for employees in different time zones,Compensation and Benefits,Benefits Enrollment,"accommodation includes offering flexible enrollment windows, providing virtual benefits enrollment sessions, and ensuring that employees in different time zones have equal access to enrollment support."
what are the advantages of offering employees a choice between traditional and roth retirement plans,Compensation and Benefits,Retirement Plans,"advantages include flexibility in tax planning, the option to pay taxes upfront (roth) or during retirement (traditional), and the ability to diversify retirement savings to manage tax liabilities."
how can organizations assess the impact of performance-based raises on employee morale and job satisfaction,Compensation and Benefits,Performance-Based Raises,"assessment involves conducting surveys, gathering feedback, and monitoring retention rates to gauge how performance-based raises impact employee engagement and overall job satisfaction."
how can organizations communicate the rationale behind cost-of-living adjustments to employees effectively,Compensation and Benefits,Cost-of-Living Adjustments,"effective communication includes providing context on economic conditions, explaining how colas are calculated, and demonstrating the organization's commitment to employees' financial well-being."
how do organizations ensure that payroll practices are compliant with international labor laws when expanding globally,Compensation and Benefits,Payroll Processing,"ensuring compliance involves conducting legal reviews, obtaining legal counsel, and implementing payroll processes that adhere to local labor laws and tax regulations in each country of operation."
how can organizations use payroll reports to identify training needs for employees,Compensation and Benefits,Payroll Reports,identifying needs includes analyzing payroll data to determine areas where employees may require additional training or development to improve their performance and productivity.
how can organizations integrate diversity and inclusion into their compensation structures,Compensation and Benefits,Compensation Structure,"integration involves considering diversity goals when setting compensation policies, addressing pay disparities, and promoting equal opportunities for all employees regardless of gender, race, or background."
"what is vacation leave, and why is it important for employees",Leave Management,Vacation Leave,"vacation leave is time off from work that employees take to relax, recharge, and spend time with family or pursue personal interests. it is essential for employee well-being, work-life balance, and overall job satisfaction."
how do organizations typically calculate vacation leave accruals,Leave Management,Vacation Leave,"vacation leave accruals are often calculated based on factors like years of service, company policies, and employment contracts, with employees earning a certain number of days or hours of leave per month or year."
what is the process for requesting vacation leave in most organizations,Leave Management,Leave Requests,"employees usually request vacation leave by submitting a formal request through the company's designated system or by filling out a leave request form, specifying the dates and duration of their requested leave."
can organizations restrict when employees can take vacation leave,Leave Management,Vacation Leave,"yes, organizations can implement blackout periods or peak seasons during which employees are restricted from taking vacation leave to ensure adequate staffing and meet business demands."
what are some common policies regarding the maximum vacation leave carryover from year to year,Leave Management,Vacation Leave,"common policies may limit the maximum carryover of vacation leave to prevent excessive accruals, with unused leave either expiring or converting to other types of leave, such as paid time off (pto) or sick leave."
how can organizations encourage employees to use their vacation leave,Leave Management,Vacation Leave,"encouragement methods include promoting work-life balance, setting a use it or lose it policy, providing reminders about accrued leave, and fostering a culture that values taking time off to recharge."
what is the role of supervisors in managing employees' vacation leave requests,Leave Management,Leave Approvals,"supervisors typically review and approve or deny vacation leave requests based on business needs, staffing considerations, and fair distribution among team members while ensuring adequate coverage."
how do organizations handle emergency situations when employees need to take unplanned vacation leave,Leave Management,Vacation Leave,"organizations often have procedures in place for emergency leave requests, allowing employees to notify their supervisors or hr immediately and providing guidelines for documentation and approvals."
what are some creative ways organizations use to reward employees for using their vacation leave,Leave Management,Vacation Leave,"creative incentives may include bonus vacation days, recognition programs, or rewards for employees who consistently take their vacation leave to promote well-being and work-life balance."
how can organizations maintain fair and equitable vacation leave policies for all employees,Leave Management,Vacation Leave,"ensuring fairness involves consistent application of policies, clear communication, and addressing any discrimination or favoritism in granting vacation leave requests."
"what are leave balances, and why do employees need to keep track of them",Leave Management,Leave Balances,"leave balances represent the amount of leave an employee has accrued, taken, and has remaining. employees need to track them to know how much leave they have available and plan their time off effectively."
how often should employees review their leave balances,Leave Management,Leave Balances,"employees should regularly review their leave balances, preferably before requesting time off, to ensure they have a clear understanding of their available leave and can make informed decisions."
what information is typically included in leave balance statements provided to employees,Leave Management,Leave Balances,"leave balance statements usually include details like the type of leave (e.g., vacation, sick), current balance, accrued leave, leave taken, and any pending leave requests, providing a comprehensive overview of an employee's leave status."
how can organizations help employees keep accurate track of their leave balances,Leave Management,Leave Balances,"organizations can provide access to an online leave management system, offer leave balance summaries in pay stubs, and send periodic reminders for employees to review their leave balances."
what should employees do if they notice discrepancies in their leave balance statements,Leave Management,Leave Balances,"employees should promptly report any discrepancies to their hr department or leave administrators, who can investigate and rectify the errors in the leave balance records."
what measures can organizations take to ensure leave balance information remains confidential and secure,Leave Management,Leave Balances,"measures include restricting access to leave balance data, implementing strong data encryption, and ensuring that only authorized personnel can view or make changes to leave balance records."
how do organizations handle the transfer of leave balances when employees change positions or departments internally,Leave Management,Leave Balances,organizations may have policies that allow employees to retain their accrued leave balances when changing positions within the company or may provide guidelines on how to transfer leave balances.
what is the process for compensating employees for unused leave balances upon resignation or retirement,Leave Management,Leave Balances,"compensation processes can vary, with some organizations paying out unused leave as a lump sum, while others may allow employees to use accrued leave during their notice period or transition into retirement."
how can organizations ensure that leave balance policies comply with labor laws and regulations,Leave Management,Leave Balances,"compliance involves regularly reviewing and updating leave policies to align with local, state, and federal labor laws, as well as consulting legal experts if needed to ensure legal compliance."
what role do leave balance reports play in workforce management and planning,Leave Management,Leave Balances,"leave balance reports assist organizations in assessing workforce availability, identifying potential staffing shortages, and making informed decisions about resource allocation and workforce planning."
"what is sick leave, and why is it an essential benefit for employees",Leave Management,Sick Leave,sick leave is time off provided to employees when they are ill or require medical attention. it is essential as it allows employees to recover without financial hardship and prevents the spread of illness in the workplace.
how do organizations typically determine the amount of sick leave provided to employees,Leave Management,Sick Leave Policies,"sick leave amounts are often determined by company policies, employment contracts, or legal requirements, with employees earning a certain number of sick leave days or hours per year or pay period."
what documentation is usually required when employees request sick leave,Leave Management,Medical Documentation,"documentation requirements can vary, but common documents include medical certificates, doctor's notes, or other proof of illness to validate the need for sick leave."
"what is the process for requesting sick leave, and how does it differ from other types of leave",Leave Management,Sick Leave,"the process involves notifying the employer as soon as possible, providing required documentation, and following any company-specific sick leave request procedures, which may differ from those for other leave types."
can organizations require employees to provide advance notice for sick leave requests,Leave Management,Sick Leave Policies,"yes, organizations can require employees to provide advance notice when possible, but they should also have procedures in place for situations where advance notice is not feasible, such as sudden illness."
how do organizations handle cases of suspected abuse or misuse of sick leave,Leave Management,Sick Leave,"handling abuse or misuse may involve investigating suspicious patterns, requiring additional documentation, and taking appropriate disciplinary action if employees are found to be abusing sick leave privileges."
how can organizations ensure that sick leave policies align with health and safety regulations,Leave Management,Sick Leave Policies,"alignment involves consulting with legal experts, reviewing local health and safety laws, and ensuring that sick leave policies support employees' health and well-being while adhering to legal requirements."
what is the role of supervisors in managing employees' sick leave requests,Leave Management,Leave Approvals,"supervisors typically review sick leave requests, assess their impact on team productivity, and ensure that employees follow the organization's sick leave policies and procedures."
how do organizations handle situations where employees exhaust their sick leave balances due to prolonged illnesses,Leave Management,Sick Leave Policies,"organizations may have policies allowing employees to transition to other forms of leave, such as disability leave or unpaid leave, to support them during extended illness periods."
what measures can organizations take to promote a healthy workplace and reduce the need for sick leave,Leave Management,Sick Leave,"measures include offering wellness programs, promoting vaccination, providing a clean and hygienic work environment, and educating employees on proper health practices."
what are the different types of leave typically offered by organizations,Leave Management,Leave Types,"common leave types include vacation leave, sick leave, paid time off (pto), parental leave, bereavement leave, jury duty leave, and sabbatical leave, each serving specific purposes and eligibility criteria."
how can organizations determine which leave types to offer their employees,Leave Management,Leave Types,"determination involves considering legal requirements, industry norms, employee needs, and the organization's culture and values to design a leave policy that suits the company's goals and workforce."
what is the process for employees to request different types of leave,Leave Management,Leave Requests,"the process typically involves submitting a formal leave request specifying the type of leave, dates, and any required documentation through the company's designated system or leave request form."
how can organizations educate employees about the availability and guidelines for various leave types,Leave Management,Leave Types,"education methods include providing clear leave policies and guidelines, conducting orientation sessions, offering informational materials, and ensuring hr personnel are available to answer employee questions."
what is the role of hr departments in managing and overseeing different types of leave,Leave Management,Leave Types,"hr departments manage leave policies, ensure compliance with labor laws, handle documentation, and provide guidance to employees and supervisors regarding the various types of leave available."
how do organizations address cases where employees need to take multiple types of leave simultaneously,Leave Management,Leave Types,"organizations may have policies for coordinating leave types, such as using sick leave for a medical condition during vacation leave or combining parental leave with other applicable leave types."
what are some less common types of leave that organizations may offer,Leave Management,Leave Types,"less common types may include volunteer leave, pet bereavement leave, educational leave, or personal development leave, which are offered to support various aspects of an employee's life and interests."
how can organizations ensure that employees are aware of the eligibility criteria for different leave types,Leave Management,Leave Types,"ensuring awareness involves clearly defining eligibility criteria in leave policies, communicating these criteria to employees, and providing access to information through the organization's hr resources."
what role does employee seniority or tenure play in determining eligibility for different leave types,Leave Management,Leave Types,"seniority or tenure may influence eligibility for certain leave types, with longer-serving employees often entitled to extended leave or additional benefits as a reward for their dedication to the organization."
how can organizations accommodate employees' unique needs for leave that may not fit into standard leave categories,Leave Management,Leave Types,"accommodation involves offering flexible leave options, allowing employees to discuss their needs with hr or supervisors, and developing customized leave plans when necessary to address unique circumstances."
"what are leave policies, and why are they important for organizations and employees",Leave Management,Leave Policies,"leave policies are established guidelines and rules governing the use of various types of leave. they are important as they provide clarity, consistency, and fairness in managing employee time off while complying with legal requirements."
how do organizations create and communicate their leave policies effectively,Leave Management,Leave Policies,"creation involves hr professionals working closely with legal experts to draft comprehensive policies that comply with labor laws. communication methods include distributing policy handbooks, conducting training sessions, and making policies accessible online."
what should organizations consider when setting maximum leave accrual limits in their policies,Leave Management,Leave Policies,"considerations include balancing employee needs with business continuity, ensuring that leave accruals don't become a financial burden, and adhering to any legal requirements or industry standards."
how can organizations address situations where employees exhaust their accrued leave balances,Leave Management,Leave Policies,"policies may provide options such as unpaid leave, using future leave accruals in advance, or granting additional leave in special cases to support employees who have depleted their balances."
what measures can organizations take to prevent leave abuse or excessive absenteeism,Leave Management,Leave Policies,"prevention methods include clearly defining acceptable reasons for taking leave, implementing a leave request process, and monitoring patterns of leave usage to identify potential abuse."
how do organizations handle situations where employees dispute decisions related to leave approval or denial,Leave Management,Leave Policies,"handling disputes may involve having a formal appeals process, allowing employees to provide additional information or documentation, and involving hr or management in reviewing and resolving the disputes."
"what role does flexibility play in modern leave policies, and how can it benefit organizations and employees",Leave Management,Leave Policies,"flexibility allows employees to balance work and personal life effectively. organizations benefit by retaining talent, promoting job satisfaction, and adapting to diverse employee needs and preferences."
how can organizations ensure that their leave policies remain up-to-date with changing labor laws and regulations,Leave Management,Leave Policies,"ensuring compliance involves regular reviews of leave policies, consulting legal experts, and keeping hr professionals informed about changes in labor laws or court decisions that may affect leave policies."
what measures can organizations take to accommodate employees with disabilities or medical conditions within their leave policies,Leave Management,Leave Policies,"accommodation includes offering additional leave or flexible work arrangements, as required by laws like the americans with disabilities act (ada), to support employees with disabilities or medical conditions."
how do organizations balance the need for employee privacy with the requirement for documentation in leave policies,Leave Management,Leave Policies,"balancing involves clearly defining the types of documentation required for various leave requests, ensuring that privacy laws are followed, and restricting access to sensitive medical information to authorized personnel only."
"what are accrual policies, and how do they impact employee leave balances",Leave Management,Accrual Policies,"accrual policies define how employees earn and accumulate leave over time, impacting their leave balances. these policies outline the rate at which employees accrue leave based on factors like tenure, employment type, or hours worked."
how can organizations tailor accrual policies to meet the needs of different employee groups,Leave Management,Accrual Policies,"tailoring involves considering factors like full-time or part-time status, job roles, and seniority levels when defining accrual rates to ensure that various employee groups receive leave benefits that align with their unique situations."
what is the process for employees to understand and keep track of their leave accruals,Leave Management,Leave Balances,"organizations typically provide employees with access to leave balance information through hr systems or pay stubs, and employees can monitor their accruals by checking these sources regularly."
how do organizations manage the transition of new employees into their leave accrual policies,Leave Management,Accrual Policies,"onboarding processes usually include informing new hires about leave accrual policies, explaining how accruals work, and providing guidelines on when and how employees can start using their accrued leave."
how do organizations handle situations where employees transition between full-time and part-time employment,Leave Management,Accrual Policies,"handling typically involves adjusting accrual rates based on changes in employment status, prorating leave accruals for part-time employees, and ensuring continuity in leave policies during transitions."
what steps can organizations take to ensure that accrual policies comply with legal requirements,Leave Management,Accrual Policies,"steps include conducting regular audits, consulting legal experts, staying updated on labor laws, and reviewing policies to ensure compliance with regulations related to leave accruals."
how can organizations communicate changes to accrual policies effectively to their employees,Leave Management,Accrual Policies,"effective communication methods include providing clear and timely notifications of policy changes, offering training or informational sessions, and addressing employee questions or concerns about the updates."
"what role does transparency play in accruing leave policies, and why is it important",Leave Management,Accrual Policies,"transparency ensures that employees understand how their leave accruals work, what factors affect them, and how they can plan their time off effectively, promoting trust and reducing confusion or disputes."
how do organizations address situations where employees have accrued significant amounts of leave,Leave Management,Accrual Policies,"organizations may have policies in place to manage high leave balances, such as allowing employees to donate leave to colleagues in need, capping accruals, or encouraging employees to use their leave."
what is the impact of leave accrual policies on employees' overall compensation packages,Leave Management,Accrual Policies,"leave accrual policies are an essential component of compensation packages, providing employees with paid time off as part of their overall compensation and benefits offerings."
"what is leave without pay (lwop), and when do employees typically use it",Leave Management,Leave Without Pay,"lwop refers to a period during which employees take time off from work without receiving regular pay. employees often use lwop for extended personal leaves, family emergencies, or other situations where paid leave is unavailable or exhausted."
how do organizations handle requests for leave without pay,Leave Management,Leave Without Pay,"organizations typically have procedures in place for employees to request lwop, including submitting formal requests, specifying the duration of the leave, and providing reasons for the request."
can employees retain certain benefits while on leave without pay,Leave Management,Leave Without Pay,"some organizations may allow employees to retain specific benefits, such as health insurance coverage, during lwop periods, while other benefits like paid time off or retirement contributions may be affected or temporarily suspended."
what role do employee contracts or collective bargaining agreements play in lwop policies,Leave Management,Leave Without Pay,"contracts and agreements may specify conditions for lwop, including eligibility criteria, approval processes, and any associated rights or benefits during the leave period, often negotiated by labor unions."
how can organizations ensure that lwop policies comply with labor laws and regulations,Leave Management,Leave Without Pay,"compliance involves reviewing policies in accordance with relevant labor laws, consulting legal experts when necessary, and ensuring that lwop policies align with legal requirements and employee rights."
what measures can organizations take to assist employees who need to take lwop for personal or family reasons,Leave Management,Leave Without Pay,"assistance may include offering resources for financial planning, providing guidance on managing leave without pay, and maintaining open communication to address employees' concerns and needs during the leave period."
how do organizations manage the return of employees from lwop and their reintegration into the workforce,Leave Management,Leave Without Pay,"management typically involves hr processes to ensure a smooth return, including updating records, addressing any benefit changes, and coordinating with supervisors and teams to facilitate reintegration."
"what is the impact of lwop on employees' overall compensation, retirement savings, and career progression",Leave Management,Leave Without Pay,"lwop can impact compensation by reducing earnings during the leave period, affecting retirement savings if contributions are suspended, and potentially delaying career progression, depending on the duration of the leave."
how can organizations promote fairness and consistency in approving lwop requests among employees,Leave Management,Leave Without Pay,"promoting fairness includes having clear lwop policies, training hr personnel on consistent decision-making, and providing employees with access to information on the lwop request process."
what options do organizations have for employees who wish to extend their lwop beyond the initially approved period,Leave Management,Leave Without Pay,"organizations may have procedures for employees to request extensions to lwop, which typically involve submitting formal requests and providing updated information or justifications for the extension."
"what is maternity leave, and how is it typically structured",Leave Management,Maternity Leave,"maternity leave is a type of leave provided to expectant mothers, allowing them time off before and after childbirth. it is structured to include prenatal, postnatal, and recovery periods, with the duration varying by organization and local regulations."
"how do organizations typically handle maternity leave benefits, such as pay and job protection",Leave Management,Maternity Leave,"organizations often provide paid maternity leave, job protection, and benefits like health insurance coverage during maternity leave. policies may vary, but most aim to support mothers during this significant life event."
"are there any eligibility criteria for maternity leave, and how do employees usually request it",Leave Management,Maternity Leave,"eligibility criteria may include length of service and notification requirements. employees typically request maternity leave by notifying hr in advance, providing medical documentation as needed."
what is the impact of maternity leave on an employee's overall compensation and career progression,Leave Management,Maternity Leave,"maternity leave can impact compensation by providing paid time off, and it should not negatively affect career progression. organizations should ensure that employees returning from maternity leave are treated fairly."
how can organizations promote a supportive and inclusive environment for employees taking maternity leave,Leave Management,Maternity Leave,"promotion methods include providing resources for expectant mothers, offering flexible work arrangements, and educating colleagues about the importance of supporting employees during this life stage."
"what is paternity leave, and why is it essential for fathers",Leave Management,Paternity Leave,paternity leave is a type of leave that allows fathers to take time off from work to bond with their newborn or adopted child. it is essential for fathers to participate in the early stages of parenthood and support their families.
"how is paternity leave typically structured, and what benefits do organizations offer to fathers",Leave Management,Paternity Leave,"paternity leave may be structured as paid or unpaid and is usually granted for a specific duration. organizations may offer benefits such as job protection, health insurance coverage, and paid time off for fathers."
"are there any eligibility criteria for paternity leave, and how can employees request it",Leave Management,Paternity Leave,eligibility criteria can vary but often include the status of being a new father. employees typically request paternity leave by notifying hr in advance and following company procedures.
how does paternity leave impact an employee's work-life balance and family support,Leave Management,Paternity Leave,paternity leave positively impacts work-life balance by allowing fathers to spend quality time with their children. it also supports family dynamics by enabling fathers to be actively involved in childcare.
what measures can organizations take to encourage more fathers to take advantage of paternity leave benefits,Leave Management,Paternity Leave,"measures include destigmatizing paternity leave, offering comprehensive benefits, and providing educational materials to help fathers understand their rights and benefits."
"what is parental leave, and how does it benefit all parents, including adoptive parents",Leave Management,Parental Leave,"parental leave is a gender-neutral type of leave designed to support all parents, including adoptive parents, in caring for and bonding with their children. it ensures equitable opportunities for both parents to be present during the early stages of parenthood."
"how is parental leave typically structured, and what benefits do organizations offer to parents",Leave Management,Parental Leave,"parental leave may be structured as paid or unpaid and is often provided for a specific duration. organizations offer benefits like job protection, health insurance coverage, and paid time off to parents."
"are there any eligibility criteria for parental leave, and how can employees request it",Leave Management,Parental Leave,"eligibility criteria may include being a parent, and employees typically request parental leave by notifying hr in advance and following company procedures."
how does parental leave support work-life balance and family well-being,Leave Management,Parental Leave,parental leave enhances work-life balance by enabling parents to actively participate in childcare responsibilities. it contributes to family well-being by promoting equal sharing of caregiving duties.
what role does parental leave play in promoting gender equality in the workplace,Leave Management,Parental Leave,parental leave promotes gender equality by ensuring that both parents have the opportunity to take time off to care for their children. this helps break traditional gender roles and encourages shared responsibilities at home and work.
"what is study leave, and why do organizations offer it to employees",Leave Management,Study Leave,"study leave is a type of leave that allows employees to take time off from work to pursue further education, professional development, or skill enhancement. organizations offer it to support employees' continuous learning and growth."
"how is study leave typically structured, and what benefits do organizations provide to employees during this time",Leave Management,Study Leave,"study leave may be structured as paid or unpaid, and organizations may offer benefits such as job protection, financial support for tuition or training, and flexibility to attend courses or programs."
"are there eligibility criteria for study leave, and how can employees request it",Leave Management,Study Leave,"eligibility criteria can include factors like job performance, length of service, and relevance of the course or program to the employee's role. employees typically request study leave by submitting formal requests with course details."
how does study leave contribute to an employee's professional development and career advancement,Leave Management,Study Leave,"study leave provides employees with the opportunity to acquire new skills, knowledge, and qualifications, which can enhance their career prospects and contribute to their personal growth and job satisfaction."
how can organizations ensure that study leave policies align with their strategic goals and workforce development needs,Leave Management,Study Leave,"alignment involves defining clear objectives for study leave, offering courses relevant to the organization's industry, and supporting employees in acquiring skills that benefit the company."
"what is special leave, and when do organizations grant it to employees",Leave Management,Special Leave,"special leave is a category that encompasses various types of leave granted for unique or exceptional circumstances. organizations grant special leave when employees encounter specific situations, such as religious observances, civic duties, or other exceptional events."
"what is bereavement leave, and why is it important for employees",Leave Management,Bereavement Leave,"bereavement leave is a type of leave that provides employees with time off to cope with the loss of a close family member or loved one. it is important for employees to grieve, attend funerals, and deal with the emotional impact of loss."
"how is bereavement leave typically structured, and what benefits do organizations offer to grieving employees",Leave Management,Bereavement Leave,bereavement leave is usually structured to provide a specific number of days off with pay to attend funeral services and manage personal affairs related to the loss. organizations offer this benefit to support employees during difficult times.
"are there eligibility criteria for bereavement leave, and how can employees request it",Leave Management,Bereavement Leave,eligibility often depends on the relationship to the deceased family member. employees typically request bereavement leave by notifying their supervisors or hr and providing relevant information about the loss.
how can organizations ensure that bereavement leave policies are compassionate and flexible for grieving employees,Leave Management,Bereavement Leave,"ensuring compassion involves offering sufficient leave duration, clear communication, and flexibility in scheduling the leave to accommodate grieving employees' needs and emotional well-being."
what role does bereavement leave play in supporting employees' mental and emotional health during times of loss,Leave Management,Bereavement Leave,"bereavement leave provides employees with the necessary time and space to process grief, seek emotional support, and attend to practical matters without the added stress of work responsibilities."
"what is volunteer leave, and why do organizations offer it to employees",Leave Management,Volunteer Leave,volunteer leave is a type of leave that allows employees to take time off from work to engage in volunteer activities and community service. organizations offer it to encourage social responsibility and community involvement among employees.
"how is volunteer leave typically structured, and what benefits do organizations provide to employees who engage in volunteer work",Leave Management,Volunteer Leave,"volunteer leave may be structured as paid or unpaid, and organizations may offer benefits such as job protection, recognition for volunteer efforts, or support for specific volunteer initiatives."
"are there eligibility criteria for volunteer leave, and how can employees request it",Leave Management,Volunteer Leave,"eligibility criteria can vary, but employees usually need to provide information about the volunteer opportunity, including the organization or cause they plan to support. requests are typically made through hr or supervisors."
how does volunteer leave contribute to an organization's corporate social responsibility (csr) efforts and employee engagement,Leave Management,Volunteer Leave,volunteer leave aligns with csr initiatives by encouraging employees to give back to the community. it also boosts employee engagement by allowing them to participate in meaningful activities beyond their job roles.
what measures can organizations take to track and acknowledge employees' volunteer efforts during their leave,Leave Management,Volunteer Leave,"tracking involves documenting volunteer hours or activities, and acknowledgment can include recognition programs, awards, or publicizing employees' contributions to inspire others."
"what is personal development leave, and why is it beneficial for employees and organizations",Leave Management,Personal Development Leave,"personal development leave is a type of leave that allows employees to take time off for self-improvement, skill development, or pursuing personal interests. it benefits employees by promoting growth and organizations by fostering a motivated workforce."
"how is personal development leave typically structured, and what benefits do organizations offer to employees taking this type of leave",Leave Management,Personal Development Leave,"personal development leave may be structured as paid or unpaid, and benefits can include job protection, financial support for courses or activities, and flexibility in scheduling the leave."
"are there eligibility criteria for personal development leave, and how can employees request it",Leave Management,Personal Development Leave,"eligibility may depend on factors like job performance, length of service, and the relevance of the development activity to the employee's role. employees typically request personal development leave by providing details of the proposed development plan."
"how does personal development leave contribute to an employee's skills, motivation, and overall career growth",Leave Management,Personal Development Leave,"personal development leave allows employees to acquire new skills, knowledge, and experiences that enhance their abilities, boost motivation, and potentially open up new career opportunities."
how can organizations ensure that personal development leave policies align with their workforce's professional growth and long-term goals,Leave Management,Personal Development Leave,"alignment involves offering development opportunities relevant to the organization's industry, supporting employees in achieving their learning goals, and fostering a culture of continuous improvement."
"what is holiday leave, and why do organizations provide it to employees",Leave Management,Holiday Leave,"holiday leave, also known as paid time off (pto) for recognized public holidays, allows employees to take time off with pay on designated holidays. organizations provide it to give employees a break and celebrate important occasions."
"how is holiday leave typically structured, and what benefits do organizations offer to employees on holidays",Leave Management,Holiday Leave,"holiday leave is structured to align with official holidays and provides employees with paid time off. benefits may include additional pay, a day off from work, or alternative holidays if employees work on the actual holiday."
"are there eligibility criteria for holiday leave, and how can employees request it",Leave Management,Holiday Leave,eligibility often depends on the employee's status and the organization's holiday policy. employees can request holiday leave through hr or a designated leave management system.
how does holiday leave contribute to employees' work-life balance and well-being,Leave Management,Holiday Leave,"holiday leave allows employees to relax, spend time with family and friends, and recharge. it contributes to their well-being by promoting a healthy work-life balance."
what measures can organizations take to ensure that employees receive their holiday entitlements and enjoy a positive holiday experience,Leave Management,Holiday Leave,"measures include clear holiday policies, advance notice of holiday schedules, and promoting a culture that encourages employees to take time off to fully enjoy their holidays."
"what is compensatory time off (comp time), and why do organizations offer it to employees",Leave Management,Compensatory Time Off,"compensatory time off, or comp time, allows employees to take paid time off in the future as compensation for working extra hours beyond their regular schedule, usually in lieu of overtime pay. organizations offer it to provide flexibility and recognition for extra effort."
"how is comp time typically structured, and what benefits do organizations provide to employees in the form of comp time",Leave Management,Compensatory Time Off,"comp time is structured to accumulate extra hours worked, which employees can use for future time off. benefits include paid leave, flexibility, and the ability to balance work and personal life."
"are there eligibility criteria for comp time, and how can employees request it",Leave Management,Compensatory Time Off,eligibility often depends on the organization's policy and local labor regulations. employees may request comp time through hr or by following the organization's procedures for documenting extra hours worked.
how does comp time benefit employees and help organizations manage workload fluctuations,Leave Management,Compensatory Time Off,"comp time benefits employees by offering time off with pay, promoting work-life balance, and acknowledging their dedication. it helps organizations by allowing them to manage workloads without incurring additional labor costs."
"what measures can organizations take to ensure that comp time policies are fair, transparent, and accurately tracked",Leave Management,Compensatory Time Off,"measures include clear comp time policies, accurate time tracking systems, regular reviews of comp time balances, and transparent communication with employees about their comp time accruals and usage."
"what is unpaid leave, and why do organizations offer it as a leave option",Leave Management,Unpaid Leave,"unpaid leave allows employees to take time off from work without receiving regular pay. organizations offer it to accommodate personal needs, extended leaves, or situations when paid leave is unavailable or exhausted."
"how is unpaid leave typically structured, and what benefits do organizations provide to employees taking unpaid leave",Leave Management,Unpaid Leave,"unpaid leave is structured as a period during which employees are not paid their regular wages. benefits may include job protection, continuation of certain benefits, and the ability to return to work after the leave."
"are there eligibility criteria for unpaid leave, and how can employees request it",Leave Management,Unpaid Leave,"eligibility criteria can vary, and employees usually request unpaid leave by providing advance notice to their supervisors or hr, specifying the duration and reasons for the request."
how does unpaid leave impact employees' financial well-being and job security,Leave Management,Unpaid Leave,"unpaid leave can impact employees financially by reducing their earnings during the leave period. however, it often provides job security, ensuring that employees can return to their positions after the leave."
what measures can organizations take to support employees taking unpaid leave and facilitate a smooth return to work,Leave Management,Unpaid Leave,"measures include offering resources for financial planning during unpaid leave, providing clear return-to-work guidelines, and ensuring open communication to address employees' concerns during the leave period."
"how is special leave typically structured, and what benefits do organizations provide to employees during special leave",Leave Management,Special Leave,"special leave is structured to accommodate the specific situation, and benefits may include paid or unpaid time off, job protection, and any necessary support or accommodations for employees during the unique circumstances."
"are there eligibility criteria for special leave, and how can employees request it",Leave Management,Special Leave,eligibility often depends on the nature of the special leave situation and the organization's policies. employees can request special leave by notifying hr or their supervisors and providing relevant details about the situation.
how does special leave contribute to employees' well-being and work-life balance during exceptional circumstances,Leave Management,Special Leave,"special leave allows employees to address unique situations, such as family emergencies, religious observances, or civic duties, without worrying about work-related consequences, promoting their well-being and balance."
"what are performance goals, and why are they important for employees and organizations",Performance Management,Performance Goals,"performance goals are specific objectives set by employees and organizations to achieve desired outcomes. they are important for motivation, alignment with company objectives, and measuring success."
"how should performance goals be smart (specific, measurable, achievable, relevant, and time-bound) to be effective",Performance Management,Performance Goals,"smart goals provide clarity by specifying the goal's details, making it measurable, realistic, and time-sensitive, which helps employees focus on achieving them effectively."
what role do managers play in setting and communicating performance goals to their team members,Performance Management,Performance Goals,"managers play a crucial role in facilitating goal setting by discussing objectives, aligning them with organizational goals, and providing guidance and support to help employees achieve them."
how can organizations ensure that performance goals remain relevant and adaptable to changing business priorities,Performance Management,Performance Goals,"organizations should regularly review and adjust goals as needed to align with evolving priorities, market changes, and other factors affecting the business environment."
what measures can organizations take to encourage employee engagement and ownership of their performance goals,Performance Management,Performance Goals,"encouraging ownership involves involving employees in goal setting, providing autonomy, offering support, and recognizing and rewarding achievements related to their goals."
how do performance goals contribute to employee development and career growth,Performance Management,Performance Goals,"performance goals promote skill development, personal growth, and career advancement by challenging employees to improve their abilities and achieve meaningful results."
"what is the difference between short-term and long-term performance goals, and when should each be used",Performance Management,Performance Goals,"short-term goals focus on immediate objectives, while long-term goals encompass broader, future-oriented aspirations. organizations should use both types to balance immediate results with long-range vision."
how can organizations track and measure progress toward achieving performance goals effectively,Performance Management,Performance Goals,"tracking involves using key performance indicators (kpis), performance metrics, and performance reviews to assess progress and make data-driven decisions to support goal attainment."
"how do employees benefit from achieving their performance goals, and how can organizations acknowledge their accomplishments",Performance Management,Performance Goals,"achieving goals provides a sense of accomplishment, satisfaction, and potentially financial rewards. organizations can acknowledge success through recognition programs and performance-based incentives."
"what are the potential challenges or obstacles employees may encounter when working toward their performance goals, and how can these be addressed",Performance Management,Performance Goals,"challenges may include resource limitations, unclear objectives, or unexpected obstacles. addressing these challenges requires open communication, resource allocation, and adaptive planning."
"what is goal setting in the context of performance management, and why is it a fundamental process",Performance Management,Goal Setting,"goal setting involves defining specific objectives that individuals or teams aim to achieve. it is fundamental as it provides direction, motivation, and a clear sense of purpose in the workplace."
how can organizations align individual goals with the overall strategic goals of the company,Performance Management,Goal Setting,"alignment involves ensuring that individual goals support and contribute to the organization's strategic objectives. this can be achieved through regular communication, cascading goals, and performance reviews."
"what is the role of feedback in the goal-setting process, and how can it enhance goal quality",Performance Management,Goal Setting,"feedback helps employees refine their goals by providing insights into their feasibility, relevance, and alignment with organizational goals. regular feedback loops lead to higher-quality goals."
how do employees prioritize and set challenging yet achievable goals that promote personal growth and contribute to organizational success,Performance Management,Goal Setting,prioritization involves considering the most critical objectives while setting goals that stretch employees' abilities and align with their development and the company's strategic direction.
"what techniques or methodologies can employees use to break down larger, complex goals into manageable tasks and milestones",Performance Management,Goal Setting,"techniques include breaking goals into smaller, measurable steps, setting deadlines, and using project management tools to track progress and maintain focus."
what strategies can organizations employ to foster a goal-setting culture that encourages continuous improvement and innovation,Performance Management,Goal Setting,"strategies include promoting open communication, recognizing and celebrating goal achievement, and encouraging employees to set stretch goals that drive innovation and development."
"how can organizations ensure that the goal-setting process remains transparent, fair, and inclusive for all employees",Performance Management,Goal Setting,"transparency is achieved by providing access to goal-setting processes and criteria. fairness involves equitable distribution of resources and opportunities, and inclusivity considers diverse perspectives and needs."
"what are the potential risks of setting overly ambitious or unrealistic goals, and how can organizations mitigate these risks",Performance Management,Goal Setting,"risks include burnout, demotivation, and potential negative impacts on work-life balance. mitigation strategies involve setting challenging yet attainable goals, monitoring progress, and providing support when needed."
how can organizations promote flexibility in the goal-setting process to adapt to changing circumstances and market dynamics,Performance Management,Goal Setting,"flexibility is promoted by allowing goals to be adjusted or reevaluated as needed, especially when external factors or business priorities shift unexpectedly."
"what role does accountability play in goal setting, and how can organizations hold employees accountable for achieving their objectives",Performance Management,Goal Setting,"accountability ensures that employees take responsibility for their goals. organizations can hold employees accountable through regular performance reviews, feedback, and recognition programs."
"what is goal monitoring, and why is it essential in the performance management process",Performance Management,Goal Monitoring,"goal monitoring involves tracking progress toward achieving set objectives. it is essential as it provides real-time feedback, identifies potential issues, and allows for course correction."
what key performance indicators (kpis) and metrics can organizations use to measure progress effectively,Performance Management,Goal Monitoring,"kpis and metrics vary by industry and goal type but can include financial metrics, productivity indicators, customer satisfaction scores, and project milestones, among others."
how can employees and managers collaborate to ensure that goals remain on track and aligned with strategic objectives,Performance Management,Goal Monitoring,"collaboration involves regular check-ins, open communication, and adjusting goals or strategies when necessary. managers play a role in providing guidance and resources to support goal attainment."
"what are the potential challenges employees may face when monitoring their goals, and how can organizations provide support",Performance Management,Goal Monitoring,"challenges include resource limitations, unexpected obstacles, and data gaps. organizations can provide support through additional training, resources, and problem-solving assistance."
how can organizations encourage proactive problem-solving and decision-making when issues arise during goal monitoring,Performance Management,Goal Monitoring,"encouragement can be achieved through a culture that values transparency, encourages sharing of challenges, and empowers employees to make informed decisions to address issues promptly."
what role does real-time data and technology play in facilitating goal monitoring and performance analysis,Performance Management,Goal Monitoring,"real-time data and technology enable immediate access to performance metrics, allowing for rapid decision-making and adjustments as well as automated reporting and analysis."
"how can organizations ensure that the goal-monitoring process is objective, fair, and free from biases",Performance Management,Goal Monitoring,"ensuring objectivity involves using standardized criteria and data, providing clear guidelines for assessment, and conducting periodic reviews to identify and address potential biases."
how do organizations use performance dashboards and reporting tools to communicate progress and performance outcomes effectively,Performance Management,Goal Monitoring,"dashboards and reporting tools provide visual representations of performance data, making it easier for stakeholders to understand and act on information related to goal progress and outcomes."
what measures can organizations take to encourage continuous improvement in the goal-monitoring process,Performance Management,Goal Monitoring,"continuous improvement involves collecting feedback from employees and managers, identifying bottlenecks, and implementing changes to streamline the monitoring process and enhance its effectiveness."
how can organizations ensure that goal-monitoring processes remain adaptable to evolving business needs and priorities,Performance Management,Goal Monitoring,"adaptability involves regular reviews of monitoring procedures and adjusting them to align with changing circumstances, goals, and market dynamics."
"what are performance reviews, and why are they a crucial component of performance management",Performance Management,Performance Reviews,"performance reviews are formal assessments of an employee's performance over a specified period. they are crucial for providing feedback, setting expectations, and supporting employee development."
how can organizations determine the frequency and timing of performance reviews to suit their needs and culture,Performance Management,Performance Reviews,"frequency and timing can vary, but common options include annual, semi-annual, quarterly, or continuous feedback reviews. organizations should choose a schedule that aligns with their goals and culture."
what are the key components and objectives of an effective performance review process,Performance Management,Performance Reviews,"key components include goal evaluation, feedback, self-assessment, development planning, and career discussions. objectives include performance improvement, recognition, and alignment with organizational goals."
how can managers and employees prepare for performance reviews to ensure productive discussions and outcomes,Performance Management,Performance Reviews,"preparation involves gathering data, reflecting on achievements and challenges, setting specific discussion topics, and ensuring a collaborative and constructive tone during the review."
"what are the potential challenges in conducting performance reviews, and how can organizations address them",Performance Management,Performance Reviews,"challenges may include bias, subjectivity, discomfort, and miscommunication. addressing them involves training reviewers, providing clear guidelines, and promoting open and constructive feedback."
"how do organizations use performance reviews to identify employees' strengths, areas for improvement, and potential development opportunities",Performance Management,Performance Reviews,"performance reviews help identify strengths to leverage and areas for improvement to address through training, coaching, or mentoring. they also highlight opportunities for career development."
what measures can organizations take to ensure that performance reviews remain a fair and unbiased process for all employees,Performance Management,Performance Reviews,"measures include training managers in objective assessment, using standardized evaluation criteria, conducting calibration sessions, and regularly reviewing and adjusting review processes."
"how do performance reviews contribute to employee motivation and engagement, and how can organizations leverage this for improved performance",Performance Management,Performance Reviews,"performance reviews provide recognition, motivation, and opportunities for career growth, which can enhance employee engagement and commitment. organizations can leverage this by aligning performance outcomes with rewards and career development plans."
what role does ongoing feedback and coaching play in complementing the formal performance review process,Performance Management,Performance Reviews,"ongoing feedback and coaching provide timely support, address issues as they arise, and ensure that employees receive continuous guidance to meet their goals and improve performance."
how can organizations use the insights gained from performance reviews to inform talent management strategies and workforce planning,Performance Management,Performance Reviews,"insights from reviews can inform decisions related to promotions, succession planning, skills development, and talent acquisition, helping organizations align their workforce with strategic objectives."
"what are performance appraisals, and how do they differ from performance reviews",Performance Management,Performance Appraisals,"performance appraisals are formal evaluations that assess an employee's performance and are often linked to compensation decisions. they differ from reviews, which focus on feedback and development."
"how do organizations use performance appraisals to make decisions regarding employee compensation, rewards, and recognition",Performance Management,Performance Appraisals,"performance appraisals provide data on an employee's performance, which can inform compensation decisions, bonus allocations, and recognition programs based on achievements and contributions."
"what are the key steps in conducting a performance appraisal, from setting objectives to delivering feedback and outcomes",Performance Management,Performance Appraisals,"key steps include goal setting, data collection, evaluation, performance discussion, feedback delivery, goal alignment, and setting development plans or improvement goals."
"how can organizations ensure that performance appraisals are conducted fairly, consistently, and without bias",Performance Management,Performance Appraisals,"ensuring fairness involves using standardized criteria, providing training to appraisers, conducting calibration sessions, and having multiple perspectives for assessment."
"how do organizations use the results of performance appraisals to inform talent management decisions, such as promotions or succession planning",Performance Management,Performance Appraisals,"appraisal results help identify high-potential employees, assess readiness for leadership roles, and inform succession planning by aligning individual performance with organizational needs."
"what role does self-assessment play in the performance appraisal process, and how can employees provide meaningful self-assessments",Performance Management,Performance Appraisals,"self-assessment allows employees to reflect on their performance, strengths, and areas for improvement. meaningful self-assessments involve honesty, specific examples, and alignment with goals and expectations."
how can organizations use performance appraisals as a tool for employee development and skill enhancement rather than solely for evaluation,Performance Management,Performance Appraisals,"using appraisals for development involves setting improvement goals, offering training and coaching, and providing resources to help employees enhance their skills and performance."
"what are the potential challenges in conducting performance appraisals, and how can organizations overcome them",Performance Management,Performance Appraisals,"challenges may include resistance, discomfort, and the need for accurate data. overcoming them involves clear communication, training, and addressing issues proactively during the appraisal process."
"how can organizations ensure that performance appraisals contribute positively to employee motivation, engagement, and job satisfaction",Performance Management,Performance Appraisals,"positive contributions are achieved by linking appraisals to career development, recognizing achievements, and providing feedback that helps employees grow and improve their performance."
how do organizations adapt their performance appraisal processes to remote or virtual work environments,Performance Management,Performance Appraisals,"adaptations involve using technology for virtual meetings, establishing clear communication channels, and ensuring that remote employees receive equitable appraisal processes and feedback."
"what is feedback in the context of performance management, and why is it essential for employee development",Performance Management,Feedback,"feedback is information provided to employees regarding their performance, behaviors, or results. it is essential as it guides improvement, supports growth, and enhances performance."
how can organizations create a culture of continuous feedback that encourages regular communication between managers and employees,Performance Management,Feedback,"a culture of continuous feedback involves open communication channels, encouraging two-way feedback, and promoting a growth mindset that values improvement and development."
"what are the different types of feedback, including positive, constructive, and developmental, and how should they be delivered",Performance Management,Feedback,"types include positive reinforcement, constructive criticism, and developmental feedback. delivery should be timely, specific, and focus on behaviors and outcomes rather than personal attributes."
how can managers provide effective feedback that motivates employees and helps them achieve their goals,Performance Management,Feedback,"effective feedback should be specific, actionable, balanced, and goal-oriented. it should also recognize achievements and provide guidance for improvement."
"what role does regular, ongoing feedback play in addressing performance issues promptly and supporting employee growth",Performance Management,Feedback,"regular feedback allows for immediate course correction, prevents performance issues from escalating, and supports employees in achieving their goals by addressing challenges in real-time."
"how can organizations ensure that feedback is fair, unbiased, and based on objective criteria rather than personal opinions",Performance Management,Feedback,"ensuring fairness involves using standardized evaluation criteria, training managers in objective assessment, and conducting calibration sessions to align feedback with performance standards."
"what strategies can organizations use to encourage employees to actively seek and receive feedback from peers, subordinates, and supervisors",Performance Management,Feedback,"strategies include setting expectations for feedback-seeking behavior, creating a safe and non-judgmental feedback environment, and recognizing and rewarding feedback-driven initiatives."
"how can feedback contribute to enhancing teamwork, collaboration, and communication within organizations",Performance Management,Feedback,"feedback fosters open communication, builds trust, and promotes a culture of accountability, which, in turn, enhances teamwork, collaboration, and the exchange of ideas and information."
"what are the potential challenges in giving and receiving feedback, and how can organizations and employees overcome these challenges",Performance Management,Feedback,"challenges may include discomfort, fear of conflict, and miscommunication. overcoming them involves training, creating a supportive feedback culture, and providing guidance on giving and receiving feedback effectively."
how do organizations use feedback as a tool for recognizing and rewarding employees for their contributions and accomplishments,Performance Management,Feedback,"feedback can be tied to recognition programs, performance-based incentives, and public acknowledgment of employees' achievements and contributions."
"what is the relationship between feedback and performance appraisals, and how do they complement each other in performance management",Performance Management,Feedback and Appraisals,"feedback and performance appraisals are interconnected. feedback provides real-time guidance and development, while appraisals offer formal assessments and evaluations of performance."
how can organizations integrate feedback into the performance appraisal process to provide a comprehensive evaluation of employees' performance,Performance Management,Feedback and Appraisals,"integration involves using feedback collected throughout the appraisal period to inform the appraisal discussion, set goals, and identify areas for improvement or recognition."
what role does ongoing feedback play in shaping an employee's performance and behavior leading up to a formal performance appraisal,Performance Management,Feedback and Appraisals,"ongoing feedback serves as a guide for improvement, aligning employee actions with expectations and goals before the formal appraisal takes place."
"how can organizations ensure that feedback provided during performance appraisals is balanced, fair, and supported by evidence and data",Performance Management,Feedback and Appraisals,"ensuring fairness involves using standardized criteria and data, training appraisers, and conducting calibration sessions to align feedback with performance standards and eliminate biases."
what measures can organizations take to ensure that the feedback and appraisal process is a constructive and developmental experience for employees,Performance Management,Feedback and Appraisals,"measures include offering training to appraisers on providing effective feedback, creating a safe and non-judgmental appraisal environment, and emphasizing both recognition and development in the process."
"how do organizations use feedback and performance appraisals as tools for employee engagement, motivation, and retention",Performance Management,Feedback and Appraisals,"feedback and appraisals recognize achievements, support development, and provide opportunities for growth, which enhance employee engagement, motivation, and job satisfaction."
"what strategies can organizations use to encourage open and honest feedback during performance appraisals, fostering meaningful discussions",Performance Management,Feedback and Appraisals,"strategies include setting clear expectations for feedback, encouraging self-assessment, addressing concerns, and emphasizing a growth-oriented and non-punitive approach to appraisals."
how can organizations ensure that feedback provided during appraisals leads to concrete action plans for employee development and improvement,Performance Management,Feedback and Appraisals,"ensuring action plans involves setting specific goals, identifying resources for improvement, and providing ongoing support and follow-up to track progress and success."
"what are the potential challenges or misconceptions that employees may have about feedback and appraisals, and how can organizations address them",Performance Management,Feedback and Appraisals,"challenges may include anxiety, fear of negative consequences, and misperceptions about the purpose of feedback and appraisals. addressing them involves communication, transparency, and education on the benefits of the process."
how do organizations use feedback and appraisals to identify high-potential employees and provide them with opportunities for career advancement,Performance Management,Feedback and Appraisals,"feedback and appraisals help identify employees with strong performance and leadership potential, allowing organizations to invest in their development and career progression."
"what is 360-degree feedback, and how does it differ from traditional feedback methods",Performance Management,360-Degree Feedback,"360-degree feedback, also known as multi-rater feedback, involves collecting input from multiple sources, including supervisors, peers, subordinates, and self-assessment. it differs from traditional feedback, which typically comes from one source."
how can organizations implement 360-degree feedback processes effectively to gather diverse perspectives on an employee's performance,Performance Management,360-Degree Feedback,"effective implementation involves designing a structured process, ensuring confidentiality, training participants, and using technology to collect and analyze feedback."
"what are the benefits of using 360-degree feedback for employees, including a broader range of input and perspectives",Performance Management,360-Degree Feedback,"benefits include a more comprehensive understanding of strengths and areas for improvement, increased self-awareness, and opportunities for personal and professional growth."
"what challenges can arise when using 360-degree feedback, and how can organizations mitigate these challenges",Performance Management,360-Degree Feedback,"challenges may include conflicting feedback, biases, and concerns about confidentiality. mitigation strategies involve communication, clear guidelines, and anonymity safeguards."
how can organizations use 360-degree feedback results to facilitate productive discussions and create actionable development plans,Performance Management,360-Degree Feedback,"productive discussions involve reviewing feedback, identifying common themes, setting goals, and creating a development plan that leverages strengths and addresses weaknesses."
how does 360-degree feedback contribute to leadership development and succession planning within organizations,Performance Management,360-Degree Feedback,"360-degree feedback helps identify leadership potential, assess leadership skills, and inform succession planning by providing a holistic view of an individual's performance and impact on others."
what measures can organizations take to ensure that participants in the 360-degree feedback process provide constructive and actionable input,Performance Management,360-Degree Feedback,"measures include providing training on giving feedback, emphasizing the importance of constructive input, and fostering a culture of openness and collaboration among participants."
how do organizations ensure that 360-degree feedback processes remain confidential and that participants feel comfortable providing honest input,Performance Management,360-Degree Feedback,"ensuring confidentiality involves using third-party survey tools, aggregating feedback to protect anonymity, and communicating safeguards to participants to build trust in the process."
what role does follow-up and support play in helping employees act on the feedback received through the 360-degree feedback process,Performance Management,360-Degree Feedback,"follow-up involves providing resources, coaching, and ongoing support to help employees work on their development areas and leverage their strengths based on the feedback received."
how can organizations use 360-degree feedback to foster a culture of continuous improvement and development among employees,Performance Management,360-Degree Feedback,"using 360-degree feedback as a developmental tool involves promoting a growth mindset, recognizing and celebrating progress, and encouraging regular feedback and self-assessment."
"what are self-assessments in the context of performance management, and why are they valuable for employees",Performance Management,Self-Assessments,"self-assessments are evaluations that employees conduct on their own performance and skills. they are valuable for promoting self-awareness, setting development goals, and taking ownership of one's growth."
how can organizations encourage employees to engage in self-assessment as a means of self-reflection and personal development,Performance Management,Self-Assessments,"encouragement involves promoting the benefits of self-assessment, providing guidance on the process, and integrating self-assessment into the performance management cycle."
"what steps can employees take to conduct meaningful self-assessments, identify strengths and weaknesses, and set development goals",Performance Management,Self-Assessments,"steps include reflecting on accomplishments, seeking feedback from others, self-reflection, setting specific goals, and creating an action plan for improvement."
"how do self-assessments contribute to employee growth, self-improvement, and personal development within organizations",Performance Management,Self-Assessments,"self-assessments provide a foundation for self-improvement by promoting self-awareness, identifying areas for development, and setting the stage for targeted skill enhancement and growth."
"what measures can organizations take to ensure that self-assessments remain objective, constructive, and aligned with organizational goals",Performance Management,Self-Assessments,"measures include providing guidelines for self-assessment, offering resources for skill development, and integrating self-assessment results into performance discussions and development plans."
"how can organizations use self-assessments as a tool for employee empowerment, engagement, and accountability in their own development",Performance Management,Self-Assessments,"empowerment is achieved by giving employees ownership of their growth, allowing them to set their goals, and providing resources and support to help them achieve those goals."
"what role does self-assessment play in employees' career development, skill acquisition, and readiness for new roles or responsibilities",Performance Management,Self-Assessments,"self-assessment helps employees identify skills needed for career advancement, assess their readiness for new roles, and create development plans to acquire the necessary skills and experiences."
"how can organizations use self-assessments to complement external assessments, such as 360-degree feedback or performance appraisals",Performance Management,Self-Assessments,"self-assessments provide employees' perspectives, which can be compared to external assessments to identify alignment or discrepancies and tailor development plans accordingly."
how do self-assessments contribute to a culture of continuous learning and self-improvement within organizations,Performance Management,Self-Assessments,"self-assessments promote a growth mindset, encourage regular reflection, and foster a culture where employees actively seek opportunities to learn, grow, and enhance their skills."
what role does feedback from managers and peers play in complementing self-assessments and enhancing their effectiveness,Performance Management,Self-Assessments,"feedback provides additional perspectives and insights, validating self-assessment findings and helping employees gain a well-rounded understanding of their performance and areas for improvement."
"what are development plans in the context of performance management, and why are they important for employees' growth and success",Performance Management,Development Plans,"development plans outline specific steps, goals, and resources needed for an employee's professional growth and skill development. they are important for guiding improvement and achieving career objectives."
how can organizations assist employees in creating effective development plans that align with their career goals and the organization's needs,Performance Management,Development Plans,"assistance involves offering guidance, training, and resources for goal setting, skill development, and creating actionable plans that align with both individual and organizational objectives."
what elements should be included in a development plan to make it comprehensive and actionable,Performance Management,Development Plans,"elements may include specific goals, timelines, learning objectives, resources, milestones, and criteria for success, ensuring that the plan is detailed and actionable."
"how do development plans contribute to employees' career growth, skill enhancement, and readiness for new roles or responsibilities",Performance Management,Development Plans,"development plans provide a roadmap for employees to acquire new skills, address development areas, and prepare for advancement opportunities within the organization."
"what measures can organizations take to ensure that development plans remain adaptable to changing circumstances, goals, and market dynamics",Performance Management,Development Plans,"adaptability is promoted by regularly reviewing and updating development plans, providing flexibility, and aligning them with evolving business needs and employee aspirations."
how can organizations foster a culture where employees actively participate in their own development by creating and following through on their development plans,Performance Management,Development Plans,"fostering participation involves promoting a growth mindset, recognizing and celebrating progress, and providing support and resources for skill enhancement and goal achievement."
"what role do managers and mentors play in helping employees implement their development plans, and how can they provide effective support",Performance Management,Development Plans,"managers and mentors offer guidance, resources, feedback, and coaching to support employees in executing their development plans, aligning with their career goals, and addressing challenges as they arise."
how can organizations use development plans as a tool for identifying high-potential employees and grooming them for leadership roles,Performance Management,Development Plans,"development plans help organizations identify high-potential individuals, assess their readiness for leadership, and provide tailored experiences and development opportunities to prepare them for leadership positions."
"how do development plans contribute to employee engagement, job satisfaction, and retention within organizations",Performance Management,Development Plans,"development plans provide employees with opportunities for skill enhancement, career progression, and achieving their goals, which enhances their engagement, satisfaction, and commitment to the organization."
what strategies can organizations use to evaluate the effectiveness of development plans and their impact on employee growth and performance,Performance Management,Development Plans,"strategies include measuring progress, collecting feedback from employees, conducting periodic reviews, and using performance data to assess the impact of development plans on individual and organizational success."
"what are training needs assessments in the context of performance management, and why are they important for employees and organizations",Performance Management,Training Needs,training needs assessments identify skill gaps and development areas that require training or education to enhance employees' performance and contribute to organizational goals. they are important for aligning skills with business needs.
how can organizations conduct effective training needs assessments to identify the specific skills and competencies employees require for their roles,Performance Management,Training Needs,"effective assessments involve gathering input from managers, employees, performance data analysis, and considering industry trends to pinpoint training needs accurately."
what role does individual development planning play in addressing employees' unique training needs and career aspirations,Performance Management,Training Needs,"individual development planning tailors training needs to individual goals, allowing employees to acquire skills aligned with their career aspirations and the organization's requirements."
how can organizations prioritize training needs and allocate resources effectively to ensure that employees receive the necessary development opportunities,Performance Management,Training Needs,"prioritization involves considering critical skills, business impact, employee career goals, and available resources to allocate training opportunities where they are needed most."
what measures can organizations take to ensure that training programs are designed and delivered effectively to address identified training needs,Performance Management,Training Needs,"effective training programs are designed based on learner needs, use engaging and relevant content, provide opportunities for practice, and incorporate assessment and feedback mechanisms."
how do training and development initiatives contribute to employee performance improvement and skill enhancement within organizations,Performance Management,Training Needs,"training and development initiatives equip employees with the skills and knowledge required to perform their roles effectively, resulting in improved performance and skill enhancement."
"how can organizations ensure that training and development opportunities are accessible to all employees, regardless of their location or work arrangements",Performance Management,Training Needs,"accessibility is achieved by offering remote and online training options, accommodating various learning styles, and providing resources to support training in different work environments."
how does ongoing evaluation and feedback play a role in measuring the effectiveness of training programs and addressing any gaps in skill development,Performance Management,Training Needs,"evaluation involves collecting feedback from participants, assessing performance improvements, and making adjustments to training programs to address gaps and enhance effectiveness continually."
"what role does continuous learning play in employees' readiness to adapt to changing job roles, technologies, and industry trends",Performance Management,Training Needs,"continuous learning fosters adaptability, ensuring that employees can acquire new skills and stay updated on industry developments, positioning them to excel in evolving roles and environments."
how do organizations use training and development as a tool for attracting and retaining top talent and demonstrating commitment to employee growth,Performance Management,Training Needs,"offering robust training and development programs signals that an organization values its employees, making it an attractive place to work and contributing to talent attraction and retention."
"what is career development in the context of performance management, and why is it important for employees and organizations",Performance Management,Career Development,"career development involves planning and actions taken to achieve one's career goals and aspirations. it is important for employees' growth, job satisfaction, and organizational succession planning."
"how can organizations support employees in their career development by offering guidance, resources, and growth opportunities",Performance Management,Career Development,"support involves providing mentorship, training, advancement opportunities, career paths, and resources to help employees progress in their careers within the organization."
"what role does goal alignment play in career development, and how can organizations help employees align their goals with the company's objectives",Performance Management,Career Development,alignment involves ensuring that individual career goals are consistent with the organization's strategic direction. organizations can help by communicating goals and providing opportunities that align with employee aspirations.
how can employees identify and leverage their strengths and skills to create a meaningful and successful career path,Performance Management,Career Development,"identifying strengths involves self-assessment, feedback, and recognizing areas of competence. leveraging them means seeking roles or projects that capitalize on these strengths for career advancement."
"what are the potential challenges or barriers that employees may face in their career development, and how can organizations help overcome these challenges",Performance Management,Career Development,"challenges may include lack of opportunities, skill gaps, or uncertainty. overcoming them involves offering development programs, mentorship, and clear communication about career paths."
how can organizations use succession planning and talent development to prepare employees for leadership roles and ensure a smooth transition in key positions,Performance Management,Career Development,"succession planning identifies and develops employees with leadership potential, providing them with experiences and training to prepare for future leadership roles, which benefits organizational continuity."
what strategies can organizations use to create a culture that encourages employees to take ownership of their career development and set ambitious goals,Performance Management,Career Development,"strategies include promoting a growth mindset, recognizing and rewarding career development efforts, and offering a structured career planning process that empowers employees to set ambitious goals."
"how does career development contribute to employee engagement, job satisfaction, and long-term retention within organizations",Performance Management,Career Development,"career development provides employees with opportunities for advancement, skill acquisition, and achieving their career aspirations, leading to increased engagement, job satisfaction, and commitment to the organization."
what role does feedback and performance appraisals play in helping employees identify areas for improvement and tailor their career development plans accordingly,Performance Management,Career Development,"feedback and appraisals provide insights into areas needing improvement, helping employees create targeted career development plans to address skill gaps and achieve their career objectives."
how can organizations use career development opportunities as a tool for attracting top talent and demonstrating commitment to employees' long-term growth and success,Performance Management,Career Development,"offering robust career development opportunities makes an organization an attractive place to work, attracting top talent, and enhancing its reputation as an employer of choice."
"what is the purpose of training programs in organizations, and how do they contribute to employee development",Training and Development,Training Programs,"training programs aim to enhance employees' skills and knowledge, leading to improved performance, productivity, and career growth opportunities."
how can organizations design effective training programs that align with their business goals and address specific skill gaps,Training and Development,Training Programs,"effective training program design involves conducting needs assessments, setting clear objectives, choosing appropriate delivery methods, and evaluating outcomes."
what role does the identification of training needs play in tailoring training programs to meet the unique requirements of employees and the organization,Training and Development,Training Programs,"identifying training needs ensures that programs focus on addressing specific skill gaps, resulting in more targeted and impactful training experiences."
"how do organizations measure the success and impact of their training programs, and why is this assessment crucial for continuous improvement",Training and Development,Training Programs,"organizations measure success through metrics like performance improvement, knowledge retention, and feedback. assessment is crucial for refining programs and ensuring they align with goals."
how can organizations use technology and e-learning platforms to enhance the accessibility and effectiveness of their training programs,Training and Development,Training Programs,"technology and e-learning platforms provide flexible and convenient training options, allowing employees to access materials and courses remotely and at their own pace."
what strategies can organizations employ to create a culture of continuous learning and encourage employees to participate in training programs,Training and Development,Training Programs,"strategies include promoting the value of learning, recognizing and rewarding participation, offering diverse training opportunities, and fostering a growth mindset."
how do organizations ensure that training programs remain up-to-date and relevant in rapidly evolving industries and job roles,Training and Development,Training Programs,"keeping programs relevant involves regular review, incorporating industry trends, seeking feedback from learners, and collaborating with subject matter experts."
"what challenges can organizations face when implementing large-scale training programs, and how can they overcome these challenges",Training and Development,Training Programs,"challenges may include resource constraints, resistance to change, and scalability issues. overcoming them requires careful planning, communication, and effective change management strategies."
"how can organizations ensure that training programs are inclusive and accessible to all employees, regardless of their backgrounds or abilities",Training and Development,Training Programs,"ensuring inclusivity involves providing materials in multiple formats, accommodating different learning styles, and considering the needs of diverse learners, including those with disabilities."
"what are the potential benefits of offering on-the-job training programs, and how do they differ from traditional classroom-based training",Training and Development,Training Programs,on-the-job training offers practical experience and immediate application of skills. it differs from classroom-based training by providing hands-on learning within the work environment.
how do organizations select appropriate training courses to meet the specific needs of their employees and departments,Training and Development,Training Courses,"selection involves identifying desired outcomes, assessing skill gaps, considering available options, and aligning course content with organizational goals."
"what are the advantages of offering a variety of training courses, including instructor-led, online, and self-paced options, to accommodate diverse learning styles",Training and Development,Training Courses,"offering diverse options caters to different preferences and schedules, enhancing engagement and ensuring that training is accessible to all employees."
how can organizations evaluate the quality and effectiveness of external training courses or providers before selecting them for employee development,Training and Development,Training Courses,"evaluation includes assessing course content, trainer qualifications, past participant reviews, and alignment with organizational needs and goals."
"what measures can organizations take to ensure that employees actively engage with and complete training courses, maximizing the benefits of the learning experience",Training and Development,Training Courses,"measures include setting clear expectations, providing incentives, offering support and resources, and fostering a culture of learning and development."
how do organizations strike a balance between standardizing training courses for consistency and tailoring them to address department-specific needs,Training and Development,Training Courses,balancing involves creating core content that addresses common skills while allowing customization or additional modules to meet department-specific requirements.
what role do feedback and evaluation play in continuously improving and updating training courses to meet evolving business needs,Training and Development,Training Courses,"feedback and evaluation provide insights into course effectiveness, allowing organizations to make necessary adjustments, update content, and ensure courses remain relevant."
how can organizations ensure that training courses incorporate interactive elements and engage learners effectively to enhance knowledge retention,Training and Development,Training Courses,"incorporating interactivity involves using quizzes, simulations, discussions, and real-world scenarios to actively involve learners and reinforce learning outcomes."
what strategies can organizations use to track and manage employee progress in completing training courses and meeting certification requirements,Training and Development,Training Courses,"strategies include using learning management systems (lms), creating progress checkpoints, and providing timely reminders and notifications to employees."
how can organizations promote a culture of continuous learning where employees are encouraged to seek out and enroll in relevant training courses independently,Training and Development,Training Courses,"promoting such a culture involves communication of opportunities, providing resources for self-driven learning, recognizing achievements, and showcasing success stories."
what are the potential benefits of offering mobile-friendly training courses that allow employees to access learning materials on their smartphones or tablets,Training and Development,Training Courses,"mobile-friendly courses offer flexibility and convenience, enabling employees to learn on-the-go and providing just-in-time access to information when needed."
how do organizations create effective training materials that facilitate learning and support skill development,Training and Development,Training Materials,"effective materials are created by aligning content with learning objectives, using clear language and visuals, and providing practical examples and exercises."
what role does the structure and organization of training materials play in helping learners navigate and absorb course content effectively,Training and Development,Training Materials,"well-structured materials provide clear pathways, break down complex concepts, and use headings, bullet points, and visuals to enhance comprehension and retention."
"how can organizations ensure that training materials are accessible to all employees, including those with disabilities or language barriers",Training and Development,Training Materials,"ensuring accessibility involves offering materials in multiple formats, providing text-to-speech options, and considering language translations or subtitles as needed."
"what are the best practices for incorporating multimedia elements, such as videos, infographics, and animations, into training materials to enhance engagement and understanding",Training and Development,Training Materials,"best practices include using multimedia selectively to illustrate key points, keeping content concise, and ensuring compatibility with various devices and bandwidths."
how can organizations maintain consistency and version control when updating training materials to reflect changes in processes or policies,Training and Development,Training Materials,"consistency is maintained through a centralized repository, version control, and clear communication to ensure that all employees access the most current materials."
what measures can organizations take to protect the intellectual property and confidentiality of their training materials when sharing them with employees or external parties,Training and Development,Training Materials,"measures include using secure platforms, applying access controls, and ensuring that sensitive information is not disclosed in publicly accessible materials."
how can organizations use analytics and user feedback to assess the effectiveness of training materials and make data-driven improvements,Training and Development,Training Materials,"analytics track user engagement and completion rates, while feedback surveys gather input for material enhancements, enabling organizations to continually refine their content."
"how do organizations ensure that training materials are culturally sensitive and inclusive, respecting the diverse backgrounds and perspectives of their employees",Training and Development,Training Materials,"ensuring cultural sensitivity involves reviewing materials for potential biases, providing context, and considering cultural nuances to make content inclusive and relatable."
what strategies can organizations use to maintain training materials' relevance and accuracy in dynamic industries where information may quickly become outdated,Training and Development,Training Materials,"strategies include regular content reviews, involving subject matter experts, and establishing a process for timely updates to reflect industry changes and best practices."
how can organizations provide ongoing support and resources to employees who require assistance or have questions related to training materials,Training and Development,Training Materials,"support includes help desks, faqs, peer mentoring, and designated trainers who can assist employees in navigating and understanding training materials."
"what is skill development, and why is it a critical aspect of employee growth and organizational success",Training and Development,Skill Development,"skill development involves acquiring new competencies or enhancing existing ones. it is critical for remaining competitive, adapting to change, and achieving strategic goals."
how can organizations assess the current skill levels of their employees to identify areas for improvement and tailor skill development programs,Training and Development,Skill Development,"assessment methods may include self-assessment, performance reviews, skill tests, and feedback from managers or peers to pinpoint areas for development."
what strategies can organizations use to create personalized skill development plans that cater to individual employees' goals and growth trajectories,Training and Development,Skill Development,"personalization involves setting clear objectives, identifying relevant courses or experiences, and aligning plans with both employee aspirations and organizational needs."
how can employees take ownership of their skill development and proactively seek opportunities to acquire new skills or refine existing ones,Training and Development,Skill Development,"ownership involves self-assessment, setting goals, seeking mentorship, pursuing training, and continuously seeking opportunities to apply and reinforce skills."
what role does ongoing feedback and performance appraisals play in helping employees track their skill development progress and make necessary adjustments,Training and Development,Skill Development,"feedback and appraisals provide insights into areas needing improvement, enabling employees to update their skill development plans and focus on specific competencies."
how can organizations foster a learning culture where employees are encouraged to continuously develop their skills and stay updated on industry trends,Training and Development,Skill Development,"fostering a learning culture involves leadership support, providing resources, offering recognition for learning achievements, and showcasing the benefits of skill development."
"what are the potential benefits of cross-functional skill development, where employees acquire skills outside their primary job roles or departments",Training and Development,Skill Development,"cross-functional development enhances adaptability, innovation, and collaboration, as employees gain a broader skill set and can contribute in various capacities within the organization."
how do organizations measure the return on investment (roi) of skill development initiatives and assess their impact on employee performance and organizational success,Training and Development,Skill Development,"roi measurement includes tracking performance improvements, analyzing skill utilization, and assessing the alignment of skill development with strategic objectives."
"what strategies can organizations use to facilitate knowledge sharing and skill transfer among employees, ensuring that expertise is disseminated effectively",Training and Development,Skill Development,"strategies include mentorship programs, communities of practice, knowledge sharing platforms, and structured on-the-job training opportunities."
how can organizations address skill gaps that may arise due to technological advancements or shifts in industry requirements to remain competitive and innovative,Training and Development,Skill Development,"addressing gaps involves proactively identifying emerging skills, offering relevant training, and providing opportunities for employees to adapt to changing requirements."
"what are skill assessments, and how do they help organizations gauge employees' competencies and development needs",Training and Development,Skill Assessments,skill assessments are evaluations that measure employees' proficiency in specific skills or areas. they help identify strengths and areas for improvement.
how can organizations design effective skill assessments that provide accurate and actionable insights into employees' skill levels,Training and Development,Skill Assessments,"effective assessments involve creating clear criteria, using valid testing methods, and aligning assessments with specific skills and job requirements."
what role do skill assessments play in helping employees set skill development goals and create focused skill improvement plans,Training and Development,Skill Assessments,"skill assessments provide a baseline for employees to identify areas where they may need improvement, which informs the creation of targeted skill development plans."
"how can organizations ensure that skill assessments are fair and unbiased, minimizing the potential for discrimination or inequity in employee evaluations",Training and Development,Skill Assessments,"ensuring fairness involves using validated assessments, addressing potential biases, offering accommodations, and providing opportunities for re-evaluation when necessary."
"what measures can organizations take to assess and validate the reliability and validity of their skill assessments, ensuring that they yield consistent and accurate results",Training and Development,Skill Assessments,"validation measures include conducting pilot assessments, analyzing results, comparing assessments to job performance, and periodically reviewing and updating assessment methods."
how do organizations use skill assessment data to identify high-potential employees and offer them tailored skill development opportunities,Training and Development,Skill Assessments,"skill assessment data helps organizations identify individuals with potential in specific areas, allowing them to offer targeted development experiences and career growth paths."
what role do managers and mentors play in providing feedback and guidance to employees based on the results of skill assessments,Training and Development,Skill Assessments,"managers and mentors use assessment results to offer constructive feedback, suggest development activities, and support employees in improving their skills."
"how can organizations use skill assessments as a tool for succession planning, identifying individuals who are ready to assume leadership roles",Training and Development,Skill Assessments,"skill assessments help identify potential leaders with the necessary competencies, allowing organizations to groom them for future leadership positions."
"how do organizations maintain the confidentiality and security of skill assessment data, ensuring that sensitive information is protected from unauthorized access or disclosure",Training and Development,Skill Assessments,"maintaining security involves using secure assessment platforms, access controls, encryption, and compliance with data protection regulations to safeguard assessment data."
"what strategies can organizations use to communicate skill assessment results to employees in a constructive and supportive manner, promoting a growth mindset",Training and Development,Skill Assessments,"strategies include offering feedback in a constructive and non-judgmental way, emphasizing growth and improvement opportunities, and providing resources for skill development."
"what are skill improvement plans, and how do they assist employees in systematically enhancing their competencies",Training and Development,Skill Improvement Plans,"skill improvement plans outline specific steps, resources, and timelines for employees to develop and refine their skills, helping them achieve their goals."
how can organizations create skill improvement plans that are actionable and aligned with employees' career aspirations and organizational needs,Training and Development,Skill Improvement Plans,"creating plans involves setting clear objectives, identifying relevant development activities, and ensuring alignment with both individual and organizational goals."
"what role does ongoing feedback and assessment play in skill improvement plans, and how can organizations use these mechanisms to track progress and adjust plans as needed",Training and Development,Skill Improvement Plans,"feedback and assessment provide insights into progress and areas needing improvement, enabling employees to adapt their plans and focus on targeted skill development."
how do organizations ensure that skill improvement plans are adaptable to changing circumstances and evolving skill requirements in the workplace,Training and Development,Skill Improvement Plans,"adaptability is achieved by regularly reviewing plans, updating goals, and aligning them with changing job roles, industry trends, and organizational priorities."
what strategies can organizations use to motivate and support employees in executing their skill improvement plans and staying committed to their development goals,Training and Development,Skill Improvement Plans,"strategies include providing resources, offering mentorship, recognizing achievements, and celebrating milestones to keep employees engaged and motivated."
how can organizations facilitate collaboration and knowledge sharing among employees who are working on similar skill improvement plans or development objectives,Training and Development,Skill Improvement Plans,"facilitating collaboration involves creating communities of practice, offering forums for discussion, and encouraging peer learning and support among employees with similar goals."
"how does the successful execution of skill improvement plans contribute to employee job satisfaction, career progression, and retention within organizations",Training and Development,Skill Improvement Plans,"successful execution leads to increased competence, career advancement, and job satisfaction, which, in turn, fosters employee commitment and retention."
what role can technology and digital tools play in enhancing the effectiveness and management of skill improvement plans within organizations,Training and Development,Skill Improvement Plans,"technology can support plan tracking, offer skill development resources, provide reminders, and enable employees to access development materials conveniently."
"how do organizations ensure that skill improvement plans are equitable and accessible to all employees, regardless of their background, role, or location",Training and Development,Skill Improvement Plans,"ensuring equity involves offering a range of development options, accommodating diverse learning styles, and providing access to resources for all employees, including remote or geographically dispersed teams."
what measures can organizations take to evaluate the overall impact of skill improvement plans on employee performance and the achievement of organizational goals,Training and Development,Skill Improvement Plans,"measures include assessing performance improvements, conducting surveys, tracking skill utilization, and aligning skill development outcomes with strategic objectives."
"what are training records, and why are they important for organizations in managing employee development and compliance",Training and Development,Training Records,"training records are documentation of employees' training activities, including completed courses, certifications, and skill assessments. they help track progress and ensure compliance."
how can organizations maintain accurate and organized training records to ensure that they are easily accessible and up-to-date for all employees,Training and Development,Training Records,"maintaining records involves using digital databases or learning management systems (lms), regular updates, standardized documentation, and secure storage."
"what role do training records play in helping organizations identify skill gaps, track skill development, and make informed decisions about employee growth",Training and Development,Training Records,"training records provide a historical overview of employees' training activities, aiding in identifying gaps and opportunities for development and career planning."
how can organizations use training records to ensure that employees meet compliance and regulatory requirements for training and certifications,Training and Development,Training Records,"using records involves tracking expiration dates, sending reminders for renewal, and generating compliance reports to ensure that employees remain certified and compliant."
"what measures can organizations take to protect the confidentiality and security of training records, ensuring that sensitive information is not accessible to unauthorized individuals",Training and Development,Training Records,"measures include access controls, encryption, secure storage, and compliance with data protection regulations to safeguard training record data."
"how do organizations use training records as a tool for talent management, identifying high-potential employees and providing them with growth opportunities",Training and Development,Training Records,"training records help identify individuals with completed certifications or specialized training, allowing organizations to offer tailored development experiences and career paths."
"what strategies can organizations employ to facilitate easy access to training records for employees, managers, and hr personnel while maintaining data security",Training and Development,Training Records,"strategies include role-based access, user-friendly interfaces, self-service portals, and mobile accessibility, ensuring that authorized personnel can access records efficiently and securely."
how can organizations use training records to track and evaluate the overall effectiveness of their training and development initiatives,Training and Development,Training Records,"organizations can assess the impact of training through records by measuring performance improvements, analyzing completion rates, and gathering feedback from employees and managers."
"how do organizations handle discrepancies or inaccuracies in training records, and what processes are in place to rectify such issues promptly",Training and Development,Training Records,"organizations have processes for employees to report discrepancies, which are then reviewed, validated, and corrected as necessary to maintain the accuracy of training records."
"what role can automation and analytics play in streamlining the management and analysis of training records, making the process more efficient and data-driven",Training and Development,Training Records,"automation can handle record updates, notifications, and reporting, while analytics can provide insights into trends, compliance, and areas for improvement in training initiatives."
"why is tracking training attendance important for organizations, and how does it contribute to employee development and compliance",Training and Development,Training Attendance,"tracking attendance ensures that employees complete required training, which supports development, improves performance, and ensures compliance with regulations and certifications."
how can organizations establish efficient processes for recording and monitoring employee attendance during training sessions or courses,Training and Development,Training Attendance,"efficient processes involve using sign-in sheets, digital attendance systems, barcode scanning, or integration with learning management systems (lms) to automate attendance tracking."
what role does accurate attendance data play in assessing the effectiveness of training programs and identifying areas for improvement,Training and Development,Training Attendance,"attendance data helps organizations analyze completion rates, participant engagement, and areas where training programs may require adjustments or enhancements."
how do organizations use attendance records to ensure that employees meet mandatory training requirements and maintain compliance with industry standards and regulations,Training and Development,Training Attendance,"organizations use attendance records to verify that employees have attended and completed mandatory training, ensuring that compliance and certification requirements are met."
"what measures can organizations take to protect the privacy and confidentiality of attendance records, ensuring that employee data is not accessible to unauthorized individuals",Training and Development,Training Attendance,"measures include access controls, encryption, secure storage, and compliance with data protection regulations to safeguard attendance record data."
"how can organizations use attendance data to identify patterns or trends in employee participation, enabling them to tailor training offerings to better meet employee needs",Training and Development,Training Attendance,"attendance data analysis can reveal trends in preferred training formats, scheduling preferences, and areas where additional training may be needed, allowing organizations to tailor their offerings accordingly."
what strategies can organizations employ to encourage high attendance rates at training sessions and motivate employees to actively engage in learning activities,Training and Development,Training Attendance,"strategies include clear communication, offering incentives or recognition, creating engaging training content, and accommodating diverse learning preferences and schedules."
"how do organizations handle discrepancies or disputes related to attendance records, and what procedures are in place to address such issues promptly and fairly",Training and Development,Training Attendance,"organizations have procedures for employees to report attendance disputes, which are then reviewed, validated, and resolved in a transparent and equitable manner."
"what role can advanced technologies, such as biometric attendance systems or mobile apps, play in enhancing the accuracy and convenience of attendance tracking during training sessions",Training and Development,Training Attendance,"advanced technologies offer more accurate attendance capture, real-time monitoring, and user-friendly interfaces, making attendance tracking more efficient and convenient for both employees and trainers."
how do organizations ensure that attendance records are securely stored and accessible only to authorized personnel who need the information for administrative and compliance purposes,Training and Development,Training Attendance,"ensuring security involves role-based access, encryption, secure storage, and user authentication, limiting access to authorized individuals with a legitimate need for attendance data."
"what is hr compliance, and why is it crucial for organizations",Compliance and Regulations,HR Compliance,"hr compliance involves adhering to laws and regulations related to employment practices. it's crucial to avoid legal issues, fines, and maintain a fair and ethical workplace."
how can organizations ensure hr compliance with changing labor laws and regulations,Compliance and Regulations,HR Compliance,"staying informed, regular audits, legal consultations, and implementing compliant policies and practices help organizations stay in compliance with evolving laws."
what are the common areas of hr compliance that organizations need to address in their policies and procedures,Compliance and Regulations,HR Compliance,"common areas include hiring practices, employee rights, wage and hour laws, workplace safety, and discrimination and harassment prevention."
what role does hr play in maintaining compliance with labor laws and regulations within organizations,Compliance and Regulations,HR Compliance,"hr oversees policies, employee training, record-keeping, and ensures that the organization adheres to all applicable labor laws and regulations."
how can organizations effectively communicate hr policies and compliance requirements to employees,Compliance and Regulations,HR Compliance,"communication involves clear policy documentation, training, employee handbooks, and accessible hr personnel for questions and guidance."
"what are the consequences of failing to maintain hr compliance, and how can organizations mitigate these risks",Compliance and Regulations,HR Compliance,"consequences include fines, legal actions, damage to reputation, and employee dissatisfaction. mitigation involves proactive compliance efforts, legal counsel, and corrective actions when needed."
how do hr compliance audits help organizations identify and rectify compliance issues proactively,Compliance and Regulations,HR Compliance,"audits involve systematic reviews of hr practices and policies to identify gaps, non-compliance, and areas needing improvement, allowing organizations to take corrective actions."
what measures can organizations take to ensure that hr compliance efforts are consistent and applied uniformly across all employees and departments,Compliance and Regulations,HR Compliance,"measures include standardized policies, regular training, compliance checklists, and monitoring practices to ensure consistent application."
"how can organizations maintain hr compliance while accommodating various employee needs and preferences, such as flexible work arrangements",Compliance and Regulations,HR Compliance,"accommodation involves understanding legal requirements for flexibility, offering options within compliance boundaries, and consulting legal experts for guidance."
how can hr departments adapt to global hr compliance challenges when operating in multiple countries with different regulations,Compliance and Regulations,HR Compliance,"adaptation includes hiring local experts, conducting global compliance assessments, and establishing compliance strategies tailored to each country's regulations."
what are the fundamental legal requirements that organizations must adhere to in their hr practices,Compliance and Regulations,Legal Requirements,"fundamental requirements include minimum wage, workplace safety, equal employment opportunity, non-discrimination, and compliance with labor laws."
how can organizations stay up-to-date with changes in legal requirements and ensure they are reflected in their hr policies,Compliance and Regulations,Legal Requirements,"staying informed through legal updates, regular legal counsel consultations, and proactive policy revisions help organizations comply with evolving legal requirements."
what is the role of legal counsel in helping organizations navigate complex legal requirements related to hr and employment practices,Compliance and Regulations,Legal Requirements,"legal counsel provides expertise, interprets regulations, offers guidance on compliance, and represents organizations in legal matters related to hr practices."
how can organizations balance legal requirements with ethical and inclusive hr practices that support diversity and inclusion,Compliance and Regulations,Legal Requirements,"balancing involves aligning legal compliance with ethical values, creating inclusive policies, and ensuring that hr practices promote diversity, equity, and inclusion."
what steps should organizations take to address legal requirements related to employee privacy and data protection in hr processes,Compliance and Regulations,Legal Requirements,"steps include data protection policies, consent forms, data security measures, and compliance with data privacy laws like gdpr or ccpa, as applicable."
"how can organizations ensure that their hr practices comply with regulations related to employee classification, such as exempt vs. non-exempt status",Compliance and Regulations,Legal Requirements,"compliance involves accurate employee classification, adhering to overtime laws, conducting classification audits, and addressing any misclassification issues promptly."
"what legal requirements pertain to employee rights, and how can organizations protect and communicate these rights effectively",Compliance and Regulations,Legal Requirements,"employee rights include the right to fair wages, equal treatment, safe working conditions, and the right to organize. protecting these rights involves policy adherence and effective communication."
"how do organizations navigate legal requirements when conducting background checks on potential hires, balancing privacy and hiring needs",Compliance and Regulations,Legal Requirements,"navigating involves obtaining consent, adhering to fair credit reporting act (fcra) requirements, and ensuring that checks are job-related and consistent with legal guidelines."
"what are the legal requirements for providing reasonable accommodations to employees with disabilities, and how can organizations ensure compliance",Compliance and Regulations,Legal Requirements,"requirements include the americans with disabilities act (ada). compliance involves engaging in an interactive process with employees, making reasonable accommodations, and avoiding discrimination."
how can organizations navigate the legal requirements surrounding employee termination to minimize legal risks and ensure fairness,Compliance and Regulations,Legal Requirements,"navigating includes documenting performance issues, providing due process, complying with notice periods, and consulting legal counsel to minimize legal risks during termination."
"what is a compliance audit in the context of hr, and why is it essential for organizations",Compliance and Regulations,Compliance Audits,a compliance audit is a systematic review of hr practices and policies to ensure adherence to legal requirements. it's essential for identifying and rectifying compliance gaps.
"how often should organizations conduct hr compliance audits, and what triggers the need for such audits",Compliance and Regulations,Compliance Audits,"the frequency varies, but annual audits are common. triggers may include legal updates, mergers, expansion, or significant hr policy changes."
what steps are involved in conducting a comprehensive hr compliance audit within an organization,Compliance and Regulations,Compliance Audits,"steps include planning the audit, reviewing policies and practices, assessing documentation, identifying non-compliance, making recommendations, and implementing corrective actions."
"how can organizations ensure that compliance audit findings are acted upon promptly, and necessary changes are made to achieve and maintain compliance",Compliance and Regulations,Compliance Audits,"ensuring action involves setting timelines, assigning responsibility, tracking progress, and conducting follow-up audits to confirm that corrective actions have been taken."
"what are labor laws, and how do they impact hr practices and employment relationships",Compliance and Regulations,Labor Laws,"labor laws are regulations that govern labor and employment practices. they impact hr practices by setting guidelines for wages, hours, working conditions, and employee rights."
how can organizations ensure compliance with labor laws regarding minimum wage and overtime pay,Compliance and Regulations,Labor Laws,"compliance involves accurate record-keeping, classification of employees, and adhering to federal, state, and local minimum wage and overtime regulations."
"what role does collective bargaining play in labor laws, and how can organizations effectively manage labor relations and negotiations",Compliance and Regulations,Labor Laws,"collective bargaining involves negotiations between employers and labor unions. effective management involves open communication, understanding labor agreements, and respecting employees' rights to organize."
"how do labor laws address workplace safety, and what steps should organizations take to create a safe working environment",Compliance and Regulations,Labor Laws,"labor laws include osha regulations. steps involve conducting safety assessments, providing training, maintaining safety records, and promptly addressing safety concerns."
what legal requirements should organizations be aware of when dealing with workplace discrimination and harassment issues,Compliance and Regulations,Labor Laws,"legal requirements include title vii, ada, and other anti-discrimination laws. awareness involves training, prevention policies, reporting procedures, and prompt investigation of complaints."
"how can organizations navigate labor laws related to employee breaks, rest periods, and meal breaks to ensure compliance",Compliance and Regulations,Labor Laws,"navigating includes understanding state and federal regulations, providing required breaks, and accommodating specific job-related needs while complying with labor laws."
"what steps should organizations take to comply with labor laws regarding child labor, including age restrictions and working hours for minors",Compliance and Regulations,Labor Laws,"steps involve verifying ages, adhering to hour restrictions, maintaining accurate records, and ensuring that minors are not exposed to hazardous work environments."
"how do labor laws address employee rights to family and medical leave, and what responsibilities do organizations have in this regard",Compliance and Regulations,Labor Laws,"labor laws like the family and medical leave act (fmla) grant eligible employees leave rights. responsibilities include providing fmla leave, informing employees of their rights, and maintaining records."
"how can organizations navigate labor laws when dealing with employee grievances and disputes, and what mechanisms should be in place for resolution",Compliance and Regulations,Labor Laws,"navigation involves having clear grievance procedures, allowing open communication, providing mediation options, and ensuring that resolution processes comply with labor laws."
"what legal requirements pertain to the protection of employee rights to organize, and how can organizations respect these rights while managing workplace dynamics",Compliance and Regulations,Labor Laws,legal requirements include the national labor relations act (nlra). respect involves not interfering with employees' rights to organize or engage in concerted activities while adhering to legal guidelines.
"what is equal employment opportunity (eeo), and why is it a critical aspect of hr compliance",Compliance and Regulations,Equal Employment Opportunity,eeo is the principle of treating employees and applicants fairly and without discrimination. it's critical to ensure a diverse and inclusive workplace and comply with anti-discrimination laws.
how can organizations promote eeo in their recruitment and hiring processes to ensure fair and unbiased selection of candidates,Compliance and Regulations,Equal Employment Opportunity,"promotion involves using objective criteria, diverse hiring panels, anti-bias training, and auditing hiring practices to identify and eliminate discriminatory practices."
what steps should organizations take to accommodate employees with disabilities and adhere to eeo requirements under the americans with disabilities act (ada),Compliance and Regulations,Equal Employment Opportunity,"steps involve engaging in the interactive process, providing reasonable accommodations, ensuring accessible facilities, and not discriminating against qualified individuals with disabilities."
"how can organizations address eeo requirements related to age discrimination, particularly in recruitment, promotion, and termination decisions",Compliance and Regulations,Equal Employment Opportunity,"addressing involves avoiding age-related stereotypes, basing decisions on merit, conducting fair assessments, and offering equal opportunities regardless of age."
"what are the legal requirements for addressing sexual harassment and discrimination in the workplace, and how can organizations create a culture that prevents such behavior",Compliance and Regulations,Equal Employment Opportunity,"legal requirements include title vii. prevention involves anti-harassment policies, training, clear reporting procedures, investigations, and a culture of respect and inclusion."
how can organizations ensure compliance with eeo requirements concerning equal pay for equal work and the gender pay gap,Compliance and Regulations,Equal Employment Opportunity,"compliance involves conducting pay equity analyses, addressing disparities, and creating transparent pay structures based on skills, experience, and job roles rather than gender."
"what role does diversity and inclusion play in eeo efforts, and how can organizations foster an inclusive workplace while complying with eeo requirements",Compliance and Regulations,Equal Employment Opportunity,"diversity and inclusion promote eeo by ensuring a diverse workforce and equal opportunities for all. foster inclusion through diverse hiring, training, and inclusive policies."
how can organizations address eeo requirements related to religious accommodations and religious discrimination in the workplace,Compliance and Regulations,Equal Employment Opportunity,"addressing involves reasonable accommodations for religious practices, preventing harassment, respecting employees' beliefs, and providing a discrimination-free environment."
"what measures should organizations take to ensure compliance with eeo requirements for gender identity and sexual orientation, fostering a welcoming and inclusive workplace for lgbtq employees",Compliance and Regulations,Equal Employment Opportunity,"measures include non-discrimination policies, gender-inclusive facilities, diversity training, and promoting an lgbtq inclusive culture."
"how can organizations monitor and report on their eeo efforts to ensure transparency, accountability, and continuous improvement in promoting equal employment opportunities",Compliance and Regulations,Equal Employment Opportunity,"monitoring involves data collection, reporting on diversity metrics, conducting eeo audits, and regularly assessing the effectiveness of eeo programs."
"what are discrimination policies in the workplace, and why are they essential for fostering a fair and inclusive environment",Compliance and Regulations,Discrimination Policies,discrimination policies outline guidelines that prohibit unfair treatment based on protected characteristics. they are essential to prevent discrimination and promote equality.
how can organizations develop and communicate discrimination policies effectively to ensure that all employees understand their rights and responsibilities,Compliance and Regulations,Discrimination Policies,"development involves legal compliance, clear language, and employee input. communication includes distributing policies, training, and promoting awareness."
"what are the common types of discrimination addressed in workplace discrimination policies, and how can organizations prevent and address them",Compliance and Regulations,Discrimination Policies,"common types include race, gender, age, disability, religion, and sexual orientation discrimination. prevention involves clear policies, training, reporting mechanisms, and prompt action."
"how can organizations address harassment, including sexual harassment, within the framework of discrimination policies",Compliance and Regulations,Discrimination Policies,"addressing harassment involves anti-harassment policies, training, reporting procedures, investigations, and taking disciplinary action against perpetrators."
what role do bystander intervention and reporting play in preventing discrimination and harassment in the workplace,Compliance and Regulations,Discrimination Policies,bystander intervention empowers employees to speak up and intervene when they witness discrimination or harassment. reporting ensures that incidents are addressed promptly and appropriately.
how can organizations ensure that discrimination policies are consistently enforced and that employees feel safe reporting violations,Compliance and Regulations,Discrimination Policies,"enforcement involves training, clear reporting procedures, protection against retaliation, and fostering a culture that encourages reporting and accountability."
"what steps should organizations take to investigate complaints related to discrimination or harassment in a thorough, impartial, and confidential manner",Compliance and Regulations,Discrimination Policies,"steps include appointing impartial investigators, collecting evidence, conducting interviews, and providing clear communication to all parties involved while maintaining confidentiality."
"how can organizations address intersectional discrimination, where individuals may face discrimination based on multiple protected characteristics",Compliance and Regulations,Discrimination Policies,"addressing intersectionality involves recognizing complex discrimination scenarios, training on intersectionality, and taking comprehensive action to prevent and address discrimination based on multiple factors."
"what measures can organizations take to promote diversity and inclusion as part of their discrimination policies, ensuring that underrepresented groups have equal opportunities",Compliance and Regulations,Discrimination Policies,"measures include diverse hiring practices, inclusive leadership, mentoring programs, affinity groups, and continuous monitoring of diversity metrics."
"how do organizations ensure that employees are aware of their rights and avenues for reporting discrimination, and what resources should be available to support them",Compliance and Regulations,Discrimination Policies,"awareness involves training, accessible policies, reporting hotlines, hr support, and legal avenues for addressing discrimination claims."
"what are diversity initiatives in the workplace, and why are they important for organizations in promoting inclusivity and equality",Compliance and Regulations,Diversity Initiatives,"diversity initiatives are proactive efforts to increase diversity and inclusion. they are important for fostering innovation, improving employee engagement, and complying with eeo regulations."
how can organizations develop and implement effective diversity initiatives that align with their values and goals,Compliance and Regulations,Diversity Initiatives,"development involves assessing the current state, setting diversity goals, creating action plans, and regularly measuring progress. implementation includes leadership support and communication."
what are some common diversity and inclusion strategies that organizations can incorporate into their initiatives to promote a diverse workforce,Compliance and Regulations,Diversity Initiatives,"common strategies include diverse hiring practices, inclusive leadership training, mentoring programs, affinity groups, and cultural awareness training."
how can organizations promote diversity and inclusion in leadership roles to ensure that underrepresented groups have opportunities for advancement,Compliance and Regulations,Diversity Initiatives,"promotion involves identifying high-potential individuals from underrepresented groups, providing leadership development, and offering mentorship and sponsorship programs."
"what role do employee resource groups (ergs) or affinity groups play in fostering diversity and inclusion within organizations, and how can organizations support these groups effectively",Compliance and Regulations,Diversity Initiatives,"ergs provide a space for employees with shared characteristics or backgrounds to connect and support diversity efforts. support includes funding, leadership recognition, and collaboration with ergs."
how can organizations measure the effectiveness of their diversity initiatives and ensure that they are making meaningful progress toward their goals,Compliance and Regulations,Diversity Initiatives,"measurement involves tracking diversity metrics, conducting employee surveys, assessing representation, and analyzing the impact of initiatives on workplace culture and employee engagement."
"what are the potential challenges organizations may face when implementing diversity initiatives, and how can they overcome these challenges",Compliance and Regulations,Diversity Initiatives,"challenges may include resistance, lack of resources, or unconscious bias. overcoming involves leadership commitment, addressing bias, and creating an inclusive culture."
how do diversity initiatives align with compliance requirements related to equal employment opportunity (eeo) and anti-discrimination laws,Compliance and Regulations,Diversity Initiatives,diversity initiatives align with eeo requirements by promoting equal opportunities for all employees and preventing discrimination based on protected characteristics.
"how can organizations communicate the importance of diversity and inclusion to all employees and stakeholders, fostering buy-in and support for diversity initiatives",Compliance and Regulations,Diversity Initiatives,"communication involves transparency, sharing success stories, and highlighting the business benefits of diversity, such as innovation and improved customer relations."
how can organizations create a culture of inclusion where all employees feel valued and empowered to contribute their unique perspectives and talents,Compliance and Regulations,Diversity Initiatives,"creating an inclusive culture involves leadership modeling inclusive behaviors, providing training, recognizing and celebrating diversity, and addressing bias and microaggressions."
"what is workplace safety, and why is it a priority for organizations",Compliance and Regulations,Workplace Safety,"workplace safety involves measures to protect employees from harm and ensure a safe working environment. it's a priority to prevent accidents, injuries, and promote employee well-being."
how can organizations develop and maintain effective workplace safety programs and policies,Compliance and Regulations,Workplace Safety,"development involves risk assessments, safety policies, training, safety committees, and ongoing monitoring. maintenance includes regular safety audits and updating policies as needed."
"what are the legal requirements related to workplace safety, and how can organizations ensure compliance with safety regulations",Compliance and Regulations,Workplace Safety,"legal requirements include osha regulations. compliance involves understanding specific industry requirements, providing safety training, maintaining records, and conducting safety audits."
"how can organizations promote a culture of safety, where employees are actively engaged in identifying and preventing safety hazards",Compliance and Regulations,Workplace Safety,"promotion involves safety training, reporting mechanisms, hazard recognition, safety committees, and recognizing and rewarding safe behaviors."
what steps should organizations take to address emergency preparedness and response as part of their workplace safety measures,Compliance and Regulations,Workplace Safety,"steps include developing emergency plans, conducting drills, designating emergency contacts, providing training, and ensuring that employees know how to respond to various emergencies."
how can organizations ensure that safety training programs are effective in educating employees about potential workplace hazards and safe practices,Compliance and Regulations,Workplace Safety,"effectiveness is achieved through regular training updates, hands-on practice, assessment, and involving employees in identifying safety hazards and solutions."
"what role do safety inspections and audits play in identifying and mitigating workplace safety risks, and how can organizations conduct thorough safety audits",Compliance and Regulations,Workplace Safety,"inspections and audits involve systematic assessments of the workplace to identify hazards. conduct thorough audits by using checklists, involving employees, and addressing identified risks promptly."
how can organizations address ergonomic safety concerns and prevent musculoskeletal disorders (msds) among employees,Compliance and Regulations,Workplace Safety,"addressing ergonomic concerns involves ergonomic assessments, providing ergonomic equipment, and training employees on proper posture and ergonomic practices."
"what measures should organizations take to ensure safety in hazardous work environments, such as those involving chemicals, machinery, or high-risk activities",Compliance and Regulations,Workplace Safety,"measures include proper training, safety equipment, safety protocols, hazard communication, regular safety assessments, and compliance with specific industry regulations."
"how can organizations respond to safety incidents and accidents, including reporting, investigation, and implementing corrective actions to prevent future occurrences",Compliance and Regulations,Workplace Safety,"response involves prompt reporting, thorough investigations, identifying root causes, implementing corrective actions, and continuous improvement in safety practices."
"what is safety training in the workplace, and why is it crucial for employee well-being and organizational compliance",Compliance and Regulations,Safety Training,"safety training involves educating employees about workplace hazards and safe practices. it's crucial for preventing accidents, injuries, and complying with safety regulations."
how can organizations assess their safety training needs and develop tailored training programs to address specific workplace hazards,Compliance and Regulations,Safety Training,"assessment involves hazard analysis, identifying training gaps, and creating training programs that cover specific risks and safe practices relevant to the workplace."
"what are the key elements of an effective safety training program, and how can organizations ensure that training is engaging and informative for employees",Compliance and Regulations,Safety Training,"key elements include clear objectives, interactive content, hands-on practice, assessments, and opportunities for employee feedback. engage employees by using real-life scenarios and practical examples."
how can organizations communicate safety training requirements to employees and ensure that they complete the necessary training programs,Compliance and Regulations,Safety Training,"communication involves clear instructions, scheduling training sessions, tracking completion, and providing incentives or recognition for employees who complete training on time."
what role does ongoing safety training play in reinforcing safe behaviors and keeping employees informed about new hazards and safety protocols,Compliance and Regulations,Safety Training,"ongoing training ensures that employees stay informed about changes in safety protocols, refresh their knowledge, and reinforce safe behaviors through regular reminders and updates."
"how can organizations make safety training accessible to all employees, including those with varying language skills or disabilities",Compliance and Regulations,Safety Training,"accessibility involves offering training in multiple languages, providing accommodations for individuals with disabilities, and ensuring that training materials are easy to understand and navigate."
what measures should organizations take to assess the effectiveness of their safety training programs and gather feedback from employees to make improvements,Compliance and Regulations,Safety Training,"measures include post-training assessments, surveys, focus groups, and analyzing safety incident trends to determine the impact of training and areas for improvement."
"how can organizations use technology, such as e-learning platforms and virtual reality, to enhance safety training experiences for employees",Compliance and Regulations,Safety Training,"technology can be used to create interactive and immersive training modules that simulate real-world scenarios, increasing engagement and effectiveness in safety training."
"what are the legal requirements for documenting safety training records, and how can organizations maintain accurate records to demonstrate compliance with safety regulations",Compliance and Regulations,Safety Training,"legal requirements include record-keeping of training dates, content covered, and employee attendance. maintaining accurate records involves using dedicated software or systems for tracking and documentation."
how do organizations ensure that safety training programs evolve to address emerging workplace safety concerns and stay aligned with changing regulations,Compliance and Regulations,Safety Training,"evolution involves regular reviews of training content, staying informed about industry changes, and revising training materials to reflect new hazards and compliance requirements."
"what is incident reporting in the context of workplace safety, and why is it essential for organizations",Compliance and Regulations,Incident Reporting,"incident reporting involves documenting and reporting workplace accidents, injuries, near-misses, and hazards. it's essential for identifying safety issues and taking corrective actions."
how can organizations establish clear incident reporting procedures that encourage employees to report safety incidents promptly and accurately,Compliance and Regulations,Incident Reporting,"establish procedures by creating a clear reporting process, providing multiple reporting channels, ensuring confidentiality, and offering protection against retaliation for reporting."
"what types of incidents should employees be encouraged to report, and why is reporting near-misses important for preventing future accidents",Compliance and Regulations,Incident Reporting,"employees should report accidents, injuries, illnesses, near-misses, unsafe conditions, and hazards. reporting near-misses helps identify underlying issues that could lead to more severe incidents."
how can organizations ensure that employees are aware of the incident reporting process and feel comfortable reporting incidents without fear of repercussions,Compliance and Regulations,Incident Reporting,"awareness involves training, providing access to reporting forms, and fostering a culture that encourages open reporting and emphasizes safety over blame."
"what role does incident investigation play in determining the root causes of safety incidents, and how can organizations conduct thorough investigations",Compliance and Regulations,Incident Reporting,"investigation involves identifying causes, analyzing data, interviewing witnesses, and reviewing safety protocols to prevent future incidents. thorough investigations help prevent recurrence."
"how can organizations use incident reporting data to identify trends, assess risks, and implement preventive measures to improve workplace safety",Compliance and Regulations,Incident Reporting,"analysis of incident data can help identify recurring issues, prioritize safety improvements, and develop targeted safety initiatives to address specific risks."
what measures should organizations take to ensure that incident reports are documented accurately and that necessary follow-up actions are taken promptly,Compliance and Regulations,Incident Reporting,"measures include documentation standards, assigning responsibility for follow-up actions, setting deadlines, and using incident tracking systems to monitor progress."
how can organizations ensure that employees who report safety incidents are protected against retaliation and that their concerns are taken seriously and addressed,Compliance and Regulations,Incident Reporting,"protection involves clear anti-retaliation policies, anonymous reporting options, and taking immediate action to address reported concerns while maintaining confidentiality."
"what role does transparency and communication play in the incident reporting process, and how can organizations keep employees informed about safety actions taken in response to reported incidents",Compliance and Regulations,Incident Reporting,"transparency involves providing feedback to employees on actions taken, sharing lessons learned, and communicating safety improvements resulting from incident reports."
how can organizations use incident reporting data to demonstrate compliance with safety regulations and show a commitment to continuous improvement in workplace safety,Compliance and Regulations,Incident Reporting,"demonstrating compliance involves maintaining comprehensive incident records, sharing safety statistics, and showcasing safety initiatives that have been implemented as a result of incident data analysis."
"what is the purpose of employee surveys in the workplace, and how can they benefit both employees and organizations",Employee Engagement,Employee Surveys,"employee surveys are tools for gathering feedback and insights from employees. they benefit employees by giving them a voice, and organizations benefit by identifying areas for improvement."
how can organizations design effective employee surveys that collect meaningful data and insights on employee experiences and satisfaction,Employee Engagement,Employee Surveys,"design involves crafting clear and unbiased questions, ensuring anonymity, setting survey goals, and using a mix of open-ended and close-ended questions."
"what are the key elements of a successful employee engagement survey strategy, from planning to data analysis and action planning",Employee Engagement,Employee Surveys,"successful strategies include survey planning, communication, data collection, analysis, reporting, and action planning to address survey findings."
"how frequently should organizations conduct employee surveys, and what are the considerations when determining the survey frequency",Employee Engagement,Employee Surveys,survey frequency depends on organizational needs but can range from annually to quarterly or even more frequently for pulse surveys. considerations include survey fatigue and resource availability.
"how can organizations ensure high participation rates in employee surveys, and what methods can they use to encourage employees to provide honest feedback",Employee Engagement,Employee Surveys,"ensuring high participation involves clear communication, emphasizing anonymity, sharing the survey's purpose, and fostering a culture of openness and trust."
"what is the role of employee engagement survey data analysis, and how can organizations turn survey results into actionable insights for improvement",Employee Engagement,Employee Surveys,"data analysis involves identifying trends, correlations, and areas of concern or strength. organizations can turn data into insights by creating action plans to address specific issues and celebrate successes."
how can organizations communicate the results of employee engagement surveys to employees transparently and use them to drive positive change in the workplace,Employee Engagement,Employee Surveys,"communication involves sharing survey findings, explaining actions taken or planned, and involving employees in discussions about improvements based on the results."
what steps should organizations take to ensure the confidentiality and anonymity of employees who participate in surveys to encourage open and honest responses,Employee Engagement,Employee Surveys,"steps include using third-party survey platforms, aggregating data to protect individual identities, and clearly communicating the confidentiality measures in place."
how can organizations use benchmarking data and external comparisons to gain insights into their employee engagement survey results and make informed improvements,Employee Engagement,Employee Surveys,"benchmarking involves comparing survey results with industry or peer data to identify areas where the organization may lag or excel, leading to more informed action plans."
"what are some best practices for follow-up actions after conducting employee engagement surveys, and how can organizations track progress and measure the impact of improvements",Employee Engagement,Employee Surveys,"best practices include setting clear goals, assigning responsibility, establishing timelines, and using key performance indicators (kpis) to measure the impact of engagement initiatives."
"why is employee feedback valuable for organizations, and how can it contribute to a culture of continuous improvement",Employee Engagement,Employee Feedback,"employee feedback provides insights into employee experiences, satisfaction, and areas for improvement. it contributes to a culture of improvement by identifying areas that need attention."
"what methods can organizations use to gather feedback from employees regularly, and how can they create an environment where feedback is encouraged and welcomed",Employee Engagement,Employee Feedback,"methods include surveys, suggestion boxes, one-on-one meetings, and anonymous channels. creating a feedback-friendly environment involves listening, acknowledging feedback, and taking action when appropriate."
"how can organizations effectively analyze and categorize employee feedback to identify common themes and trends, and what tools or technologies can aid in this process",Employee Engagement,Employee Feedback,"effective analysis involves reviewing feedback systematically, categorizing themes, and using sentiment analysis tools or feedback management software to streamline the process."
"what steps should organizations take to address and respond to employee feedback constructively, ensuring that employees see their input making a difference",Employee Engagement,Employee Feedback,"steps include acknowledging feedback, communicating actions taken or planned, involving employees in solutions, and providing feedback on progress and outcomes."
"how can organizations create a feedback loop where employees see the impact of their suggestions and observations, fostering a sense of ownership and involvement in decision-making",Employee Engagement,Employee Feedback,"creating a feedback loop involves closing the loop by sharing outcomes, thanking employees for their input, and regularly updating them on the status of their suggestions."
"what role does two-way communication play in the feedback process, and how can organizations ensure that employees feel heard and understood",Employee Engagement,Employee Feedback,"two-way communication involves active listening, asking clarifying questions, and providing opportunities for employees to share their perspectives, fostering mutual understanding."
"how can organizations use employee feedback to identify potential challenges, such as low morale, and take proactive measures to address these issues before they escalate",Employee Engagement,Employee Feedback,"proactive measures include regular feedback collection, trend analysis, and implementing targeted interventions to address identified challenges and boost morale."
"what are some examples of positive outcomes that organizations have achieved by actively seeking and acting on employee feedback, and how can these successes be celebrated and shared",Employee Engagement,Employee Feedback,"positive outcomes may include increased employee engagement, improved productivity, and a more positive workplace culture. celebrating successes can be done through recognition programs and internal communication."
"how can organizations ensure that feedback mechanisms are accessible to all employees, including those with diverse needs and preferences, to create an inclusive feedback process",Employee Engagement,Employee Feedback,"ensuring accessibility involves offering multiple feedback channels, accommodating different communication styles, and providing options for anonymous feedback to ensure that all voices are heard."
what measures should organizations take to address any concerns of retaliation or fear of reprisal that employees may have when providing critical feedback or raising concerns,Employee Engagement,Employee Feedback,"measures include anti-retaliation policies, anonymous feedback options, whistleblower protections, and fostering a culture where feedback is valued and encouraged."
"how can organizations effectively communicate survey results to employees, ensuring transparency and clarity in presenting the findings",Employee Engagement,Survey Results,"effective communication involves clear and concise reporting, using visual aids when appropriate, and providing opportunities for employees to ask questions or seek clarification."
what are some best practices for sharing survey results with employees to engage them in the feedback and improvement process,Employee Engagement,Survey Results,"best practices include sharing both positive and negative findings, explaining the purpose of the survey, setting expectations, and offering insights into planned actions based on the results."
"how can organizations address potential challenges or resistance that may arise among employees when they see survey results, especially if the results are less favorable",Employee Engagement,Survey Results,"addressing challenges involves acknowledging concerns, explaining the importance of feedback, emphasizing the role of employees in improvement, and soliciting their input on solutions."
"what steps should organizations take to follow up on survey results, track progress, and ensure that action plans are implemented effectively to address identified issues",Employee Engagement,Survey Results,"steps include setting clear action plans, assigning responsibility, regular progress updates, and monitoring key performance indicators (kpis) to measure improvement."
"how can organizations use survey results as a basis for recognizing and celebrating areas of success and excellence within the organization, motivating employees and teams",Employee Engagement,Survey Results,"recognition involves highlighting areas where the organization excels, showcasing employee contributions, and using survey results as a basis for recognition programs and awards."
what role can employees play in interpreting survey results and providing additional context or insights that may not be immediately evident from the data alone,Employee Engagement,Survey Results,"employees can provide context by sharing their perspectives, experiences, and suggestions for improvement during discussions about survey results, enriching the understanding of the data."
"how can organizations ensure that survey results are used as a tool for continuous improvement rather than a one-time event, fostering an ongoing culture of feedback and growth",Employee Engagement,Survey Results,"ensuring continuous improvement involves incorporating surveys into regular practices, revisiting survey topics, and adjusting action plans as needed to reflect changing circumstances."
"what strategies can organizations employ to measure the impact of survey-driven improvements on employee engagement, satisfaction, and overall organizational performance",Employee Engagement,Survey Results,"strategies include ongoing surveying, tracking engagement metrics, conducting employee interviews, and analyzing the correlation between engagement and business outcomes."
how can organizations use survey results to inform strategic decisions and allocate resources effectively to address the most critical employee concerns and priorities,Employee Engagement,Survey Results,"using survey results for strategic decisions involves prioritizing action areas, allocating resources based on survey findings, and aligning improvement efforts with organizational goals."
what are some common pitfalls organizations should avoid when interpreting and acting upon survey results to ensure that the process is productive and results in meaningful change,Employee Engagement,Survey Results,"pitfalls include focusing solely on numerical scores, neglecting qualitative feedback, failing to involve employees in decision-making, and not following through on action plans."
"what is the purpose of employee recognition programs, and how do they contribute to employee engagement and motivation",Employee Engagement,Recognition Programs,recognition programs aim to acknowledge and reward employee contributions. they contribute to engagement and motivation by reinforcing desired behaviors and fostering a positive workplace culture.
"how can organizations design effective recognition programs that align with their values, goals, and the preferences of their workforce",Employee Engagement,Recognition Programs,"design involves identifying desired behaviors, selecting appropriate rewards, setting clear criteria, and creating a program that is inclusive and accessible to all employees."
"what are some common types of recognition programs, and how can organizations choose the right combination of programs to suit their unique organizational culture",Employee Engagement,Recognition Programs,"common programs include peer recognition, manager recognition, spot awards, and service awards. organizations should consider their culture and employee preferences when selecting programs."
"how can organizations ensure that their recognition programs are fair, transparent, and based on objective criteria to prevent bias or favoritism",Employee Engagement,Recognition Programs,"ensuring fairness involves setting clear criteria, providing guidelines, involving multiple stakeholders in the recognition process, and using data to inform decisions."
what steps should organizations take to communicate the availability of recognition programs to employees and encourage participation and nominations,Employee Engagement,Recognition Programs,"steps include clear program promotion, regular reminders, providing nomination channels, and showcasing past recognitions as examples."
how can organizations use technology and digital platforms to streamline the recognition process and make it more accessible to remote or distributed teams,Employee Engagement,Recognition Programs,"technology can be used for online nominations, virtual recognition ceremonies, and creating digital recognition boards accessible to all employees, regardless of location."
"what is the role of managers and leaders in fostering a culture of recognition within their teams, and how can they lead by example in recognizing employee achievements",Employee Engagement,Recognition Programs,"leaders should set the tone by actively participating in recognition programs, providing timely and sincere recognition, and encouraging their teams to do the same."
how can organizations measure the effectiveness of their recognition programs and assess their impact on employee engagement and performance,Employee Engagement,Recognition Programs,"measurement involves tracking participation, surveying employees about the effectiveness of recognition efforts, and analyzing any correlations between recognition and performance metrics."
what strategies can organizations employ to continually enhance and evolve their recognition programs to keep them fresh and meaningful for employees,Employee Engagement,Recognition Programs,"strategies include seeking employee feedback on the programs, regularly reviewing recognition criteria, adapting to changing workforce demographics, and incorporating new and creative recognition ideas."
"what role does storytelling and public recognition play in making recognition efforts more impactful and inspiring for employees, and how can organizations leverage these techniques effectively",Employee Engagement,Recognition Programs,"storytelling involves sharing specific examples of employee achievements and contributions. public recognition inspires others and can be achieved through newsletters, meetings, or recognition events."
"what is the concept of employee of the month, and how can it serve as a valuable recognition program within organizations",Employee Engagement,Employee of the Month,employee of the month is an award given to an outstanding employee. it serves as a valuable recognition program by acknowledging and celebrating individual excellence.
"how can organizations establish fair and transparent criteria for selecting the employee of the month, ensuring that the process is objective and equitable",Employee Engagement,Employee of the Month,"establishing fair criteria involves setting specific performance metrics, involving multiple stakeholders in the selection process, and using data to inform decisions."
"what are some best practices for announcing and celebrating the employee of the month, making the recognition meaningful and motivating for the entire workforce",Employee Engagement,Employee of the Month,"best practices include announcing the award through various channels, celebrating the recipient in a public forum, and using storytelling to highlight their accomplishments."
"how can organizations prevent potential drawbacks or challenges, such as jealousy or competition among employees, when implementing the employee of the month program",Employee Engagement,Employee of the Month,"prevention involves transparent communication about the program's purpose and criteria, emphasizing that recognition is based on objective measures, and ensuring that all employees have opportunities for recognition."
"what role do managers and peers play in nominating employees for the employee of the month award, and how can their input be used to make the selection process more comprehensive",Employee Engagement,Employee of the Month,managers and peers can nominate employees based on observed excellence and contributions. their input can provide a holistic view of an employee's performance and impact.
"how can organizations maintain the prestige and significance of the employee of the month award over time, ensuring that it continues to motivate and inspire employees",Employee Engagement,Employee of the Month,"maintaining prestige involves consistently applying the program's criteria, recognizing a diverse group of employees, and regularly reviewing and updating the program to align with changing goals and values."
what steps should organizations take to ensure that the employee of the month award is inclusive and considers the contributions of employees from various departments and roles within the organization,Employee Engagement,Employee of the Month,"steps include setting criteria that apply to all roles, actively seeking nominations from different departments, and recognizing that excellence can take many forms across the organization."
how can organizations showcase the achievements of past and current employee of the month recipients to inspire and motivate the entire workforce and demonstrate the program's impact,Employee Engagement,Employee of the Month,"showcasing achievements can be done through internal communication, recognition events, and featuring employee of the month stories in newsletters or on company intranets."
what strategies can organizations use to ensure that the employee of the month program remains adaptable and responsive to the evolving needs and expectations of the workforce,Employee Engagement,Employee of the Month,"strategies include periodically reviewing program criteria, seeking employee feedback, and considering changes in recognition trends and preferences to keep the program relevant and motivating."
"how can organizations leverage the employee of the month program as a tool for promoting a culture of excellence, continuous improvement, and employee development",Employee Engagement,Employee of the Month,"leveraging the program involves highlighting the skills and behaviors that lead to recognition, providing opportunities for skill development, and using the program as a platform for sharing best practices."
"what are recognition awards in the workplace, and how do they contribute to employee motivation, engagement, and morale",Employee Engagement,Recognition Awards,"recognition awards are tangible rewards or honors given to employees for outstanding performance. they contribute to motivation, engagement, and morale by acknowledging and valuing employee contributions."
"how can organizations establish a variety of recognition awards that cater to different preferences and motivations among employees, ensuring inclusivity and fairness",Employee Engagement,Recognition Awards,"establishing variety involves offering awards that recognize different types of achievements, such as performance, innovation, teamwork, and leadership, to cater to diverse motivations."
"what are some examples of recognition awards that organizations can offer, and how can they align these awards with their company culture and values",Employee Engagement,Recognition Awards,"examples include certificates, plaques, monetary rewards, and symbolic awards. organizations can align awards with culture and values by highlighting behaviors and outcomes that reflect those values."
"how can organizations ensure that the process of nominating and selecting recipients for recognition awards is transparent, objective, and free from bias or favoritism",Employee Engagement,Recognition Awards,"ensuring transparency involves clear criteria, diverse selection committees, data-driven decisions, and regular reviews of the award process to prevent bias."
what are some best practices for presenting recognition awards to employees in a meaningful and memorable way that reinforces the value of their contributions,Employee Engagement,Recognition Awards,"best practices include personalized award presentations, public recognition ceremonies, and sharing the stories behind each award recipient's achievements."
how can organizations use recognition awards as a tool for reinforcing desired behaviors and values among employees and promoting a culture of excellence,Employee Engagement,Recognition Awards,"using awards for reinforcement involves tying awards to specific behaviors or values, communicating the connection, and showcasing examples of awardees embodying those behaviors."
"what strategies can organizations use to create a feedback-rich culture, where employees feel comfortable sharing their thoughts and ideas openly",Employee Engagement,Employee Feedback,"strategies include leadership support, regular feedback sessions, recognizing and rewarding feedback, and actively incorporating employee suggestions into decision-making."
"how can organizations use technology, such as feedback platforms and anonymous suggestion boxes, to facilitate the collection and management of employee feedback effectively",Employee Engagement,Employee Feedback,"technology can streamline feedback collection, provide anonymity options, and offer analytics tools to track trends and act on feedback efficiently."
"what are some effective ways for organizations to acknowledge and act upon employee feedback and suggestions promptly, demonstrating that employee input is valued and acted upon",Employee Engagement,Employee Feedback,"effective approaches include acknowledging receipt of feedback, setting realistic timelines for action, providing updates on progress, and implementing changes based on feedback."
how can organizations create a sense of ownership and involvement among employees when it comes to providing suggestions and actively participating in the feedback process,Employee Engagement,Employee Feedback,"involvement can be fostered by involving employees in solution brainstorming, recognizing and celebrating employee ideas, and creating a culture where feedback is a shared responsibility."
"what role does the feedback loop play in the feedback process, and how can organizations ensure that feedback is a continuous and iterative process rather than a one-time event",Employee Engagement,Employee Feedback,the feedback loop involves closing the loop by sharing outcomes and ensuring that feedback leads to meaningful actions. organizations can make feedback continuous by regularly seeking input and making improvements.
"how can organizations measure the impact of employee feedback initiatives on overall employee satisfaction, engagement, and business performance",Employee Engagement,Employee Feedback,"measurement can involve tracking changes in employee survey results, analyzing engagement metrics, and assessing the correlation between feedback-driven improvements and business outcomes."
"what steps should organizations take to address concerns of employee feedback burnout or survey fatigue, especially when multiple feedback channels are used",Employee Engagement,Employee Feedback,"steps include communicating the importance of feedback, ensuring that feedback requests are reasonable and relevant, and periodically reviewing and optimizing feedback channels."
"how can organizations leverage employee feedback to drive innovation and continuous improvement in their products, services, and internal processes",Employee Engagement,Employee Feedback,"leveraging feedback for innovation involves involving employees in innovation initiatives, encouraging them to identify opportunities for improvement, and providing resources to implement innovative ideas."
what are some examples of successful outcomes and improvements that organizations have achieved by actively seeking and acting upon employee feedback and suggestions,Employee Engagement,Employee Feedback,"outcomes may include improved processes, increased efficiency, enhanced product offerings, and a more engaged and satisfied workforce."
"how can organizations ensure that feedback mechanisms are accessible and inclusive for employees with diverse backgrounds, experiences, and communication preferences",Employee Engagement,Employee Feedback,"ensuring accessibility involves offering multiple feedback channels, accommodating different languages and communication styles, and actively seeking input from all employee groups."
"what is the significance of employee suggestions in the workplace, and how can they contribute to organizational growth and improvement",Employee Engagement,Suggestions,employee suggestions provide valuable insights and ideas for improvement. they contribute to growth by fostering a culture of innovation and continuous improvement.
"how can organizations create a formal process for collecting and evaluating employee suggestions, ensuring that every valuable idea is considered and acted upon",Employee Engagement,Suggestions,"creating a process involves designating a suggestion portal, setting clear guidelines, forming an evaluation committee, and providing feedback to employees who submit suggestions."
"what are some best practices for encouraging employees to share their suggestions, ensuring that their input is valued, and motivating them to actively participate in the suggestion process",Employee Engagement,Suggestions,"best practices include recognition and rewards for valuable suggestions, clear communication about the process, and transparent feedback on the status of submitted suggestions."
"how can organizations use technology and digital platforms to streamline the suggestion submission and evaluation process, making it more accessible to all employees",Employee Engagement,Suggestions,"technology can facilitate online submission, provide a centralized suggestion platform, automate evaluations, and track the progress of suggestions, making the process more efficient."
"what steps should organizations take to ensure that the evaluation of employee suggestions is fair, objective, and free from bias, favoritism, or discrimination",Employee Engagement,Suggestions,"steps include forming diverse evaluation committees, using standardized evaluation criteria, providing training to evaluators, and conducting blind evaluations when necessary."
"how can organizations create a feedback loop for employees who submit suggestions, ensuring that they receive timely updates on the status of their ideas and feel engaged in the improvement process",Employee Engagement,Suggestions,"creating a feedback loop involves acknowledging receipt of suggestions, providing regular updates, and involving employees in discussions about the feasibility and implementation of their ideas."
"what are some examples of impactful improvements and innovations that organizations have implemented based on employee suggestions, leading to enhanced processes or products",Employee Engagement,Suggestions,"examples may include cost-saving ideas, process optimizations, product enhancements, and innovative solutions to common challenges."
how can organizations ensure that employees from all departments and levels have equal opportunities to submit suggestions and contribute to the organization's growth and innovation,Employee Engagement,Suggestions,"ensuring equal opportunities involves promoting the suggestion process widely, seeking input from various departments, and recognizing that valuable ideas can come from employees at all levels."
"how can organizations measure the impact of employee suggestions on operational efficiency, customer satisfaction, and overall business success",Employee Engagement,Suggestions,"measurement involves tracking key performance indicators (kpis), such as cost savings, process efficiency gains, customer feedback, and employee engagement scores, to assess the impact of suggestions."
what strategies can organizations employ to continually improve the suggestion process and maintain a culture of innovation and employee-driven improvement,Employee Engagement,Suggestions,"strategies include ongoing communication, regular process evaluations, adapting the process based on employee feedback, and recognizing and celebrating successful suggestions and innovations."
"why is it important for organizations to provide channels for employees to express complaints, and how can addressing complaints positively impact workplace culture",Employee Engagement,Complaints,"providing complaint channels allows employees to voice concerns and address issues promptly. addressing complaints positively can improve trust, morale, and workplace culture."
"how can organizations establish effective complaint management processes that ensure that every complaint is taken seriously, thoroughly investigated, and resolved satisfactorily",Employee Engagement,Complaints,"establishing processes involves creating clear complaint channels, appointing designated complaint handlers, following investigation protocols, and providing resolution feedback to employees."
"what are some best practices for encouraging employees to report complaints and concerns, and how can organizations create a culture where raising issues is seen as constructive rather than negative",Employee Engagement,Complaints,"best practices include providing anonymous reporting options, promoting a no-retaliation policy, training employees on the complaint process, and recognizing employees for their vigilance."
"how can organizations use technology to streamline the complaint reporting process and ensure that complaints are tracked, monitored, and addressed in a timely manner",Employee Engagement,Complaints,"technology can automate complaint intake, provide a central tracking system, send reminders for resolution deadlines, and generate reports for analysis and improvement."
"what steps should organizations take to ensure the confidentiality and privacy of employees who report complaints, protecting them from potential retaliation or harm",Employee Engagement,Complaints,"steps include clearly communicating confidentiality measures, limiting access to complaint information, and taking immediate action to address complaints while protecting the identity of complainants."
"how can organizations create a feedback loop for employees who raise complaints, ensuring that they are informed about the progress of investigations and any actions taken to address their concerns",Employee Engagement,Complaints,"creating a feedback loop involves acknowledging receipt of complaints, providing regular updates on investigations, and involving employees in discussions about resolution options and outcomes."
"what are some examples of positive outcomes and improvements that organizations have achieved by addressing employee complaints promptly and effectively, leading to a healthier and more productive workplace",Employee Engagement,Complaints,"examples may include the resolution of workplace conflicts, the prevention of misconduct, improved employee relations, and a safer and more respectful work environment."
"how can organizations ensure that employees are aware of the complaint management process and feel confident in using it when needed, reducing barriers to reporting concerns",Employee Engagement,Complaints,"ensuring awareness involves clear communication of the complaint process, providing training or resources, and encouraging managers and leaders to promote the use of complaint channels."
what measures should organizations take to address concerns of retaliation or fear of reprisal that employees may have when reporting complaints or raising concerns,Employee Engagement,Complaints,"measures include anti-retaliation policies, whistleblower protections, anonymous reporting options, and fostering a culture where raising concerns is encouraged and protected."
"how can organizations use the insights gained from complaint management to identify trends, patterns, or systemic issues that may require broader interventions or policy changes",Employee Engagement,Complaints,"insights can be gained by analyzing complaint data, looking for recurring issues, conducting root cause analyses, and using the information to inform policy revisions and preventive measures."
"why is employee satisfaction important to organizations, and how does it impact factors such as retention, productivity, and overall business success",Employee Engagement,Employee Satisfaction,"employee satisfaction contributes to retention, productivity, and success by fostering a positive work environment, reducing turnover, and improving employee motivation and performance."
"how can organizations measure employee satisfaction effectively, and what tools or surveys can they use to gather valuable feedback on satisfaction levels",Employee Engagement,Employee Satisfaction,"measurement involves conducting employee satisfaction surveys, using engagement metrics, analyzing turnover rates, and collecting feedback through regular channels."
"what are some key factors that contribute to employee satisfaction, and how can organizations identify and prioritize areas for improvement based on employee feedback",Employee Engagement,Employee Satisfaction,"factors include compensation, work-life balance, recognition, growth opportunities, and workplace culture. identifying areas for improvement involves analyzing survey results and listening to employee concerns."
"how can organizations create a tailored approach to improving employee satisfaction, recognizing that different employees may have unique preferences and needs",Employee Engagement,Employee Satisfaction,"tailoring approaches involves segmenting employees based on their needs, preferences, and roles, and designing targeted interventions and benefits accordingly."
"what role does leadership play in influencing employee satisfaction, and how can leaders actively contribute to creating a satisfying and motivating work environment",Employee Engagement,Employee Satisfaction,"leadership plays a crucial role by setting the tone, providing clear communication, recognizing employee contributions, and actively listening and responding to employee concerns."
"how can organizations use employee feedback on satisfaction to inform decision-making, such as changes in policies, benefits, or work arrangements, that enhance the overall employee experience",Employee Engagement,Employee Satisfaction,"using feedback involves involving employees in decision-making, conducting impact assessments, and communicating changes transparently to demonstrate responsiveness to their concerns."
"what strategies can organizations employ to continually monitor and maintain high levels of employee satisfaction, even as circumstances and employee demographics change over time",Employee Engagement,Employee Satisfaction,"strategies include conducting regular surveys, staying attuned to employee needs, addressing emerging concerns promptly, and adapting policies and practices as needed."
how can organizations create a culture of openness and trust that encourages employees to share their feedback on satisfaction and raise concerns without fear of negative consequences,Employee Engagement,Employee Satisfaction,"creating a culture of openness involves clear communication, demonstrating responsiveness to feedback, providing confidential channels, and promoting a no-retaliation policy."
"what are some examples of positive outcomes that organizations have experienced by actively working to improve employee satisfaction, such as increased retention rates or improved workplace morale",Employee Engagement,Employee Satisfaction,"positive outcomes may include reduced turnover, improved employee morale, higher engagement levels, enhanced customer service, and a more positive corporate reputation."
how can organizations ensure that employee satisfaction initiatives are aligned with their overall business goals and contribute to long-term success,Employee Engagement,Employee Satisfaction,"ensuring alignment involves setting clear goals, measuring the impact of satisfaction initiatives on key performance indicators, and adjusting strategies to support broader business objectives."
"what is employee morale, and why is it a critical aspect of employee engagement and overall organizational success",Employee Engagement,Employee Morale,"employee morale reflects the overall mood, satisfaction, and motivation of employees. it's critical because high morale leads to increased productivity, lower turnover, and better overall performance."
how can organizations assess and measure employee morale effectively to understand the level of satisfaction and motivation among their workforce,Employee Engagement,Employee Morale,"assessment involves employee surveys, focus groups, one-on-one discussions, analyzing absenteeism rates, and using engagement metrics to gauge morale levels."
"what factors influence employee morale, and how can organizations identify and address areas that may be affecting morale negatively",Employee Engagement,Employee Morale,"factors include workload, leadership, recognition, communication, and work-life balance. organizations can identify issues through feedback channels and surveys and take targeted actions to address them."
how can leadership and management teams play a role in boosting employee morale and creating a positive work environment that fosters motivation and engagement,Employee Engagement,Employee Morale,"leadership can boost morale by setting a positive example, providing recognition, fostering open communication, and addressing issues that affect morale proactively."
what are some best practices for recognizing and celebrating achievements and contributions that can have a positive impact on employee morale and motivation,Employee Engagement,Employee Morale,"best practices include timely and sincere recognition, public celebrations, personalized acknowledgments, and involving employees in the recognition process."
"how can organizations create a work environment that supports and sustains high employee morale, even during challenging times or periods of change",Employee Engagement,Employee Morale,"creating a supportive environment involves clear communication, transparent decision-making, providing resources for employee well-being, and addressing concerns promptly during times of change."
how can organizations use feedback from employees on their morale and job satisfaction to implement targeted interventions and initiatives that boost overall morale,Employee Engagement,Employee Morale,"using feedback involves analyzing survey results, identifying recurring themes or concerns, and developing action plans that address specific issues affecting morale."
"what strategies can organizations employ to maintain and nurture high employee morale over the long term, ensuring that it remains a consistent and sustainable part of their workplace culture",Employee Engagement,Employee Morale,"strategies include ongoing communication, employee recognition programs, wellness initiatives, providing opportunities for growth, and fostering a culture of trust and respect."
"what are some examples of successful outcomes that organizations have achieved by actively investing in and improving employee morale, such as increased productivity or reduced turnover rates",Employee Engagement,Employee Morale,"examples may include improved employee retention, higher levels of engagement, reduced absenteeism, increased collaboration, and better overall organizational performance."
how can organizations ensure that their efforts to boost employee morale align with their broader business goals and contribute to a positive organizational culture,Employee Engagement,Employee Morale,"ensuring alignment involves setting clear objectives, measuring the impact of morale initiatives on key performance indicators, and making adjustments to support the organization's strategic goals."
"why is the work environment a crucial factor in employee engagement, and how can a positive work environment contribute to improved performance and satisfaction",Employee Engagement,Work Environment,"the work environment impacts employee well-being, motivation, and productivity. a positive environment can lead to higher job satisfaction, lower stress, and increased engagement and performance."
"how can organizations create a safe and inclusive work environment where all employees feel respected, valued, and able to contribute their best work",Employee Engagement,Work Environment,"creating such an environment involves establishing anti-discrimination policies, promoting diversity and inclusion, providing training, and fostering a culture of respect and equity."
"what are some elements of a positive work environment, and how can organizations assess and improve these elements to enhance the overall employee experience",Employee Engagement,Work Environment,"elements include physical workspace, relationships, leadership, communication, and work-life balance. assessment can be done through surveys and feedback mechanisms, followed by targeted improvement efforts."
"how can organizations address physical aspects of the work environment, such as office design, ergonomics, and facilities, to create a comfortable and productive workspace for employees",Employee Engagement,Work Environment,"addressing physical aspects involves considering ergonomic design, providing comfortable furnishings, optimizing lighting, and creating spaces that support various work styles and needs."
"what role does workplace culture play in shaping the work environment, and how can organizations cultivate a positive culture that aligns with their values and goals",Employee Engagement,Work Environment,"workplace culture influences behavior, attitudes, and interactions. cultivating a positive culture involves setting clear values, demonstrating them through leadership, and addressing behaviors that don't align with those values."
"how can organizations foster open communication within the work environment, ensuring that employees are informed, engaged, and encouraged to share their ideas and concerns",Employee Engagement,Work Environment,"fostering open communication involves regular updates from leadership, providing multiple communication channels, actively seeking feedback, and addressing concerns promptly and transparently."
"how can organizations promote work-life balance within the work environment, recognizing its importance in reducing stress and enhancing employee well-being",Employee Engagement,Work Environment,"promoting work-life balance involves setting clear expectations, offering flexible work arrangements, promoting time-off policies, and encouraging employees to prioritize self-care."
"what strategies can organizations employ to maintain a positive work environment during times of change, such as mergers, restructuring, or crisis situations, to mitigate stress and uncertainty among employees",Employee Engagement,Work Environment,"strategies include clear communication about changes, providing resources and support, involving employees in decision-making when possible, and addressing concerns and fears proactively."
how can organizations use feedback from employees about the work environment to identify areas for improvement and implement changes that enhance the overall employee experience,Employee Engagement,Work Environment,"using feedback involves analyzing survey results, identifying trends or recurring issues, and developing action plans to address specific work environment concerns raised by employees."
"what are some examples of positive outcomes that organizations have achieved by actively investing in and improving the work environment, such as higher employee retention or increased innovation",Employee Engagement,Work Environment,"examples may include reduced turnover rates, improved employee morale, increased collaboration, greater innovation, and a stronger competitive position in the market."
how can organizations ensure that their efforts to improve the work environment align with their broader business goals and contribute to a workplace culture that supports employee engagement and satisfaction,Employee Engagement,Work Environment,"ensuring alignment involves setting clear objectives, measuring the impact of work environment initiatives on key performance indicators, and making adjustments to align with the organization's strategic goals."
"what is the purpose of an hr handbook, and how does it benefit employees and the organization as a whole",HR Policies and Procedures,HR Handbooks,"an hr handbook serves as a comprehensive guide to hr policies and procedures. it benefits employees by providing clarity, and the organization benefits from consistency in policy application."
how can organizations ensure that their hr handbook is up-to-date and reflects the latest legal requirements and best practices in hr management,HR Policies and Procedures,HR Handbooks,"organizations can review and update their handbook regularly, conduct legal compliance checks, involve legal experts, and communicate changes to employees promptly."
"what are the key components that should be included in an hr handbook to cover essential policies and procedures, ensuring clarity and consistency",HR Policies and Procedures,HR Handbooks,"key components include an introduction, employment policies, code of conduct, benefits information, leave policies, and a grievance procedure, among others."
"how can organizations use their hr handbook as a tool for onboarding and orienting new employees, helping them understand company policies and expectations",HR Policies and Procedures,HR Handbooks,"the hr handbook can be provided to new employees during orientation, followed by a discussion to ensure understanding, and it should be easily accessible for reference."
"what steps should organizations take to ensure that employees acknowledge receipt of the hr handbook and understand its contents, including policies and procedures",HR Policies and Procedures,HR Handbooks,"steps include requiring employees to sign an acknowledgment form, conducting training sessions or quizzes, and creating a process for employees to seek clarification on handbook content."
how can organizations strike a balance between providing detailed policies and maintaining flexibility within the hr handbook to accommodate unique circumstances or exceptions,HR Policies and Procedures,HR Handbooks,organizations can include a statement in the handbook indicating that policies may be adapted as needed and provide a process for exceptions to be considered on a case-by-case basis.
"how should organizations communicate updates and changes to the hr handbook to existing employees, ensuring that they are aware of and understand policy revisions",HR Policies and Procedures,HR Handbooks,"communication methods may include email notifications, town hall meetings, and updates on the company intranet. it's crucial to provide ample notice and explain the changes clearly."
"what role can the hr department play in maintaining and enforcing the policies outlined in the hr handbook, and how can they ensure consistent policy application",HR Policies and Procedures,HR Handbooks,"hr plays a vital role in policy enforcement by educating employees, addressing violations, and providing guidance to managers. consistency is maintained through thorough training and ongoing communication."
"how can organizations ensure that the language and tone used in the hr handbook are clear, concise, and accessible to employees from diverse backgrounds and language abilities",HR Policies and Procedures,HR Handbooks,"using plain language, providing translations if necessary, and offering explanations for complex terms can make the handbook more accessible to a diverse workforce."
"in what ways can organizations customize their hr handbook to align with their company culture, values, and unique policies while still adhering to legal and ethical standards",HR Policies and Procedures,HR Handbooks,"customization can involve adding sections on company culture, values, and mission, and tailoring policy language to reflect the organization's unique approach while remaining legally compliant."
"what distinguishes an employee handbook from other hr documents, and why is it an essential tool for both employees and employers",HR Policies and Procedures,Employee Handbook,an employee handbook is a specific type of hr document that outlines policies and expectations for employees. it is essential for providing employees with guidance and employers with consistency.
"how can organizations create an employee handbook that is informative and engaging, encouraging employees to read and refer to it regularly",HR Policies and Procedures,Employee Handbook,"creating an engaging handbook involves using visuals, infographics, and plain language, and presenting information in a user-friendly format that includes real-life examples."
"what are some examples of policies and topics that should be covered in an employee handbook to provide comprehensive guidance to employees about their rights, responsibilities, and benefits",HR Policies and Procedures,Employee Handbook,"examples include employment terms, code of conduct, leave policies, benefits, workplace safety, communication guidelines, and procedures for addressing workplace issues."
"how can organizations ensure that their employee handbook is legally compliant with federal, state, and local labor laws and regulations, reducing the risk of legal issues",HR Policies and Procedures,Employee Handbook,"ensuring legal compliance involves conducting regular reviews by legal experts, staying updated on changing laws, and making necessary revisions to the handbook accordingly."
"what steps should organizations take to distribute and make the employee handbook accessible to all employees, including remote or off-site workers",HR Policies and Procedures,Employee Handbook,"steps include providing electronic copies, maintaining a digital version on the company intranet, and offering print copies when needed. remote workers should have equal access to the handbook."
how can organizations educate employees about the importance of the employee handbook and encourage them to use it as a resource for policy-related questions and concerns,HR Policies and Procedures,Employee Handbook,"education can involve conducting orientation sessions, highlighting key sections, providing regular reminders, and sharing success stories of employees who benefited from using the handbook."
"what should organizations do to address situations where employees violate policies outlined in the employee handbook, and what are the consequences of policy violations",HR Policies and Procedures,Employee Handbook,"organizations should have a defined disciplinary process for policy violations, which may include verbal warnings, written warnings, suspensions, or termination, depending on the severity and frequency of violations."
"how can organizations maintain the confidentiality of sensitive information included in the employee handbook, such as compensation details or health benefits, to protect employee privacy",HR Policies and Procedures,Employee Handbook,"maintaining confidentiality involves restricting access to the handbook, storing it securely, and ensuring that only authorized personnel can access specific sections containing sensitive information."
"how can organizations adapt their employee handbook to accommodate changes in the workforce, such as the growth of remote work or the introduction of new technologies and communication tools",HR Policies and Procedures,Employee Handbook,"adaptation involves regularly reviewing and updating the handbook to reflect changes in the work environment, technology, and policies related to remote work or other emerging trends."
"what are some examples of successful outcomes that organizations have experienced by implementing an effective employee handbook, such as improved policy adherence or reduced disputes",HR Policies and Procedures,Employee Handbook,"examples may include reduced hr disputes, greater policy adherence, better alignment with company values, and improved overall employee satisfaction."
"what is the purpose of an hr policies manual, and how does it differ from an employee handbook or other hr documents",HR Policies and Procedures,HR Policies Manual,an hr policies manual is a detailed document that provides in-depth information about hr policies and procedures. it differs from an employee handbook by its level of detail and focus on hr-specific matters.
"how can organizations structure an hr policies manual to ensure that it is organized, user-friendly, and easy for employees and hr professionals to navigate",HR Policies and Procedures,HR Policies Manual,"structuring involves creating a table of contents, using headings and subheadings, and providing a searchable digital version for easy access. the manual should be logically organized."
"what are some of the most common hr policies that organizations include in their hr policies manual, and why are they important for effective hr management",HR Policies and Procedures,HR Policies Manual,"common policies include recruitment and selection, compensation and benefits, leave policies, performance management, and code of conduct. these policies are essential for ensuring consistency and fairness in hr practices."
"how can organizations ensure that their hr policies manual reflects the latest legal requirements and industry best practices, reducing legal and compliance risks",HR Policies and Procedures,HR Policies Manual,"regular reviews by legal experts, staying informed about hr trends, and incorporating changes into the manual help ensure that it remains compliant and up-to-date."
how can hr departments use the hr policies manual as a reference tool to provide guidance to managers and employees when handling hr-related issues and inquiries,HR Policies and Procedures,HR Policies Manual,"hr can use the manual as a resource to answer common hr questions, provide guidance on handling hr matters, and ensure consistent application of policies across the organization."
"how should organizations communicate updates and revisions to the hr policies manual to hr professionals and other stakeholders, ensuring awareness and compliance",HR Policies and Procedures,HR Policies Manual,"communication methods may include email notifications, training sessions, webinars, or intranet announcements. it's crucial to provide context for changes and clarify their implications."
"what measures should organizations take to ensure that hr professionals and relevant staff members have access to the hr policies manual at all times, both in digital and printed formats if needed",HR Policies and Procedures,HR Policies Manual,"measures include providing access through the company intranet, distributing printed copies as necessary, and ensuring that the manual is readily available to authorized personnel."
"how can organizations customize their hr policies manual to align with their specific hr practices, company culture, and industry requirements, while maintaining legal compliance",HR Policies and Procedures,HR Policies Manual,customization involves adding sections that reflect company-specific practices and values while ensuring that any customizations remain compliant with relevant laws and regulations.
"in what ways can hr departments use the hr policies manual to support employee training and development, ensuring that employees are aware of hr-related guidelines and expectations",HR Policies and Procedures,HR Policies Manual,"hr can incorporate relevant sections of the manual into training materials, conduct policy-specific training sessions, and use the manual as a reference tool during training programs."
"what role does the hr policies manual play in hr audits and compliance checks, and how can organizations ensure that the manual assists in maintaining a compliant hr environment",HR Policies and Procedures,HR Policies Manual,the manual serves as a reference tool for auditors and can help organizations demonstrate compliance with policies and regulations. regular updates and adherence to guidelines enhance compliance.
"what are policy documents, and why are they a critical component of hr policies and procedures, providing clarity and consistency",HR Policies and Procedures,Policy Documents,"policy documents are written statements that define organizational policies. they are critical for communicating expectations, ensuring consistency, and reducing ambiguity."
"how can organizations create policy documents that are clear, concise, and easy for employees to understand, ensuring that policies are accessible and effective",HR Policies and Procedures,Policy Documents,"creating clear policy documents involves using plain language, organizing information logically, and providing examples or scenarios to illustrate policy application."
"what is the significance of policy documents in hr management, and how do they contribute to maintaining a fair and equitable workplace",HR Policies and Procedures,Policy Documents,"policy documents set clear guidelines for hr practices, help prevent discrimination, and ensure that all employees are treated fairly and consistently."
"how can organizations ensure that their policy documents align with legal requirements and industry standards, reducing the risk of non-compliance and legal disputes",HR Policies and Procedures,Policy Documents,"ensuring alignment involves regular legal reviews, staying informed about changes in laws and regulations, and updating policy documents accordingly."
"what steps should organizations take to communicate policy changes and updates effectively to employees, ensuring awareness and compliance with revised policies",HR Policies and Procedures,Policy Documents,"steps include using multiple communication channels, providing explanations for changes, and offering opportunities for employees to seek clarification or ask questions about updated policies."
"how can organizations ensure that employees have easy access to policy documents and can refer to them when needed, both in digital and printed formats",HR Policies and Procedures,Policy Documents,"providing digital access through the intranet, offering printed copies upon request, and using searchable formats for digital versions ensure easy accessibility for employees."
"what role do policy documents play in the event of hr disputes or conflicts, and how can they serve as a reference tool for resolving issues effectively and fairly",HR Policies and Procedures,Policy Documents,"policy documents serve as a reference point to determine policy adherence and expectations, helping hr professionals and managers resolve disputes according to established guidelines."
"how can organizations ensure that policy documents remain up-to-date and relevant in a dynamic business environment, adapting to changing laws and industry trends",HR Policies and Procedures,Policy Documents,"regular reviews, involvement of legal experts, and a process for identifying and addressing outdated policies help ensure that policy documents remain current and compliant."
"in what ways can hr departments use policy documents to educate and train employees about hr policies, fostering a culture of compliance and ethical conduct",HR Policies and Procedures,Policy Documents,"hr can incorporate policy documents into training materials, conduct policy-specific training sessions, and provide resources for employees to access policy information easily."
"what are some examples of the positive outcomes that organizations can achieve by maintaining well-structured and up-to-date policy documents, such as reduced legal risks or enhanced employee trust",HR Policies and Procedures,Policy Documents,"examples may include reduced legal risks, better employee understanding of policies, fewer disputes, improved employee trust, and a more transparent organizational culture."
"what is the termination process in an organization, and why is it important to have a structured procedure in place for employee separations",Termination and Offboarding,Termination Process,"the termination process involves the steps taken when an employee leaves the organization, ensuring a smooth transition and compliance with legal and company requirements. a structured procedure promotes consistency and minimizes legal risks."
how can organizations create a termination process that adheres to legal requirements while also demonstrating empathy and respect for departing employees,Termination and Offboarding,Termination Process,"a well-crafted process includes conducting exit interviews, providing information on benefits and final paychecks, collecting company property, and ensuring a respectful and supportive environment during the transition."
"what documentation is typically involved in the termination process, and how can organizations ensure that it is completed accurately and thoroughly",Termination and Offboarding,Termination Process,"documentation includes termination letters, separation agreements, final pay statements, and benefits information. to ensure accuracy, hr professionals should follow established checklists and verify information with departing employees."
"how should organizations handle the termination process for employees who resign voluntarily, and what steps should be taken to collect necessary information and property",Termination and Offboarding,Termination Process,"for voluntary resignations, organizations should schedule exit interviews, collect equipment and access credentials, and provide information on benefits, final pay, and any post-employment obligations."
"what are the best practices for notifying employees about their termination, and how can organizations ensure that the process is conducted with professionalism and sensitivity",Termination and Offboarding,Termination Process,"best practices include conducting termination meetings in a private and empathetic setting, providing a clear explanation of the termination reasons, and offering resources for transitioning to new employment."
"how can organizations maintain consistency in the termination process, ensuring that policies and procedures are applied fairly to all employees, regardless of their position or circumstances",Termination and Offboarding,Termination Process,"consistency can be achieved by adhering to established hr policies, providing training to hr professionals, and conducting periodic reviews of the termination process to identify and address potential bias."
"what measures should organizations take to ensure that departing employees return company property, such as laptops, access badges, and other equipment, as part of the termination process",Termination and Offboarding,Termination Process,"measures include creating an equipment return process, conducting inventory checks, and clearly communicating the return requirements to departing employees."
"how can organizations handle the termination process when employees are terminated for reasons related to misconduct or policy violations, ensuring a balance between accountability and fairness",Termination and Offboarding,Termination Process,"handling such terminations involves following established disciplinary procedures, conducting thorough investigations, documenting the reasons for termination, and providing employees with an opportunity to respond to allegations."
"what role can hr professionals play in assisting departing employees during the termination process, and how can they provide support and resources for a successful transition",Termination and Offboarding,Termination Process,"hr professionals can offer guidance on unemployment benefits, provide information on outplacement services, and offer references or letters of recommendation to departing employees, helping them with their job search."
"how can organizations ensure that the termination process is compliant with applicable labor laws, including notice periods, final pay requirements, and employee rights, to prevent legal complications",Termination and Offboarding,Termination Process,"ensuring compliance involves conducting legal reviews, staying informed about labor laws, and seeking legal counsel when necessary to develop and maintain a compliant termination process."
"what are exit interviews, and why are they a valuable tool for organizations to gather feedback and insights from departing employees",Termination and Offboarding,Exit Interviews,exit interviews are structured discussions with departing employees to gather feedback on their experiences and reasons for leaving. they provide valuable insights for improving hr practices and retention strategies.
how can organizations conduct exit interviews effectively to ensure that departing employees feel comfortable sharing their feedback and concerns,Termination and Offboarding,Exit Interviews,"effective exit interviews involve conducting them in a private and confidential setting, using open-ended questions, and assuring departing employees that their feedback will be treated confidentially and used constructively."
what types of questions should organizations ask during exit interviews to collect meaningful and actionable feedback from departing employees,Termination and Offboarding,Exit Interviews,"questions should cover topics like job satisfaction, reasons for leaving, suggestions for improvement, experiences with management, and any workplace concerns. open-ended questions encourage detailed responses."
"how can organizations analyze and use the feedback gathered from exit interviews to make improvements in areas such as employee retention, company culture, and hr practices",Termination and Offboarding,Exit Interviews,"analysis involves identifying common themes and patterns in feedback, comparing feedback across departments or teams, and using the insights to develop actionable strategies for improvement."
"what steps should organizations take to ensure that the feedback collected during exit interviews is kept confidential and used in a constructive manner, without disclosing departing employees' identities",Termination and Offboarding,Exit Interviews,"steps include anonymizing feedback, aggregating data to maintain confidentiality, and having designated individuals responsible for analyzing and acting on feedback without revealing sources."
"how can organizations communicate the importance of exit interviews to departing employees, encouraging their participation and providing assurance that their feedback matters",Termination and Offboarding,Exit Interviews,"communication should emphasize the value of feedback in driving positive changes, ensuring departing employees that their input is valuable, and explaining the confidentiality of the process."
"what are some common challenges or obstacles that organizations may encounter when conducting exit interviews, and how can they overcome these challenges to gather meaningful feedback",Termination and Offboarding,Exit Interviews,"challenges may include reluctance to provide honest feedback or time constraints. overcoming these challenges involves building trust, ensuring anonymity, and making the process as convenient as possible for departing employees."
"how can organizations use the insights gained from exit interviews to identify and address specific areas of concern, such as management issues, workplace culture, or compensation concerns",Termination and Offboarding,Exit Interviews,"organizations can use the insights to develop targeted action plans, provide training for managers, adjust hr policies, and communicate changes transparently to employees."
"what role can hr professionals play in facilitating exit interviews, ensuring that departing employees have a positive experience and feel heard during the process",Termination and Offboarding,Exit Interviews,"hr professionals can conduct the interviews impartially, create a safe and confidential environment, and follow up with departing employees to share feedback outcomes or actions taken as a result of their input."
"how can organizations track and measure the impact of changes or improvements made based on feedback gathered from exit interviews, ensuring that they lead to positive outcomes and increased employee retention",Termination and Offboarding,Exit Interviews,"measurement involves monitoring key metrics such as turnover rates, employee satisfaction scores, and feedback from current employees to assess the impact of changes made in response to exit interview insights."
"what is separation documentation, and why is it a critical aspect of the termination process, providing legal and organizational clarity",Termination and Offboarding,Separation Documentation,separation documentation consists of written records and agreements that outline the terms and conditions of an employee's departure. it is critical for legal protection and establishing clear expectations.
"what are the essential components of separation documentation, and how can organizations ensure that they are accurately and comprehensively documented for each departing employee",Termination and Offboarding,Separation Documentation,"components include termination letters, separation agreements, non-disclosure agreements, and information on final pay and benefits. accurate documentation involves following established checklists and guidelines."
"how can organizations use separation documentation to ensure that departing employees understand their rights, responsibilities, and the implications of their departure",Termination and Offboarding,Separation Documentation,"providing clear and comprehensive documentation helps departing employees understand their severance benefits, obligations, non-compete clauses, and any post-employment restrictions or requirements."
"what steps should organizations take to ensure that separation documentation is legally compliant with labor laws and regulations, reducing the risk of legal disputes",Termination and Offboarding,Separation Documentation,"steps include conducting legal reviews, consulting with legal experts, and regularly updating documentation to reflect changes in laws and regulations."
"how can organizations maintain confidentiality and security when handling separation documentation, ensuring that sensitive information is protected",Termination and Offboarding,Separation Documentation,"maintaining confidentiality involves limiting access to the documentation, storing it securely, and ensuring that only authorized personnel handle and process separation documents."
"what role do separation agreements play in the termination process, and how can organizations create agreements that are fair, legally sound, and mutually beneficial",Termination and Offboarding,Separation Documentation,"separation agreements outline the terms and conditions of separation, including severance packages and post-employment obligations. creating fair agreements involves negotiation and legal review to ensure compliance."
"how can organizations communicate the contents of separation documentation to departing employees in a clear and understandable manner, ensuring that employees are fully informed about their rights and obligations",Termination and Offboarding,Separation Documentation,"communication involves providing explanations, addressing questions, and offering legal counsel if needed to help departing employees fully understand the documentation they are asked to sign."
"what measures should organizations take to ensure that separation documentation is properly signed and executed by both parties, establishing a legally binding agreement",Termination and Offboarding,Separation Documentation,"measures include obtaining signatures in the presence of witnesses or notaries, providing copies to departing employees, and maintaining records of signed documents for legal purposes."
"how can organizations track and manage the expiration of post-employment obligations outlined in separation documentation, ensuring that both parties fulfill their respective commitments",Termination and Offboarding,Separation Documentation,"tracking involves creating a system to monitor post-employment obligations, sending reminders, and taking appropriate legal action if obligations are not met."
"what are the potential consequences for organizations if they do not maintain accurate and legally compliant separation documentation, and how can they mitigate legal risks associated with terminations",Termination and Offboarding,Separation Documentation,"consequences may include legal disputes, financial penalties, and reputational damage. mitigating risks involves regular legal reviews, compliance checks, and thorough documentation practices."
"what are exit surveys, and how do they differ from exit interviews in collecting feedback and insights from departing employees",Termination and Offboarding,Exit Surveys,exit surveys are structured questionnaires or forms that departing employees complete anonymously to provide feedback. they differ from exit interviews in that they are typically more structured and may be completed independently.
how can organizations design effective exit surveys that capture valuable feedback and insights from departing employees while ensuring anonymity and honesty,Termination and Offboarding,Exit Surveys,"effective surveys include a mix of closed and open-ended questions, cover relevant topics, ensure anonymity, and encourage departing employees to provide candid feedback without fear of retaliation."
"what types of questions should organizations include in exit surveys to assess various aspects of the employee experience, such as job satisfaction, management effectiveness, and workplace culture",Termination and Offboarding,Exit Surveys,"questions should cover topics such as job role satisfaction, management communication, workplace environment, opportunities for growth, and overall experiences during employment."
how can organizations ensure that the data collected through exit surveys is analyzed and used effectively to drive improvements in hr practices and employee retention,Termination and Offboarding,Exit Surveys,"effective use involves aggregating survey data, identifying trends, and using the insights to develop action plans, implement changes, and measure the impact of improvements over time."
"what measures should organizations take to protect the anonymity and confidentiality of departing employees who participate in exit surveys, ensuring their honest feedback is not disclosed",Termination and Offboarding,Exit Surveys,"measures include using third-party survey platforms, aggregating and reporting data in a way that prevents individual identification, and assuring departing employees of the confidentiality of their responses."
"how can organizations encourage departing employees to participate in exit surveys and provide honest feedback, even if they have reservations or concerns about potential repercussions",Termination and Offboarding,Exit Surveys,"encouragement can involve emphasizing the importance of feedback, highlighting the confidential nature of surveys, and assuring departing employees that their feedback will be used constructively for positive change."
"what are some common challenges or limitations associated with exit surveys, and how can organizations address these challenges to collect meaningful and actionable feedback",Termination and Offboarding,Exit Surveys,"challenges may include low response rates or incomplete surveys. addressing challenges involves making surveys convenient, short, and relevant, and regularly reviewing and improving the survey process."
"how can organizations use the insights gained from exit surveys to identify specific areas of concern, make targeted improvements, and measure the impact of changes on employee retention and satisfaction",Termination and Offboarding,Exit Surveys,"organizations can use survey data to prioritize areas for improvement, develop action plans, and measure outcomes through follow-up surveys, retention metrics, and feedback from current employees."
"what role can hr professionals play in administering and analyzing exit surveys, ensuring that the process is efficient and that survey data is acted upon for meaningful change",Termination and Offboarding,Exit Surveys,"hr professionals can design surveys, ensure data collection processes are smooth, analyze survey results, and collaborate with other departments to implement changes based on survey feedback."
"how can organizations maintain a culture of continuous improvement by regularly using exit surveys as a tool to gather feedback, adapt hr practices, and enhance employee experiences",Termination and Offboarding,Exit Surveys,"maintaining a culture of improvement involves conducting exit surveys consistently, setting benchmarks for improvement, and communicating changes and progress to employees transparently."
"what is feedback collection in the context of employee offboarding, and why is it important for organizations to gather feedback from departing employees",Termination and Offboarding,Feedback Collection,feedback collection involves gathering insights and input from departing employees about their experiences and reasons for leaving. it is essential for improving hr practices and employee retention.
"how can organizations create a feedback collection process that encourages departing employees to share their honest opinions, concerns, and suggestions for improvement",Termination and Offboarding,Feedback Collection,"creating an effective process involves providing multiple channels for feedback, ensuring anonymity, and emphasizing that feedback will be used constructively to drive positive changes."
"what methods and channels can organizations use to collect feedback from departing employees, and how can they ensure that feedback collection is convenient and accessible",Termination and Offboarding,Feedback Collection,"methods may include surveys, interviews, focus groups, or online platforms. ensuring convenience involves allowing departing employees to choose the method that suits them best and providing clear instructions for feedback submission."
"how can organizations design feedback collection forms or surveys that include questions targeting specific aspects of the employee experience, such as job satisfaction, leadership, and workplace culture",Termination and Offboarding,Feedback Collection,designing effective forms involves including both quantitative and qualitative questions that cover various aspects of the employee experience and allow departing employees to provide detailed feedback.
"how should organizations handle the feedback collected from departing employees, ensuring that it is analyzed, categorized, and used to drive meaningful improvements",Termination and Offboarding,Feedback Collection,"handling feedback involves aggregating responses, identifying trends or common concerns, categorizing feedback by topic, and using the insights to develop action plans for improvement."
"what measures should organizations take to protect the anonymity and confidentiality of departing employees who provide feedback, reassuring them that their input will remain confidential",Termination and Offboarding,Feedback Collection,"measures include using third-party platforms for feedback collection, aggregating and reporting data in a way that prevents individual identification, and assuring departing employees of the confidentiality of their feedback."
"how can organizations communicate the importance of feedback collection to departing employees, encouraging their participation and emphasizing the value of their input",Termination and Offboarding,Feedback Collection,"communication should highlight the role of feedback in driving positive changes, assure departing employees of the confidentiality of their input, and emphasize the organization's commitment to listening and improving."
"what are some common challenges or obstacles that organizations may encounter when collecting feedback from departing employees, and how can they address these challenges to gather meaningful insights",Termination and Offboarding,Feedback Collection,"challenges may include low participation rates or vague feedback. addressing challenges involves making feedback collection convenient, anonymous, and focused on specific topics or questions."
"how can organizations use the insights gained from feedback collection to make targeted improvements in hr practices, address areas of concern, and enhance employee retention and satisfaction",Termination and Offboarding,Feedback Collection,"organizations can use feedback data to identify priorities, develop action plans, implement changes, and measure progress through follow-up feedback collection and retention metrics."
"what role can hr professionals play in facilitating and managing the feedback collection process, ensuring that it is efficient, unbiased, and results-oriented",Termination and Offboarding,Feedback Collection,"hr professionals can design feedback collection processes, ensure data collection is conducted impartially, analyze feedback data, and collaborate with relevant departments to implement changes based on feedback."
"what is an offboarding checklist, and why is it a valuable tool for organizations to ensure that all necessary steps are completed when employees leave the company",Termination and Offboarding,Offboarding Checklist,an offboarding checklist is a comprehensive list of tasks and actions to be taken during the employee departure process. it is valuable for ensuring a smooth transition and compliance with organizational and legal requirements.
"what are the essential items typically included in an offboarding checklist, and how can organizations customize it to meet their specific needs and policies",Termination and Offboarding,Offboarding Checklist,"essential items include equipment returns, access revocation, exit interviews, documentation completion, benefits information, and final paychecks. customization involves adding or removing items based on organizational requirements."
"how can organizations ensure that the offboarding checklist is consistently applied to all departing employees, regardless of their role or department, to maintain fairness and compliance",Termination and Offboarding,Offboarding Checklist,"ensuring consistency involves creating standardized checklists, providing training to hr professionals, and conducting periodic reviews to identify and address any potential deviations from the checklist."
"what role can technology and hr software play in streamlining the offboarding checklist process, reducing administrative burden, and ensuring that no critical steps are overlooked",Termination and Offboarding,Offboarding Checklist,"hr software can automate checklist workflows, send reminders, track task completion, and provide hr professionals with real-time visibility into the offboarding progress for each departing employee."
"how can organizations ensure that the offboarding checklist includes all necessary steps to protect the organization's intellectual property and data security, especially when employees have access to sensitive information",Termination and Offboarding,Offboarding Checklist,"protecting intellectual property and data security involves including tasks such as data access revocation, ensuring the return of company devices, and conducting security debriefings with departing employees."
"what steps should organizations take to ensure that departing employees receive a comprehensive explanation of their benefits, including options for continuation or conversion, and that they have the opportunity to ask questions",Termination and Offboarding,Offboarding Checklist,"steps include providing benefits booklets or documents, scheduling benefit meetings with hr or benefits administrators, and offering departing employees access to benefits support resources."
"how can organizations use the offboarding checklist to create a positive experience for departing employees, showing appreciation for their contributions and maintaining goodwill",Termination and Offboarding,Offboarding Checklist,"creating a positive experience involves expressing gratitude, providing references or letters of recommendation, and offering departing employees resources for career transition, such as job search assistance."
what measures should organizations take to ensure that the offboarding checklist is completed in a timely manner and that departing employees receive their final paychecks and other entitlements promptly,Termination and Offboarding,Offboarding Checklist,"measures include setting clear timelines, sending reminders to hr professionals responsible for checklist tasks, and conducting regular audits to ensure compliance with payment and documentation requirements."
"how can organizations use the data and insights collected through the offboarding checklist process to identify trends, address recurring issues, and improve the overall employee departure experience",Termination and Offboarding,Offboarding Checklist,"organizations can use checklist data to identify areas for improvement, develop action plans, and measure progress in terms of checklist completion, employee satisfaction, and adherence to policies."
"what role can hr professionals play in facilitating the offboarding checklist process, ensuring that departing employees are guided through the necessary steps, and that their questions and concerns are addressed",Termination and Offboarding,Offboarding Checklist,"hr professionals can serve as guides, providing departing employees with checklists, explaining the process, and offering support and assistance throughout the offboarding journey."
"why is the return of company equipment, such as laptops, access badges, and other assets, a critical step in the employee termination process",Termination and Offboarding,Equipment Returns,"the return of company equipment is critical to protect the organization's assets, data security, and intellectual property. it also ensures that departing employees fulfill their obligations."
"what are the common types of company equipment that departing employees are typically required to return during the termination process, and why is this important for security and compliance",Termination and Offboarding,Equipment Returns,"common equipment includes laptops, mobile devices, access badges, keys, company-owned tools, and any other items issued to employees. returning them is important to prevent unauthorized access and safeguard company resources."
"how can organizations establish a clear and efficient process for collecting and documenting the return of company equipment, ensuring that nothing is overlooked during the termination process",Termination and Offboarding,Equipment Returns,"establishing a process involves creating equipment return checklists, conducting inventory checks, providing clear instructions to departing employees, and designating personnel responsible for equipment collection."
what steps should organizations take to communicate the importance of equipment returns to departing employees and ensure their cooperation in returning all company assets promptly,Termination and Offboarding,Equipment Returns,"steps include explaining the significance of equipment returns in protecting data and company interests, scheduling equipment return appointments, and offering assistance with packaging and shipping if needed."
"how can organizations use technology, such as asset tracking systems or barcoding, to streamline the equipment return process, minimize errors, and ensure the accurate collection of assets",Termination and Offboarding,Equipment Returns,"technology can help organizations track equipment, automate inventory checks, and generate reports to confirm that all assets have been returned by departing employees."
"what measures should organizations take to ensure that departing employees are held accountable for any lost, damaged, or unreturned company equipment, and that appropriate actions are taken to address these situations",Termination and Offboarding,Equipment Returns,"measures include clearly communicating equipment return expectations, conducting thorough inspections, and following established policies for handling lost or damaged equipment, including financial responsibility."
"how can organizations ensure that the equipment return process is handled professionally, maintaining a positive relationship with departing employees, even when disagreements or disputes arise regarding the condition of equipment",Termination and Offboarding,Equipment Returns,"handling disputes professionally involves offering clear explanations, providing evidence when necessary, and following a fair and transparent process for resolving disagreements and assessing equipment condition."
"how can organizations use data and records related to equipment returns to maintain accurate inventory records, track asset utilization, and make informed decisions about equipment replacement or upgrades",Termination and Offboarding,Equipment Returns,"organizations can use data to update inventory records, assess the condition of returned equipment, identify patterns of wear and tear, and make informed decisions about equipment maintenance, replacement, or upgrades."
"what role can hr professionals play in overseeing and facilitating the equipment return process, ensuring that departing employees have a clear understanding of their responsibilities and obligations",Termination and Offboarding,Equipment Returns,"hr professionals can provide departing employees with equipment return instructions, answer questions, schedule return appointments, and collaborate with it or facilities teams to ensure a smooth equipment collection process."
"how can organizations ensure that the equipment return process aligns with legal requirements and labor laws, particularly when handling equipment that may contain personal data or sensitive information",Termination and Offboarding,Equipment Returns,"ensuring compliance involves following data protection regulations, securely wiping data from returned devices, and documenting the return process to demonstrate legal and ethical handling of equipment and data."
"what is access revocation in the context of employee offboarding, and why is it crucial for organizations to promptly deactivate access to company systems and data when employees leave",Termination and Offboarding,Access Revocation,"access revocation involves disabling departing employees' access to company systems, applications, and data to prevent unauthorized use and safeguard sensitive information. it is crucial for security and compliance."
"what types of access and permissions should organizations revoke when an employee departs, and how can they ensure that all access points are identified and addressed",Termination and Offboarding,Access Revocation,"access includes email accounts, system logins, network access, application permissions, and physical access cards. organizations can use access checklists to identify and address all points of access."
"how can organizations establish a streamlined process for access revocation, ensuring that it is conducted promptly and efficiently upon confirmation of an employee's departure",Termination and Offboarding,Access Revocation,"establishing a process involves creating access revocation checklists, coordinating with it and security teams, and setting clear timelines for deactivating access based on departure dates."
what steps should organizations take to communicate the access revocation process to departing employees and ensure that they understand the implications of losing access to company systems,Termination and Offboarding,Access Revocation,"steps include notifying departing employees of the access revocation process during the termination meeting, providing clear explanations, and offering support for data backup or retrieval if needed."
"how can organizations use technology and identity management systems to automate the access revocation process, reducing the risk of human error and ensuring that access is revoked promptly and comprehensively",Termination and Offboarding,Access Revocation,"technology can automate access deactivation based on predefined rules, generate access audit trails, and provide it teams with tools to efficiently manage access revocation for departing employees."
"what measures should organizations take to ensure that access revocation is conducted securely, particularly when employees have had access to sensitive or confidential data",Termination and Offboarding,Access Revocation,"measures include implementing multi-factor authentication, securely archiving or deleting data when necessary, and regularly auditing access revocation processes to identify vulnerabilities."
"how can organizations address situations where departing employees may resist or dispute the revocation of access to certain systems or data, and what steps should be taken to resolve these issues professionally",Termination and Offboarding,Access Revocation,"addressing disputes involves explaining the necessity of access revocation, providing evidence when required, and following established dispute resolution processes to ensure that security is maintained while respecting employee concerns."
"how can organizations use access revocation data and audit logs to demonstrate compliance with data protection regulations, protect against potential data breaches, and maintain a record of access changes for legal and security purposes",Termination and Offboarding,Access Revocation,"organizations can use audit logs to demonstrate compliance, monitor access activity, and provide evidence of access revocation to regulatory authorities or auditors when required."
"what role can hr professionals play in coordinating and facilitating the access revocation process, ensuring that access points are identified, and that departing employees have a clear understanding of the process",Termination and Offboarding,Access Revocation,"hr professionals can collaborate with it and security teams, provide departing employees with information on access revocation, and serve as a liaison to address questions or concerns during the process."
"how can organizations ensure that the access revocation process aligns with legal requirements and data protection regulations, particularly when handling access to personal data or confidential information",Termination and Offboarding,Access Revocation,"ensuring compliance involves following data protection laws, documenting the access revocation process, and securely handling and storing data accessed by departing employees."
"why is the timely issuance of final paychecks to departing employees a critical legal and ethical obligation for organizations, and how does it impact the employee departure process",Termination and Offboarding,Final Paychecks,timely final paychecks are a legal requirement in many jurisdictions and contribute to a positive employee departure experience. delayed or inaccurate payments can lead to legal disputes and damage an organization's reputation.
"what components typically make up an employee's final paycheck, and how can organizations ensure that all entitlements, deductions, and withholdings are accurately calculated and processed",Termination and Offboarding,Final Paychecks,"components may include base salary, accrued but unused vacation or pto, bonuses, and deductions for taxes and benefits. organizations can use payroll software to ensure accurate calculations and compliance with legal requirements."
how can organizations establish a clear and efficient process for final paycheck processing to ensure that departing employees receive their payments promptly upon departure,Termination and Offboarding,Final Paychecks,"establishing a process involves setting clear timelines, coordinating with payroll or finance teams, and conducting audits to verify the accuracy of final paycheck calculations."
"what steps should organizations take to communicate the final paycheck process to departing employees, including details on payment methods, timelines, and any deductions or withholdings",Termination and Offboarding,Final Paychecks,"steps include providing written documentation of the final paycheck process during the termination meeting, explaining the payment timeline, and addressing departing employees' questions or concerns about deductions or withholdings."
"how can organizations use payroll software and automated payment systems to ensure that final paychecks are processed efficiently and accurately, reducing the risk of errors or delays",Termination and Offboarding,Final Paychecks,"payroll software can automate calculations, generate pay stubs, and facilitate direct deposits, ensuring that final paychecks are processed promptly and accurately based on the departing employee's entitlements."
"what measures should organizations take to address situations where departing employees dispute the calculation or amount of their final paycheck, and what steps should be followed to resolve such disputes professionally",Termination and Offboarding,Final Paychecks,"addressing disputes involves reviewing payroll records, providing explanations of calculations, and following established dispute resolution procedures to address discrepancies while maintaining transparency and fairness."
"how can organizations ensure that final paychecks are processed securely and confidentially, protecting departing employees' financial information and complying with data privacy laws",Termination and Offboarding,Final Paychecks,"ensuring security involves restricting access to payroll data, encrypting payment transmissions, and securely storing financial information in compliance with data privacy regulations."
"what role can hr professionals play in overseeing and facilitating the final paycheck process, ensuring that departing employees are informed, payments are processed correctly, and disputes are addressed promptly",Termination and Offboarding,Final Paychecks,"hr professionals can provide departing employees with information about final paychecks, assist with dispute resolution, and collaborate with payroll or finance teams to ensure the accuracy and timeliness of payments."
"how can organizations ensure that the final paycheck process complies with local labor laws and regulations, especially in regions with specific requirements for payment timelines and types of compensation",Termination and Offboarding,Final Paychecks,"compliance involves staying informed about labor laws in each jurisdiction, updating payroll practices accordingly, and seeking legal counsel or advice when necessary to ensure compliance with local regulations."
"how can organizations use the final paycheck process as an opportunity to leave departing employees with a positive last impression, expressing gratitude and goodwill as they transition to their next career step",Termination and Offboarding,Final Paychecks,"expressing gratitude involves including a thank-you note or message with the final paycheck, offering assistance with benefits transition, and maintaining professionalism and respect throughout the payment process."
"what is data analytics in the context of hr, and how does it help hr professionals make informed decisions related to workforce management",HR Analytics,Data Analytics,"data analytics in hr involves the systematic analysis of hr data to gain insights, identify trends, and support decision-making. it helps hr professionals make data-driven decisions on recruitment, retention, and talent management."
"what are the primary sources of hr data that organizations can use for data analytics, and how can they ensure data accuracy and completeness",HR Analytics,Data Analytics,"sources include hris databases, performance evaluations, payroll records, and employee surveys. data accuracy can be ensured through data validation, regular updates, and data integration from various systems."
"how can hr professionals leverage data analytics tools and techniques to predict employee turnover, identify retention strategies, and reduce talent attrition within the organization",HR Analytics,Data Analytics,"hr professionals can use predictive analytics models, analyze historical turnover data, and identify factors contributing to turnover, enabling them to implement targeted retention initiatives and strategies."
"what role can data analytics play in assessing employee performance and productivity, and how can hr professionals use these insights to optimize workforce efficiency",HR Analytics,Data Analytics,"data analytics can help hr professionals measure performance, identify high-performing teams or individuals, and pinpoint areas for improvement. this data can guide performance management and talent development efforts."
"how can organizations use data analytics to assess the effectiveness of their recruitment and hiring processes, optimize time-to-fill positions, and attract top talent more efficiently",HR Analytics,Data Analytics,"data analytics can analyze recruitment data to identify bottlenecks, streamline processes, and optimize sourcing channels. this leads to quicker, more effective hiring and better candidate experiences."
"what are some common challenges organizations may face when implementing data analytics in hr, and how can they overcome these challenges to realize the full potential of hr data",HR Analytics,Data Analytics,"challenges may include data quality issues, lack of data integration, and resistance to change. overcoming challenges involves investing in data quality, fostering a data-driven culture, and providing training for hr teams."
how can hr professionals use data analytics to identify skill gaps within the workforce and develop targeted training and development programs to address these gaps,HR Analytics,Data Analytics,"data analytics can assess employee skills, training completion rates, and performance data to pinpoint gaps. this enables hr to design and implement training programs that align with organizational needs."
what are some key performance indicators (kpis) that hr professionals commonly use in data analytics to measure hr effectiveness and workforce productivity,HR Analytics,Data Analytics,"common kpis include turnover rate, time-to-hire, employee engagement scores, cost per hire, and revenue per employee. these metrics help hr assess performance and make data-driven decisions."
how can hr analytics contribute to diversity and inclusion efforts within organizations by identifying areas for improvement and tracking progress toward more diverse and inclusive workplaces,HR Analytics,Data Analytics,"hr analytics can analyze diversity data, identify representation gaps, and track diversity and inclusion kpis. this information guides initiatives to create more inclusive workplaces."
"what are some best practices for ensuring data security and privacy in hr analytics, particularly when handling sensitive employee information",HR Analytics,Data Analytics,"best practices include data encryption, access controls, anonymization of data, and compliance with data protection regulations like gdpr or hipaa, where applicable."
"what are data analysis tools in hr, and how can organizations benefit from using software and platforms designed for hr data analysis",HR Analytics,Data Analysis Tools,"data analysis tools in hr encompass software and platforms that facilitate data collection, analysis, visualization, and reporting. they help organizations make data-driven decisions, improve hr processes, and optimize workforce management."
"what are some popular hr data analysis tools and software solutions available in the market, and how can organizations choose the right tools to meet their specific needs",HR Analytics,Data Analysis Tools,"popular tools include tableau, power bi, sap successfactors, and ibm watson talent analytics. organizations should evaluate tools based on factors like data integration capabilities, ease of use, and scalability."
"how can data analysis tools assist hr professionals in identifying patterns and trends in employee data, such as performance trends, turnover patterns, or recruitment success rates",HR Analytics,Data Analysis Tools,"data analysis tools provide visualizations, dashboards, and statistical analyses to help hr professionals uncover patterns, correlations, and trends within hr data, facilitating data-driven decision-making."
"what role do data visualization tools play in hr analytics, and how can they help hr professionals communicate data insights effectively to stakeholders within the organization",HR Analytics,Data Analysis Tools,"data visualization tools create graphical representations of hr data, making it easier to convey complex information. hr professionals use them to present insights and trends to executives and other stakeholders for informed decision-making."
"how can organizations use predictive analytics tools within hr to forecast future workforce needs, anticipate skill shortages, and develop proactive recruitment and talent strategies",HR Analytics,Data Analysis Tools,"predictive analytics tools analyze historical data to identify trends and predict future workforce needs. hr can use these insights to plan for recruitment, training, and talent development."
"what are the steps involved in implementing a new data analysis tool for hr, from data integration to training hr teams on its use, and how can organizations ensure a smooth transition",HR Analytics,Data Analysis Tools,"steps include data migration, tool configuration, user training, and establishing data governance practices. a change management strategy can ensure a smooth transition and user adoption of the new tool."
how can hr professionals leverage data analysis tools to create custom reports and dashboards that align with specific hr goals and organizational objectives,HR Analytics,Data Analysis Tools,"data analysis tools provide customizable reporting features, allowing hr to design reports that track key metrics, performance indicators, and hr initiatives tailored to the organization's needs."
"what measures should organizations take to ensure that data analysis tools used for hr purposes comply with data security and privacy regulations, safeguarding sensitive employee information",HR Analytics,Data Analysis Tools,"measures include data encryption, user access controls, regular security audits, and compliance with applicable data protection laws. ensuring data security is crucial when handling employee data."
"how can hr professionals use data analysis tools to evaluate the effectiveness of hr programs and initiatives, measure their impact on employee engagement, and adjust strategies accordingly",HR Analytics,Data Analysis Tools,"data analysis tools can assess hr program outcomes, employee feedback, and engagement metrics to gauge program effectiveness. hr can use these insights to refine strategies and improve outcomes."
how can organizations stay up-to-date with the latest advancements in data analysis tools and technologies to ensure that their hr analytics capabilities remain competitive and effective,HR Analytics,Data Analysis Tools,"staying current involves continuous learning, attending industry conferences, networking with hr analytics professionals, and exploring emerging technologies and trends in data analysis."
"what is metrics tracking in hr, and why is it important for organizations to monitor key hr metrics and indicators to make informed decisions",HR Analytics,Metrics Tracking,metrics tracking in hr involves the systematic collection and analysis of key performance indicators (kpis) and data to assess hr effectiveness and guide decision-making. it's important as it helps organizations optimize workforce management and align hr with business goals.
"what are some essential hr metrics that organizations commonly track, and how do these metrics provide insights into workforce performance, engagement, and efficiency",HR Analytics,Metrics Tracking,"common metrics include turnover rate, time-to-fill vacancies, employee engagement scores, cost per hire, and revenue per employee. these metrics offer insights into hr and workforce effectiveness."
"how can organizations establish a structured process for tracking hr metrics, including data collection, analysis, reporting, and action planning based on the insights gained",HR Analytics,Metrics Tracking,"establishing a process involves defining kpis, collecting relevant data, setting reporting schedules, and developing action plans to address areas requiring improvement based on metric insights."
"what role does benchmarking play in hr metrics tracking, and how can organizations use benchmarking data to assess their hr performance compared to industry standards and competitors",HR Analytics,Metrics Tracking,"benchmarking involves comparing hr metrics against industry benchmarks to identify areas for improvement. it helps organizations set realistic goals, measure progress, and adapt strategies to achieve best-in-class performance."
"how can hr professionals use hr analytics and metrics tracking to identify areas of concern within the organization, such as high turnover in specific departments, and develop targeted solutions to address these issues",HR Analytics,Metrics Tracking,"hr analytics can pinpoint areas of concern through metrics analysis. hr professionals can then create tailored strategies, such as retention programs or improved hiring practices, to address these specific challenges."
"what are some common challenges organizations may encounter when tracking hr metrics, and how can they overcome these challenges to ensure accurate and reliable data collection and analysis",HR Analytics,Metrics Tracking,"challenges may include data quality issues, lack of data integration, and selecting appropriate kpis. overcoming challenges involves investing in data quality, data integration, and aligning metrics with organizational goals."
"how can hr professionals use metrics tracking to measure the impact of hr initiatives and programs, such as training and development initiatives, on employee performance and organizational success",HR Analytics,Metrics Tracking,"metrics tracking can assess the outcomes and effectiveness of hr programs by measuring relevant kpis, such as performance improvements, training completion rates, and talent development progress."
what measures should organizations take to ensure that hr metrics tracking remains compliant with data privacy regulations and that sensitive employee information is protected during data collection and reporting,HR Analytics,Metrics Tracking,"measures include data anonymization, access controls, and compliance with data protection laws like gdpr or hipaa. protecting employee data is paramount when tracking hr metrics."
"how can organizations use hr metrics tracking to align hr strategies with broader business goals, ensuring that hr efforts contribute to the overall success and growth of the organization",HR Analytics,Metrics Tracking,"hr metrics can be linked to business outcomes, allowing hr to demonstrate its impact on revenue, profitability, and organizational objectives. this alignment helps hr play a strategic role in achieving business goals."
"what role can hr professionals play in advocating for the importance of hr metrics tracking within the organization, fostering a data-driven culture, and promoting the use of data in decision-making at all levels",HR Analytics,Metrics Tracking,"hr professionals can advocate for metrics tracking by educating leaders and employees about the benefits, providing training on data interpretation, and showcasing success stories where data-driven decisions led to positive outcomes."
"what are hr metrics, and why are they essential for organizations to measure and analyze to assess hr performance and workforce effectiveness",HR Analytics,HR Metrics,"hr metrics are quantifiable measures that provide insights into various aspects of hr, such as talent acquisition, employee engagement, and retention. they are essential for evaluating hr strategies and aligning them with organizational goals."
what are some examples of key hr metrics that organizations commonly track to evaluate talent acquisition effectiveness and assess the quality of their recruitment processes,HR Analytics,HR Metrics,"examples include time-to-fill vacancies, cost per hire, applicant-to-hire ratios, and the effectiveness of various recruitment sources (e.g., job boards, referrals). these metrics help optimize recruitment efforts."
"how can organizations use hr metrics related to employee engagement, such as survey scores or participation rates, to gauge workforce morale, identify areas for improvement, and enhance overall employee satisfaction",HR Analytics,HR Metrics,"hr metrics related to engagement can assess employee satisfaction, identify engagement drivers, and help hr professionals design strategies to improve morale and retention."
"how do hr metrics related to turnover and retention, such as turnover rate and voluntary turnover, provide insights into the organization's ability to attract, retain, and develop talent",HR Analytics,HR Metrics,"turnover metrics indicate the organization's ability to retain talent. high turnover rates may signal issues with retention strategies, while low turnover may indicate successful retention efforts."
"what are some commonly tracked hr metrics associated with workforce productivity, and how can organizations use these metrics to identify opportunities for efficiency improvements",HR Analytics,HR Metrics,"metrics may include productivity per employee, output per labor hour, or project completion rates. organizations can use these metrics to identify underperforming areas and implement process improvements."
"how can hr professionals use hr metrics to assess the effectiveness of training and development programs, track employee skill development, and ensure that training investments yield positive returns for the organization",HR Analytics,HR Metrics,"hr metrics can measure training completion rates, skills acquired, and post-training performance improvements. this data helps hr evaluate the impact of training programs and make adjustments as needed."
"what is the role of hr metrics in diversity and inclusion initiatives, and how can organizations use diversity-related metrics to assess progress, identify disparities, and foster an inclusive workplace culture",HR Analytics,HR Metrics,diversity metrics track representation and inclusion efforts. they help organizations assess the effectiveness of diversity initiatives and create more inclusive workplaces by identifying areas that require attention and improvement.
"how can organizations use hr metrics to assess the effectiveness of compensation and benefits packages, ensuring that they remain competitive in attracting and retaining top talent in the market",HR Analytics,HR Metrics,"metrics can assess compensation competitiveness, benefits utilization rates, and the relationship between compensation and employee satisfaction. organizations can adjust packages based on these metrics to stay competitive."
"what measures should organizations take to ensure that hr metrics are collected and reported accurately, and that data privacy regulations are followed when handling sensitive employee information",HR Analytics,HR Metrics,"measures include data validation, regular audits, and compliance with data protection laws. protecting employee data and ensuring data accuracy are priorities in hr metrics tracking."
"how can organizations use hr metrics to set realistic goals, measure progress, and adapt hr strategies to align with broader business objectives, ultimately contributing to the organization's success",HR Analytics,HR Metrics,"hr metrics can be tied to business outcomes, enabling hr to demonstrate its impact on revenue, profitability, and organizational goals. aligning hr metrics with business objectives is critical for strategic hr management."
"what are key performance indicators (kpis) in hr, and why are they essential tools for organizations to measure progress toward hr goals and objectives",HR Analytics,Key Performance Indicators (KPIs),"kpis in hr are quantifiable metrics that reflect the achievement of specific hr objectives. they are essential for assessing performance, making data-driven decisions, and aligning hr with organizational goals."
"how can organizations identify and select the most relevant and meaningful kpis for hr, ensuring that they align with the organization's strategic priorities and provide valuable insights",HR Analytics,Key Performance Indicators (KPIs),"identifying relevant kpis involves aligning hr goals with organizational goals, considering industry benchmarks, and selecting metrics that reflect hr's contribution to overall success."
"what are some examples of hr kpis related to talent acquisition, and how do these kpis help organizations assess the effectiveness of their recruitment efforts and hiring processes",HR Analytics,Key Performance Indicators (KPIs),"examples include time-to-fill vacancies, applicant-to-hire ratios, and cost per hire. these kpis provide insights into the efficiency and quality of recruitment processes."
"how do hr kpis related to employee engagement, such as engagement survey scores or turnover rates, help organizations gauge workforce morale, retention, and overall employee satisfaction",HR Analytics,Key Performance Indicators (KPIs),employee engagement kpis assess the effectiveness of engagement initiatives and the impact on retention and satisfaction. they help organizations identify areas for improvement.
"what are some common hr kpis associated with workforce productivity, and how do these kpis assist organizations in evaluating employee efficiency and identifying opportunities for improvement",HR Analytics,Key Performance Indicators (KPIs),"kpis may include output per labor hour, project completion rates, or productivity per employee. these metrics help organizations assess workforce efficiency and identify areas for optimization."
"how can hr kpis related to training and development, such as training completion rates or skill acquisition, help organizations measure the impact of learning programs on employee performance and skills development",HR Analytics,Key Performance Indicators (KPIs),"training and development kpis measure program effectiveness, skill acquisition, and post-training performance improvements. they help organizations evaluate the return on investment (roi) for training initiatives."
"what role do hr kpis play in diversity and inclusion efforts, and how can organizations use these kpis to assess progress, identify disparities, and foster an inclusive workplace culture",HR Analytics,Key Performance Indicators (KPIs),diversity and inclusion kpis track representation and inclusion efforts. they help organizations assess the effectiveness of diversity initiatives and create more inclusive workplaces by identifying areas that require attention and improvement.
"how can organizations use hr kpis related to compensation and benefits, such as compensation competitiveness or benefits utilization rates, to ensure that their rewards packages remain competitive in the market",HR Analytics,Key Performance Indicators (KPIs),kpis related to compensation and benefits assess the competitiveness of reward packages and benefits utilization rates. organizations use these metrics to adjust compensation and benefits strategies as needed to attract and retain top talent.
"what measures should organizations take to ensure that hr kpis are defined, tracked, and reported accurately, and that data privacy regulations are adhered to when handling sensitive employee information",HR Analytics,Key Performance Indicators (KPIs),"measures include clear definitions of kpis, data validation, regular audits, and compliance with data protection laws. ensuring accuracy and data privacy is crucial in kpi tracking."
"how can organizations use hr kpis to drive performance improvement, set ambitious yet achievable goals, and align hr strategies with broader business objectives for long-term success",HR Analytics,Key Performance Indicators (KPIs),"hr kpis can be tied to business outcomes, enabling hr to demonstrate its impact on revenue, profitability, and organizational goals. aligning hr kpis with business objectives is essential for strategic hr management."
"what is benchmarking in hr, and how does it assist organizations in comparing their hr performance, practices, and metrics with industry standards and competitors",HR Analytics,Benchmarking,"benchmarking in hr involves the process of comparing hr practices, metrics, and performance against industry benchmarks or best-in-class organizations. it helps organizations identify areas for improvement and set performance targets."
"what are the different types of benchmarking organizations can use in hr, such as internal, competitive, and industry benchmarking, and how do they provide valuable insights into hr performance",HR Analytics,Benchmarking,"types of benchmarking include internal (comparing against past performance), competitive (comparing against direct competitors), and industry (comparing against industry averages). they offer insights into performance relative to different standards."
how can organizations use competitive benchmarking in hr to identify strengths and weaknesses in their hr practices and adopt best practices from leading competitors in the industry,HR Analytics,Benchmarking,"competitive benchmarking involves analyzing competitors' hr practices, such as recruitment, benefits, and employee engagement initiatives. organizations can adopt successful practices to improve their own hr strategies."
what role does industry benchmarking play in helping organizations understand where they stand in terms of hr performance and identify areas where they may need to catch up or excel to remain competitive,HR Analytics,Benchmarking,"industry benchmarking compares hr metrics and practices against industry averages. it helps organizations gauge their performance, identify gaps, and make informed decisions to stay competitive."
"how can hr professionals use benchmarking data to develop targeted strategies and improvement plans for hr initiatives, such as recruitment, employee engagement, or retention programs",HR Analytics,Benchmarking,benchmarking data can identify gaps and areas for improvement. hr professionals can then develop tailored strategies and initiatives to address specific challenges and enhance hr performance.
"what are the steps involved in the benchmarking process for hr, from selecting benchmarking partners to collecting and analyzing data, and how can organizations ensure a successful benchmarking initiative",HR Analytics,Benchmarking,"steps include partner selection, data collection, analysis, and action planning. successful benchmarking requires clear objectives, data accuracy, and a commitment to implementing improvements based on benchmarking insights."
"how can organizations use benchmarking to gain a competitive advantage in talent acquisition by identifying innovative recruitment strategies, assessing time-to-fill metrics, and improving candidate experiences",HR Analytics,Benchmarking,"benchmarking can reveal best practices in recruitment, allowing organizations to adopt more efficient and effective strategies, reduce time-to-fill, and create a positive candidate experience, giving them a competitive edge in attracting top talent."
"what measures should organizations take to ensure that benchmarking data is collected, compared, and reported accurately and ethically, while respecting data privacy regulations and protecting sensitive information",HR Analytics,Benchmarking,"measures include obtaining consent for data sharing, anonymizing data when necessary, and adhering to data protection laws like gdpr or hipaa. ethical data handling is crucial in benchmarking."
"how can organizations use benchmarking to continuously improve hr practices, set higher performance standards, and stay ahead in a competitive job market while enhancing employee satisfaction and retention",HR Analytics,Benchmarking,"benchmarking helps organizations identify opportunities for improvement and raise performance standards. this contributes to better talent acquisition, engagement, and retention strategies, making the organization more competitive."
what role can hr professionals play in advocating for the use of benchmarking in hr and in effectively implementing benchmarking initiatives to drive hr excellence and align hr strategies with organizational goals,HR Analytics,Benchmarking,"hr professionals can promote benchmarking by highlighting its benefits, facilitating data sharing, and leading benchmarking projects. they also play a vital role in translating benchmarking insights into actionable hr strategies."
"what is workforce planning in hr, and how does it help organizations proactively manage their human capital to align with strategic objectives",HR Analytics,Workforce Planning,"workforce planning involves assessing current and future workforce needs to ensure alignment with organizational goals. it helps organizations anticipate talent gaps, succession planning, and strategic workforce development."
"what are the key components of a workforce planning process, including data analysis, talent forecasting, and scenario modeling, and how do they contribute to effective workforce planning",HR Analytics,Workforce Planning,"components include data analysis to identify trends, talent forecasting to project future needs, and scenario modeling to plan for different workforce scenarios. together, they enable informed decision-making."
"how can organizations use workforce planning to identify critical skill gaps within their workforce and develop strategies for recruiting, training, or upskilling employees to fill those gaps",HR Analytics,Workforce Planning,"workforce planning can identify skill gaps and shortages. hr can then create strategies for recruitment, training programs, or partnerships with educational institutions to address these gaps effectively."
"what role does data analytics play in workforce planning, and how can hr professionals use historical and real-time data to make informed decisions about talent acquisition, retention, and development",HR Analytics,Workforce Planning,"data analytics provides insights into workforce trends, enabling hr professionals to identify high-demand skills, predict attrition risks, and make data-driven decisions in recruitment, retention, and development efforts."
"how can workforce planning assist organizations in succession planning, ensuring that they have a pool of qualified internal candidates ready to assume key roles when needed",HR Analytics,Workforce Planning,"workforce planning identifies high-potential employees and their development needs, contributing to succession planning. it ensures a pipeline of internal talent to fill leadership and critical roles."
"what are some challenges organizations may encounter when implementing workforce planning, and how can they overcome these challenges to achieve successful alignment between hr strategies and business objectives",HR Analytics,Workforce Planning,"challenges may include data quality issues, resistance to change, and uncertainty about future workforce needs. overcoming these challenges requires data improvement, change management, and scenario planning."
"how can hr professionals use workforce planning to create agile talent strategies that adapt to changing business conditions, market dynamics, and emerging industry trends",HR Analytics,Workforce Planning,"workforce planning enables hr to anticipate shifts in talent demand, prepare for market changes, and adjust recruitment, training, and development strategies to remain agile and responsive."
"what measures should organizations take to ensure that workforce planning data remains accurate, up-to-date, and compliant with data privacy regulations, especially when handling sensitive employee information",HR Analytics,Workforce Planning,"measures include data validation, regular updates, and compliance with data protection laws like gdpr or hipaa. ensuring data accuracy and privacy is critical in workforce planning."
"how can workforce planning contribute to cost optimization by helping organizations allocate resources efficiently, reduce unnecessary hiring expenses, and maximize the roi on talent development initiatives",HR Analytics,Workforce Planning,"workforce planning ensures that resources are allocated based on real needs, reducing costs associated with unnecessary hires or training programs that don't align with strategic goals. it enhances cost-effectiveness."
"how can organizations use workforce planning to enhance their competitive advantage by ensuring that they have the right talent in the right place at the right time, ultimately driving business success",HR Analytics,Workforce Planning,workforce planning enables organizations to adapt quickly to changing market conditions and seize opportunities by having the right talent in place. it ensures hr strategies align with overall business success.
"what is workforce forecasting in hr, and how does it differ from traditional workforce planning, enabling organizations to anticipate future talent needs more accurately",HR Analytics,Workforce Forecasting,workforce forecasting goes beyond traditional planning by using predictive models and data analytics to anticipate specific workforce needs and trends. it allows organizations to proactively address talent gaps and changes.
"how can organizations use workforce forecasting to predict changes in their workforce, such as turnover rates, retirements, or skills gaps, and strategically plan recruitment and development efforts",HR Analytics,Workforce Forecasting,"workforce forecasting uses historical data and predictive analytics to project workforce changes. it helps organizations prepare for expected turnover, retirements, and emerging skill gaps with targeted strategies."
"what role does data analytics play in workforce forecasting, and how can hr professionals leverage data to make precise predictions about talent demand, supply, and skill requirements",HR Analytics,Workforce Forecasting,"data analytics allows hr professionals to analyze historical workforce data, identify patterns, and develop predictive models. these models help forecast talent demand, supply, and specific skill needs accurately."
"how can workforce forecasting assist organizations in identifying emerging talent trends and market shifts, allowing them to adjust their recruitment strategies and remain competitive in the talent market",HR Analytics,Workforce Forecasting,"workforce forecasting provides insights into emerging talent trends, such as in-demand skills or demographics. this information helps organizations tailor recruitment strategies to attract top talent in a competitive market."
"what are some challenges organizations may face when implementing workforce forecasting, and how can they overcome these challenges to enhance their ability to anticipate talent needs effectively",HR Analytics,Workforce Forecasting,"challenges may include data quality issues, model accuracy, and adapting to unexpected disruptions. overcoming these challenges involves data improvement, refining models, and scenario planning."
"how can hr professionals use workforce forecasting to optimize workforce allocation, ensuring that talent is deployed to areas with the greatest impact on organizational goals and profitability",HR Analytics,Workforce Forecasting,workforce forecasting helps hr allocate talent strategically by identifying where specific skills are most needed. it aligns talent allocation with organizational priorities and enhances overall efficiency.
"what measures should organizations take to ensure that workforce forecasting remains accurate, up-to-date, and compliant with data privacy regulations, especially when handling sensitive employee information",HR Analytics,Workforce Forecasting,"measures include data validation, continuous model refinement, and compliance with data protection laws. accuracy and data privacy are essential in workforce forecasting."
"how can workforce forecasting contribute to proactive talent development by identifying skills and competencies that will be in high demand in the future, allowing organizations to invest in training and upskilling",HR Analytics,Workforce Forecasting,"workforce forecasting identifies future skill requirements, enabling organizations to design training and development programs that align with anticipated needs. it ensures a skilled workforce in advance."
"how can organizations use workforce forecasting to anticipate and adapt to changes in labor markets, regulations, and economic conditions, ensuring they remain resilient and competitive",HR Analytics,Workforce Forecasting,"workforce forecasting can incorporate external factors, such as labor market trends and regulatory changes, to predict their impact on talent supply and demand. organizations can then adjust strategies accordingly."
"how can workforce forecasting empower organizations to align hr strategies with broader business objectives, delivering measurable results and contributing to overall success",HR Analytics,Workforce Forecasting,"workforce forecasting ensures hr strategies align with business objectives by providing accurate talent predictions. it helps hr demonstrate its role in achieving profitability, growth, and organizational success."
"how can organizations use succession planning to mitigate risks associated with leadership turnover, retirements, or unexpected departures by ensuring a pool of qualified successors is ready to step into critical roles",HR Analytics,Succession Planning,"succession planning identifies and grooms successors in advance, reducing the impact of leadership departures. it ensures that key roles are filled promptly with qualified internal candidates."
"what role does data analytics play in succession planning, and how can hr professionals use data to identify and assess potential successors based on performance, skills, and leadership qualities",HR Analytics,Succession Planning,"data analytics allows hr to evaluate employee performance, skills, and leadership potential objectively. this data helps identify and assess potential successors for key roles in succession planning."
how can succession planning assist organizations in developing tailored leadership development programs and coaching initiatives to prepare identified successors for future leadership roles,HR Analytics,Succession Planning,succession planning identifies leadership development needs and provides a roadmap for grooming successors. it enables organizations to design targeted programs and coaching to prepare future leaders effectively.
"what are some challenges organizations may face when implementing succession planning, and how can they overcome these challenges to ensure a seamless transition of leadership and critical roles",HR Analytics,Succession Planning,"challenges may include identifying the right successors, providing effective development, and managing resistance to change. overcoming these challenges requires clear criteria, robust development programs, and communication."
"how can hr professionals use succession planning to foster a culture of talent development and career growth within the organization, enhancing employee retention and engagement",HR Analytics,Succession Planning,"succession planning communicates opportunities for career advancement, motivating employees to stay and grow within the organization. it fosters a culture of talent development, improving retention and engagement."
"what measures should organizations take to ensure that succession planning data remains accurate, up-to-date, and compliant with data privacy regulations, especially when handling sensitive employee information",HR Analytics,Succession Planning,"measures include regular talent assessments, data validation, and compliance with data protection laws. data accuracy and privacy are critical in succession planning."
"how can succession planning contribute to long-term organizational resilience by ensuring that leadership and critical roles are always filled with qualified talent, regardless of external disruptions or challenges",HR Analytics,Succession Planning,"succession planning prepares organizations for leadership continuity, ensuring key roles are filled even during external disruptions or challenges. it enhances organizational resilience and stability."
"how can organizations use succession planning to align hr strategies with broader business objectives, ensuring that leadership development and talent pipelines support overall organizational success and growth",HR Analytics,Succession Planning,succession planning links hr strategies with business goals by ensuring leadership development and talent pipelines align with organizational objectives. it contributes to the long-term success and growth of the organization.
"what is the significance of reporting and analytics in hr, and how do they enable organizations to make data-driven decisions, measure hr effectiveness, and drive strategic initiatives",HR Analytics,Reporting and Analytics,"reporting and analytics provide insights into hr performance, enabling data-driven decisions. they measure hr effectiveness, identify trends, and support strategic alignment with data-backed initiatives."
"how can organizations use hr reporting and analytics to track key metrics such as turnover rates, employee satisfaction, and diversity statistics, helping them identify areas for improvement and success",HR Analytics,Reporting and Analytics,"reporting and analytics track essential hr metrics, allowing organizations to assess turnover, satisfaction, diversity, and other key factors. this data helps identify areas needing improvement and highlights successful practices."
"what are some examples of hr reports that organizations commonly use to evaluate their workforce, such as headcount reports, recruitment dashboards, and employee performance summaries",HR Analytics,Reporting and Analytics,"examples include headcount reports for workforce size, recruitment dashboards for hiring progress, and performance summaries for individual and team assessments. these reports aid in decision-making and performance tracking."
"how can hr professionals leverage data visualization tools and techniques to present hr metrics and insights effectively, making complex data more understandable and actionable for stakeholders",HR Analytics,Reporting and Analytics,"data visualization tools create visually appealing representations of hr data, such as graphs and charts, making complex information more accessible and engaging for stakeholders."
"what role does predictive analytics play in hr reporting, and how can organizations use predictive models to anticipate future workforce trends, attrition risks, and talent needs",HR Analytics,Reporting and Analytics,"predictive analytics uses historical data to forecast future trends. hr can use predictive models to anticipate workforce trends, identify attrition risks, and plan for talent needs proactively."
"how can hr reporting and analytics contribute to improving employee engagement by identifying engagement drivers, measuring the impact of engagement initiatives, and enhancing overall workplace satisfaction",HR Analytics,Reporting and Analytics,reporting and analytics pinpoint factors driving engagement and assess the effectiveness of engagement initiatives. this data-driven approach enhances employee satisfaction and engagement.
"what measures should organizations take to ensure that hr reporting and analytics data is accurate, secure, and compliant with data privacy regulations, safeguarding sensitive employee information",HR Analytics,Reporting and Analytics,"measures include data validation, secure storage, and compliance with data protection laws. protecting data accuracy and privacy is crucial in hr reporting and analytics."
"how can organizations use hr reporting and analytics to identify workforce trends, make informed decisions about resource allocation, and optimize hr strategies to support long-term business goals",HR Analytics,Reporting and Analytics,"hr reporting and analytics reveal trends, enabling data-driven resource allocation and strategic alignment. this contributes to the achievement of long-term business goals."
"what role can hr professionals play in promoting a data-driven culture within organizations, encouraging stakeholders to rely on data and analytics for hr-related decisions and strategies",HR Analytics,Reporting and Analytics,"hr professionals can advocate for data-driven decision-making, provide training on data interpretation, and demonstrate the value of analytics in hr. they play a pivotal role in fostering a data-driven culture."
"how can hr reporting and analytics help organizations measure the impact of hr initiatives on overall business performance, demonstrating hr's contribution to organizational success and profitability",HR Analytics,Reporting and Analytics,hr reporting and analytics allow organizations to correlate hr initiatives with business outcomes. this measurement demonstrates hr's role in achieving organizational success and profitability.
"what is the purpose of an employee self-service portal, and how does it benefit employees and hr departments in streamlining hr-related tasks",Employee Self-Service,Self-Service Portals,"an employee self-service portal allows employees to access and manage their hr information, such as personal data, benefits, and leave requests. it streamlines hr processes, enhances employee autonomy, and reduces administrative burdens on hr."
"how can employees access their self-service portal, and what types of hr-related information and actions are typically available to them through the portal",Employee Self-Service,Self-Service Portals,"employees can typically access the portal through a secure login. they can update personal data, view payroll information, select and manage benefits, and request leaves, among other hr-related actions."
"what security measures should organizations implement to ensure the confidentiality and integrity of employee data within self-service portals, protecting sensitive information from unauthorized access",Employee Self-Service,Self-Service Portals,"security measures may include strong authentication, encryption, role-based access controls, and regular security audits. these safeguards protect employee data and maintain its confidentiality."
how does an employee self-service portal enhance the employee experience by providing convenient access to hr information and reducing the need for manual hr transactions,Employee Self-Service,Self-Service Portals,"the portal offers employees a convenient, 24/7 platform to access and manage their hr information, reducing the need for manual hr interactions. this convenience enhances the employee experience and empowers individuals to take control of their hr needs."
what training and support should organizations provide to employees to ensure they can effectively navigate and utilize the self-service portal for various hr-related tasks,Employee Self-Service,Self-Service Portals,"organizations should offer training, user guides, and customer support to help employees navigate and utilize the portal efficiently. this support ensures that employees can make the most of the self-service capabilities."
"how can organizations customize their employee self-service portals to align with their specific hr processes, policies, and branding, creating a tailored experience for employees",Employee Self-Service,Self-Service Portals,"customization options include configuring portal features, aligning hr workflows, incorporating company branding, and adapting the portal to match specific hr policies and processes. this tailoring enhances the user experience."
"what role does data accuracy play in the effectiveness of an employee self-service portal, and how can organizations ensure that the information available to employees is up-to-date and reliable",Employee Self-Service,Self-Service Portals,data accuracy is crucial for employee trust and the efficiency of hr processes. organizations should establish data validation procedures and regular data updates to ensure that information presented to employees is current and accurate.
"how can organizations leverage the analytics and insights generated by employee self-service portals to identify trends, monitor user behavior, and continuously improve the portal's functionality and user experience",Employee Self-Service,Self-Service Portals,"by analyzing portal usage data, organizations can identify trends, track user behavior, and gather insights to enhance the portal's functionality, features, and user experience, ensuring it meets evolving needs."
"what measures should organizations take to ensure that employee self-service portals comply with data protection regulations, safeguarding employee privacy and sensitive information",Employee Self-Service,Self-Service Portals,"measures include compliance with data protection laws (e.g., gdpr), data encryption, consent mechanisms, and data access controls. ensuring data privacy is paramount in portal design and management."
how can organizations promote the adoption of employee self-service portals among employees and encourage them to embrace self-service options for hr-related tasks,Employee Self-Service,Self-Service Portals,"promoting adoption involves clear communication, highlighting benefits, providing training, and actively encouraging employees to use the portal for hr tasks. making self-service convenient and user-friendly encourages adoption."
"what is an employee portal, and how does it serve as a central hub for employees to access hr-related information, resources, and self-service options",Employee Self-Service,Employee Portal,"an employee portal is a centralized platform where employees can access a wide range of hr-related information, resources, and self-service options. it provides a single point of access for hr tasks and information."
"how can employees navigate an employee portal to find information about company policies, benefits, training materials, and other hr-related resources efficiently",Employee Self-Service,Employee Portal,"employee portals typically have user-friendly navigation menus and search functionalities, allowing employees to easily locate hr-related information, policies, training materials, and other resources they may need."
"what types of hr-related documents and resources are commonly available within an employee portal, and how does this centralized access benefit both employees and hr departments",Employee Self-Service,Employee Portal,"employee portals may offer access to hr policies, employee handbooks, benefit documents, training materials, and more. centralized access benefits employees by providing information at their fingertips, while hr departments benefit from reduced administrative inquiries."
"how can organizations ensure that the content and information presented in their employee portals are kept up-to-date and aligned with current hr policies, procedures, and regulations",Employee Self-Service,Employee Portal,"regular content reviews, updates, and version control processes should be established to ensure that the information in employee portals remains accurate, relevant, and compliant with hr policies and regulations."
"what role can feedback mechanisms and user surveys play in continuously improving employee portals, allowing organizations to gather employee input and enhance the portal's usability and content",Employee Self-Service,Employee Portal,"feedback mechanisms and surveys enable organizations to collect valuable input from employees. this feedback can be used to make iterative improvements to the portal, ensuring it meets user needs and expectations."
"how can organizations promote the use of employee portals as a primary source of hr-related information and self-service options, reducing reliance on traditional paper-based processes and inquiries to hr staff",Employee Self-Service,Employee Portal,"promotion involves communication campaigns, training, and making the portal user-friendly. encouraging employees to use the portal for hr tasks helps reduce reliance on paper-based processes and hr inquiries."
"what are some examples of employee portal features that enhance employee engagement, such as personalized dashboards, news feeds, and interactive communication tools with hr",Employee Self-Service,Employee Portal,"features like personalized dashboards, news feeds, and chatbots for hr inquiries can enhance employee engagement with the portal. these features make the portal a dynamic and interactive resource."
"how can organizations ensure that employee portals are accessible to all employees, including those with disabilities, by implementing inclusive design practices and compliance with accessibility standards",Employee Self-Service,Employee Portal,"implementing inclusive design practices and complying with accessibility standards, such as wcag, ensures that employee portals are accessible to all employees, including those with disabilities, promoting equity and inclusion."
"what measures should organizations take to secure employee portals and protect employee data, ensuring that only authorized individuals have access to sensitive hr information",Employee Self-Service,Employee Portal,"security measures may include secure authentication methods, encryption, access controls, and regular security assessments to protect employee portals and safeguard sensitive hr data from unauthorized access."
"how can organizations leverage analytics and user behavior data within employee portals to gain insights into employee preferences, usage patterns, and areas for improvement in portal design and functionality",Employee Self-Service,Employee Portal,"analyzing user behavior and engagement data allows organizations to identify trends, preferences, and areas for enhancement in portal design and functionality, ensuring that the portal aligns with user needs."
"what is a manager portal in the context of employee self-service, and how does it enable managers to efficiently handle hr-related tasks and oversee their teams",Employee Self-Service,Manager Portal,"a manager portal is a specialized platform within employee self-service that allows managers to access hr tools and information specific to their roles. it streamlines hr tasks, enhances oversight, and supports decision-making for managers."
"how can managers use the manager portal to access key hr data and insights, such as team performance metrics, leave requests, and employee development plans, in real-time",Employee Self-Service,Manager Portal,"the manager portal provides real-time access to team performance metrics, leave requests, employee development plans, and other critical hr data, empowering managers to make informed decisions and monitor their teams effectively."
"what are some common hr tasks that managers can perform through the manager portal, such as approving leave requests, conducting performance appraisals, and accessing employee records",Employee Self-Service,Manager Portal,"managers can use the manager portal to approve leave requests, conduct performance appraisals, access employee records, initiate workforce planning, and collaborate with hr on talent development initiatives, among other tasks."
"how does the manager portal support hr departments in delegating certain hr tasks to managers, reducing administrative workload, and allowing hr to focus on strategic initiatives",Employee Self-Service,Manager Portal,"the manager portal empowers managers to handle specific hr tasks independently, reducing the administrative burden on hr. this delegation allows hr to allocate more time and resources to strategic hr initiatives."
how can organizations ensure that the manager portal provides managers with access to hr data and insights while maintaining data privacy and compliance with confidentiality regulations,Employee Self-Service,Manager Portal,"organizations can implement role-based access controls, data encryption, and privacy training to ensure that the manager portal grants managers appropriate hr data access while safeguarding employee confidentiality."
"what role does data analytics play in the manager portal, and how can managers use hr analytics to make data-driven decisions related to team performance, talent development, and workforce planning",Employee Self-Service,Manager Portal,"data analytics within the manager portal allows managers to analyze team performance, identify development opportunities, and plan for workforce needs. these insights support data-driven decision-making."
"how can organizations customize the manager portal to align with their specific hr workflows, managerial responsibilities, and reporting structures, ensuring it meets their unique needs",Employee Self-Service,Manager Portal,"customization options may include configuring approval workflows, aligning reporting structures, and tailoring features to match specific hr processes. this customization ensures the manager portal meets organizational needs."
what training and support should organizations provide to managers to ensure they can effectively utilize the manager portal and maximize its benefits for team management and hr tasks,Employee Self-Service,Manager Portal,"organizations should offer training, user guides, and responsive support to assist managers in using the manager portal efficiently. this support helps managers make the most of its capabilities."
"how can the manager portal facilitate better communication and collaboration between managers and hr departments, ensuring that hr strategies align with managerial needs and objectives",Employee Self-Service,Manager Portal,"the manager portal enables seamless communication and collaboration between managers and hr. it fosters alignment by providing a platform for discussing hr strategies, talent development, and organizational objectives."
"how can organizations measure the effectiveness of the manager portal in improving managerial efficiency, team performance, and hr task management, and use this data to make ongoing improvements",Employee Self-Service,Manager Portal,"effectiveness can be measured through user feedback, key performance indicators (kpis), and analysis of hr task completion times. organizations can use this data to enhance the manager portal continually."
"what does access to personal data mean in the context of employee self-service, and why is it essential for employees to have access to and control over their personal information",Employee Self-Service,Access to Personal Data,access to personal data refers to employees' ability to view and update their personal information through self-service portals. it is essential as it empowers employees to ensure the accuracy of their data and maintain their privacy.
"how can employees use self-service portals to access and update their personal information, such as contact details, emergency contacts, and tax withholding preferences, ensuring that hr records are current and accurate",Employee Self-Service,Access to Personal Data,"employees can log in to the portal and access their personal information sections. they can then update details such as contact information, emergency contacts, tax withholdings, and other personal data, helping hr records stay accurate."
"what measures should organizations take to ensure the security of personal data within self-service portals, protecting it from unauthorized access and breaches",Employee Self-Service,Access to Personal Data,"security measures may include secure authentication, data encryption, access controls, and regular security audits to protect personal data within self-service portals from unauthorized access and breaches."
"how does allowing employees to access and update their personal information through self-service portals contribute to data accuracy and compliance with privacy regulations, such as gdpr",Employee Self-Service,Access to Personal Data,allowing employees to manage their personal information promotes data accuracy and compliance by ensuring that employees can review and correct their data. this aligns with privacy regulations like gdpr.
what role can hr play in educating employees about the importance of maintaining accurate personal information and using self-service portals to update their details promptly,Employee Self-Service,Access to Personal Data,"hr can educate employees through communications, training, and resources, highlighting the importance of accurate data and guiding them on how to use self-service portals for updates."
how can organizations implement data validation processes within self-service portals to ensure that employee-submitted updates are accurate and comply with hr policies and regulations,Employee Self-Service,Access to Personal Data,data validation involves setting criteria and rules for data updates. self-service portals can incorporate validation checks to ensure accuracy and compliance with hr policies and regulations.
"what benefits do employees gain from having access to their personal data, such as viewing their payroll information, tax forms, and benefits selections, through self-service portals",Employee Self-Service,Access to Personal Data,"employees benefit from self-service access to personal data by easily viewing their payroll details, tax forms, benefits selections, and other hr-related information. this empowers them to manage their hr affairs efficiently."
how can organizations strike a balance between granting employees access to their personal data and ensuring that sensitive hr information is protected from misuse or unauthorized access,Employee Self-Service,Access to Personal Data,"role-based access controls, data encryption, and auditing mechanisms help strike a balance between data access and security. these measures ensure that sensitive hr information remains protected."
"how can organizations promote a culture of data responsibility and encourage employees to proactively update their personal information in self-service portals, contributing to hr data accuracy",Employee Self-Service,Access to Personal Data,"promoting a culture of data responsibility involves communication, reminders, and recognition of accurate data updates. encouraging employees to take ownership of their data contributes to hr data accuracy."
"how does the ability to access and update personal data through self-service portals support hr departments in reducing administrative tasks, data entry errors, and paper-based processes",Employee Self-Service,Access to Personal Data,"self-service portals reduce administrative tasks for hr by enabling employees to manage their data. this reduces data entry errors and eliminates paper-based processes, streamlining hr operations."
"what are profile updates in the context of employee self-service, and why is it important for employees to have the ability to update their profiles with accurate information",Employee Self-Service,Profile Updates,profile updates refer to employees' capability to edit and maintain their personal and professional information within self-service portals. it is crucial for data accuracy and personalization of hr services.
"how can employees use self-service portals to update their profiles, including contact details, job titles, certifications, and qualifications, ensuring their profiles reflect their current status and skills",Employee Self-Service,Profile Updates,"employees can log in to the portal and navigate to their profile sections. they can then update information such as contact details, job titles, certifications, qualifications, and other relevant data to maintain accuracy."
"what role does data accuracy play in hr processes, and how can allowing employees to update their profiles contribute to more efficient hr operations and decision-making",Employee Self-Service,Profile Updates,"data accuracy is essential for hr processes and decision-making. allowing employees to update their profiles ensures that hr has access to current and reliable information, improving hr efficiency and decision-making."
"how does the ability to update profiles in self-service portals support career development and progression, enabling employees to showcase their skills, certifications, and qualifications",Employee Self-Service,Profile Updates,"employees can use updated profiles to showcase their skills, certifications, and qualifications, supporting career development. it allows them to align their profiles with career goals and opportunities."
"what security measures should organizations implement to safeguard the integrity of profile updates within self-service portals, ensuring that employee-submitted changes are legitimate and authorized",Employee Self-Service,Profile Updates,"security measures may include authentication checks, data validation, approval workflows, and audit trails to verify the legitimacy and authorization of profile updates within self-service portals."
"how can organizations ensure that employees receive proper training and guidance on updating their profiles within self-service portals, maximizing the benefits of self-service options",Employee Self-Service,Profile Updates,"organizations can provide user guides, tutorials, and training sessions to educate employees on updating their profiles effectively. this empowers employees to make the most of self-service options."
"what are some examples of the types of information employees can update in their profiles, and how can this information benefit both employees and hr departments",Employee Self-Service,Profile Updates,"employees can update information like contact details, job titles, certifications, skills, and qualifications. this benefits employees by keeping profiles current and hr by ensuring accurate data for hr processes."
"how can organizations maintain data privacy and security while allowing employees to update their profiles, ensuring that sensitive information is protected from unauthorized access or tampering",Employee Self-Service,Profile Updates,"organizations can implement access controls, data encryption, and audit trails to protect sensitive information while allowing profile updates. these measures ensure data privacy and security."
"how does the ability to personalize profiles within self-service portals contribute to employee engagement, as employees can showcase their skills, achievements, and career aspirations",Employee Self-Service,Profile Updates,"personalized profiles allow employees to showcase their skills and career aspirations, fostering a sense of ownership and engagement. it creates a platform for employees to express their professional identity."
"how can hr departments leverage the updated profiles of employees within self-service portals to identify high-potential talent, align development opportunities, and support succession planning",Employee Self-Service,Profile Updates,"hr can use updated profiles to identify high-potential talent, assess skills, and plan for succession and development opportunities. updated profiles provide valuable insights for hr strategies."
"how can employees access their payroll information through self-service portals, including details like earnings, deductions, and tax withholdings, ensuring transparency in their pay",Employee Self-Service,Payroll Information,"employees can access payroll information by logging into the portal. they can view earnings, deductions, tax withholdings, and pay stubs, promoting transparency in their compensation."
"what measures should organizations implement to ensure the security and confidentiality of payroll data within self-service portals, protecting sensitive financial information",Employee Self-Service,Payroll Information,"security measures may include robust authentication, encryption, access controls, and regular security audits to safeguard payroll data within self-service portals from unauthorized access."
"how does self-service access to payroll information empower employees to review their earnings, monitor deductions, and manage their financial records effectively",Employee Self-Service,Payroll Information,"self-service access allows employees to review earnings, track deductions, and manage financial records conveniently. it empowers them to monitor and plan their finances efficiently."
"what role does accurate payroll data play in ensuring that employees are compensated correctly, and how can self-service portals help in reporting and resolving payroll discrepancies",Employee Self-Service,Payroll Information,"accurate payroll data is essential for correct compensation. self-service portals enable employees to report discrepancies, facilitating the resolution of payroll issues swiftly and transparently."
how can organizations use self-service access to payroll information to reduce administrative inquiries and enhance employee satisfaction with payroll processes,Employee Self-Service,Payroll Information,"self-service access reduces inquiries by providing answers to payroll-related questions. this, in turn, enhances employee satisfaction with payroll processes, making them more efficient."
"what are some common features within self-service portals that make it easy for employees to access and understand their payroll information, such as interactive pay stubs and tax forms",Employee Self-Service,Payroll Information,"features like interactive pay stubs, tax forms, and clear breakdowns of earnings and deductions within self-service portals make it easy for employees to access and understand their payroll information."
"how can organizations ensure that employees have the necessary resources and support to interpret their payroll information accurately, addressing any questions or concerns they may have",Employee Self-Service,Payroll Information,"organizations can provide payroll training, faqs, and dedicated support channels to help employees interpret their payroll information accurately and address any questions or concerns effectively."
"how can self-service access to payroll data contribute to employees' financial wellness by allowing them to track their earnings, deductions, and retirement contributions",Employee Self-Service,Payroll Information,"self-service access supports financial wellness by enabling employees to monitor earnings, deductions, and retirement contributions. it empowers them to make informed financial decisions."
"how can organizations maintain data accuracy within self-service portals to ensure that payroll information is always up-to-date and reflects the latest changes in compensation, tax regulations, and benefits",Employee Self-Service,Payroll Information,"data accuracy can be maintained through regular updates, validation checks, and data synchronization with hr systems, ensuring that payroll information in self-service portals is always current."
"how does self-service access to payroll information enhance transparency and trust between employees and their employers, fostering a positive work environment",Employee Self-Service,Payroll Information,self-service access fosters transparency and trust by allowing employees to review their payroll information independently. this transparency contributes to a positive work environment.
"how can employees use self-service portals to select their benefit options during open enrollment periods, and what types of benefits are commonly available for selection",Employee Self-Service,Benefits Selection,"employees can access the portal during open enrollment to select benefits. common benefit options include health insurance, retirement plans, life insurance, and flexible spending accounts (fsas)."
"what role does benefits selection play in employee satisfaction and retention, and how can self-service options empower employees to make informed choices about their benefits",Employee Self-Service,Benefits Selection,"benefits selection impacts satisfaction and retention. self-service options provide employees with information and tools to make informed choices, leading to greater satisfaction with their benefits."
"how can organizations ensure that employees have access to clear and comprehensive information about available benefits, plan details, coverage options, and enrollment deadlines within self-service portals",Employee Self-Service,Benefits Selection,"organizations can provide detailed benefit summaries, plan comparisons, coverage details, and enrollment deadlines within self-service portals to ensure that employees have access to comprehensive and clear benefit information."
"what measures should organizations take to protect the security of benefit selection data within self-service portals, ensuring that employees' benefit choices are confidential and secure",Employee Self-Service,Benefits Selection,"security measures may include secure authentication, encryption, access controls, and audit trails to protect the confidentiality and security of benefit selection data within self-service portals."
"how can organizations use self-service portals to streamline the benefits selection process, reduce paperwork, and eliminate manual data entry errors during open enrollment periods",Employee Self-Service,Benefits Selection,"self-service portals streamline benefits selection by digitizing the process, reducing paperwork, and eliminating manual data entry errors, making open enrollment periods more efficient."
what are some examples of interactive tools and calculators that organizations can integrate into self-service portals to help employees assess benefit options and make decisions aligned with their needs,Employee Self-Service,Benefits Selection,"examples include benefit calculators, retirement savings calculators, and plan comparison tools within self-service portals. these tools assist employees in evaluating and choosing benefits that suit their needs."
"how can organizations provide ongoing support and resources to employees who have questions or need assistance with benefits selection within self-service portals, ensuring they make informed choices",Employee Self-Service,Benefits Selection,"organizations can offer dedicated benefits support, faqs, video tutorials, and benefit information sessions to assist employees with questions and ensure they make informed benefit selections through self-service portals."
"how does the ability to review and modify benefit selections through self-service portals during life events, such as marriage or the birth of a child, empower employees to adapt their benefits to changing circumstances",Employee Self-Service,Benefits Selection,"self-service portals enable employees to adapt their benefits to life events by allowing them to review and modify selections as needed, ensuring benefits align with changing circumstances."
"how can organizations use analytics and feedback mechanisms within self-service portals to gain insights into employees' benefit preferences, usage patterns, and areas for improvement in benefits offerings",Employee Self-Service,Benefits Selection,analytics and feedback mechanisms provide insights into benefit preferences and areas for improvement. organizations can use this data to enhance benefits offerings within self-service portals.
how can organizations communicate the importance of timely benefits selection and educate employees about the impact of their choices on their overall compensation and well-being,Employee Self-Service,Benefits Selection,communication efforts should emphasize the significance of timely benefits selection and the connection between choices and overall compensation and well-being. this education encourages informed decisions.
"how can employees enroll in benefits programs through self-service portals, and what steps are typically involved in the benefits enrollment process",Employee Self-Service,Benefits Enrollment,"employees can enroll in benefits by accessing the portal and following the enrollment process. steps may include reviewing plan options, selecting coverage, designating beneficiaries, and confirming choices."
"what are the advantages of using self-service portals for benefits enrollment, such as convenience, access to plan details, and the ability to make changes during open enrollment periods",Employee Self-Service,Benefits Enrollment,"self-service portals offer advantages like convenience, access to plan details, and the ability to make changes during open enrollment. employees can review and modify their benefits at their convenience."
how can organizations ensure that employees receive timely reminders and notifications about upcoming open enrollment periods and deadlines through self-service portals,Employee Self-Service,Benefits Enrollment,"organizations can send automated reminders and notifications through self-service portals, ensuring employees are aware of open enrollment periods, deadlines, and the importance of reviewing and updating their benefits."
what measures should organizations take to protect the security and privacy of employees' personal and financial information during the benefits enrollment process within self-service portals,Employee Self-Service,Benefits Enrollment,"security measures may include secure authentication, encryption, access controls, and data privacy training to protect employees' personal and financial information during the benefits enrollment process."
how does the ability to designate beneficiaries and update personal information within self-service portals during benefits enrollment contribute to employees' financial planning and peace of mind,Employee Self-Service,Benefits Enrollment,"self-service portals enable employees to designate beneficiaries and update personal information, enhancing their financial planning and providing peace of mind in knowing their choices are up-to-date."
"what role do digital signatures and electronic consent play in the benefits enrollment process within self-service portals, streamlining documentation and approval",Employee Self-Service,Benefits Enrollment,"digital signatures and electronic consent streamline the benefits enrollment process by allowing employees to sign and approve documents electronically within self-service portals, reducing paperwork and delays."
"how can organizations provide educational resources within self-service portals to help employees understand the various benefits options available, their costs, and the implications of their choices",Employee Self-Service,Benefits Enrollment,"organizations can offer educational resources such as videos, faqs, benefit guides, and plan comparison tools within self-service portals to help employees make informed decisions about benefits options and costs."
how does self-service access to benefits enrollment history within self-service portals allow employees to track their benefit choices over time and make informed decisions during subsequent open enrollment periods,Employee Self-Service,Benefits Enrollment,"self-service access to enrollment history enables employees to track past benefit choices, helping them make informed decisions during subsequent open enrollment periods within self-service portals."
"how can organizations encourage employees to review and update their benefits choices within self-service portals annually, ensuring that benefit selections align with changing needs and circumstances",Employee Self-Service,Benefits Enrollment,"encouragement can involve communications, reminders, and highlighting the importance of annual benefits review. organizations can emphasize the flexibility and convenience of self-service updates."
"how does the benefits enrollment process within self-service portals contribute to a paperless hr environment, reducing administrative overhead, and environmental impact",Employee Self-Service,Benefits Enrollment,"the benefits enrollment process in self-service portals reduces administrative overhead and the environmental impact by eliminating paper forms, supporting a paperless hr environment."
"how can employees make changes to their benefits selections and coverage within self-service portals when they experience qualifying life events, such as marriage, childbirth, or job changes",Employee Self-Service,Benefits Changes,employees can make changes due to qualifying life events by accessing the portal and following the update process. this may include submitting documentation and selecting new coverage as needed.
what role does the life events feature within self-service portals play in allowing employees to modify their benefits to align with changes in their personal circumstances or family situations,Employee Self-Service,Benefits Changes,"the life events feature within self-service portals allows employees to modify benefits when personal circumstances change, ensuring that coverage aligns with new family situations or individual needs."
how can organizations ensure that employees are aware of the types of qualifying life events that permit changes to benefits and guide them through the necessary steps within self-service portals,Employee Self-Service,Benefits Changes,"organizations can provide clear information, notifications, and guidance within self-service portals to ensure that employees are aware of qualifying life events and know how to initiate changes to their benefits."
"what measures should organizations take to verify and validate changes made by employees due to qualifying life events within self-service portals, ensuring that documentation is accurate and complete",Employee Self-Service,Benefits Changes,"verification measures may include documentation review, approval workflows, and validation checks within self-service portals to ensure that changes made due to qualifying life events are accurate and complete."
"how can organizations use self-service benefits changes as an opportunity to educate employees about their benefits, the implications of changes, and the importance of timely updates",Employee Self-Service,Benefits Changes,"organizations can provide educational resources, tooltips, and contextual information within self-service portals to educate employees about benefits, changes, and the significance of timely updates during life events."
"how does self-service access to benefits changes streamline hr processes, reduce manual data entry errors, and provide employees with a seamless way to adapt their coverage to changing circumstances",Employee Self-Service,Benefits Changes,"self-service access simplifies benefits changes, reducing errors and providing employees with a user-friendly method to adapt their coverage seamlessly when personal circumstances change."
how can organizations ensure that employees who experience qualifying life events receive timely support and guidance through self-service portals to navigate the benefits change process effectively,Employee Self-Service,Benefits Changes,"organizations can offer dedicated support channels, faqs, and video tutorials within self-service portals to assist employees in experiencing qualifying life events and guide them through the benefits change process."
"what role does data privacy and security play when employees need to update their benefits information due to life events within self-service portals, ensuring the confidentiality of sensitive data",Employee Self-Service,Benefits Changes,"data privacy and security measures, including secure authentication, encryption, and access controls, protect sensitive data when employees update their benefits information due to life events within self-service portals."
"how can organizations encourage employees to proactively review and update their benefits choices when they experience life events, emphasizing the ease and convenience of self-service options",Employee Self-Service,Benefits Changes,"encouragement involves communication campaigns, reminders, and highlighting the self-service benefits of reviewing and updating choices during life events, making it convenient for employees."
how does the ability to make timely benefits changes within self-service portals support employees in maintaining comprehensive and up-to-date coverage that aligns with their evolving needs,Employee Self-Service,Benefits Changes,"self-service portals empower employees to maintain comprehensive and up-to-date coverage by allowing timely benefits changes that align with their evolving needs, ensuring that benefits are relevant."
"how can employees request leaves through self-service portals, and what information and details should they typically provide when submitting a leave request",Employee Self-Service,Leave Requests,"employees can request leaves by accessing the portal and submitting a leave request. they should provide details such as the type of leave, dates, reason, and any required documentation."
"what advantages do employees gain from using self-service portals to request leaves, such as transparency in leave balances, approval status, and the ability to plan time off effectively",Employee Self-Service,Leave Requests,"self-service portals offer advantages like leave balance transparency, approval status tracking, and efficient time-off planning. employees can make informed decisions about their time off."
"how can organizations ensure that employees receive timely notifications and approvals or denials for their leave requests through self-service portals, improving the overall leave management process",Employee Self-Service,Leave Requests,"organizations can implement automated notifications, approval workflows, and clear communication channels within self-service portals to ensure employees receive timely responses to their leave requests, enhancing the leave management process."
"what measures should organizations take to protect the security and privacy of leave request data within self-service portals, ensuring that sensitive leave details are confidential",Employee Self-Service,Leave Requests,"security measures may include secure authentication, access controls, and encryption to protect the confidentiality of leave request data within self-service portals, ensuring sensitive details remain private."
"how can self-service leave request systems streamline hr processes, reduce paperwork, and eliminate manual data entry errors, ultimately saving time and resources for hr departments",Employee Self-Service,Leave Requests,"self-service leave request systems streamline hr processes by automating requests, reducing paperwork, and eliminating manual data entry errors. this efficiency saves time and resources for hr departments."
"what tools and features can organizations offer within self-service portals to help employees plan their leaves effectively, such as leave calendars, accrual trackers, and policies",Employee Self-Service,Leave Requests,"organizations can provide tools like leave calendars, accrual trackers, and access to leave policies within self-service portals to help employees plan their leaves effectively and understand their entitlements."
"how can organizations provide support and resources through self-service portals to guide employees in submitting accurate and compliant leave requests, including information on different leave types and their eligibility criteria",Employee Self-Service,Leave Requests,"organizations can offer user guides, faqs, and educational resources within self-service portals to assist employees in submitting accurate and compliant leave requests, explaining various leave types and eligibility criteria."
"how does self-service access to leave balances within self-service portals enable employees to make informed decisions about their time off, preventing overuse or shortages of leave entitlements",Employee Self-Service,Leave Requests,"self-service access to leave balances empowers employees to track their entitlements, preventing overuse or shortages of leave. this ensures that employees make informed decisions about their time off."
"how can organizations use analytics and reporting tools within self-service portals to gain insights into leave patterns, trends, and areas for improvement in leave policies and management",Employee Self-Service,Leave Requests,analytics and reporting tools provide insights into leave patterns and trends. organizations can use this data from self-service portals to refine leave policies and management processes.
"how can organizations encourage employees to use self-service portals for leave requests and promote the benefits of this approach, such as convenience and streamlined approval processes",Employee Self-Service,Leave Requests,"encouragement involves communication, training, and highlighting the convenience and streamlined approval processes of self-service portals for leave requests, emphasizing the advantages."
"what is the significance of online leave requests within self-service portals, and how does it differ from traditional leave request processes",Employee Self-Service,Online Leave Requests,"online leave requests in self-service portals provide a digital, paperless way for employees to request leaves, making the process more efficient and accessible compared to traditional methods."
"how can employees initiate and submit online leave requests through self-service portals, and what steps are involved in this digital process",Employee Self-Service,Online Leave Requests,"employees can initiate online leave requests by logging into the portal and selecting the leave request option. the process typically involves selecting leave types, dates, providing a reason, and confirming the request."
"how does the online leave request feature within self-service portals benefit employees by providing real-time leave balances, allowing them to make leave decisions with confidence",Employee Self-Service,Online Leave Requests,"the online leave request feature offers real-time leave balance updates within self-service portals, enabling employees to make leave decisions confidently and ensuring they don't exceed their entitlements."
"what security measures should organizations implement to protect the integrity and privacy of online leave request data within self-service portals, safeguarding employee leave information from unauthorized access",Employee Self-Service,Online Leave Requests,"security measures may include secure authentication, encryption, role-based access controls, and audit trails to protect online leave request data within self-service portals from unauthorized access."
"how can organizations ensure that employees receive automated confirmations and notifications regarding the status of their online leave requests, improving transparency and communication in the process",Employee Self-Service,Online Leave Requests,"automated confirmations and notifications can be set up within self-service portals to keep employees informed about the status of their online leave requests, enhancing transparency and communication."
"how does the online leave request feature contribute to a more environmentally friendly workplace by reducing the need for paper forms and printed documents, aligning with sustainability goals",Employee Self-Service,Online Leave Requests,"the online leave request feature reduces paper usage and printed documents, supporting environmental sustainability goals by promoting a more environmentally friendly workplace within self-service portals."
"how can organizations provide user-friendly mobile access to online leave requests through self-service portals, allowing employees to submit and manage leave requests conveniently on their smartphones or tablets",Employee Self-Service,Online Leave Requests,"organizations can develop mobile-responsive interfaces or dedicated mobile apps to provide user-friendly mobile access to online leave requests through self-service portals, ensuring convenience for employees."
"how can organizations use data analytics and reporting from online leave requests within self-service portals to gain insights into leave utilization, trends, and potential adjustments to leave policies",Employee Self-Service,Online Leave Requests,data analytics and reporting tools offer insights into leave utilization and trends. organizations can leverage data from online leave requests within self-service portals to make informed adjustments to leave policies.
"how can organizations encourage employees to embrace online leave requests within self-service portals, highlighting the benefits of digital processes, accessibility, and efficiency",Employee Self-Service,Online Leave Requests,"encouragement efforts can involve communication campaigns, training, and showcasing the advantages of digital processes, accessibility, and efficiency when using online leave requests within self-service portals."
"how does the digital nature of online leave requests simplify record-keeping and auditing processes for hr departments within self-service portals, ensuring accuracy and compliance",Employee Self-Service,Online Leave Requests,"online leave requests simplify record-keeping and auditing for hr by providing digital records within self-service portals, ensuring accuracy and compliance with leave policies."
"what is human resource management (hrm), and why is it essential for organizations",HR Overview,HR Overview,human resource management (hrm) is the strategic approach to managing an organization's most valuable asset its people. it's essential because effective hrm ensures that an organization's workforce is aligned with its goals and contributes to its success.
what are the primary functions of hr departments within organizations,HR Overview,HR Overview,"hr departments typically handle functions such as recruitment, employee onboarding, payroll, benefits administration, performance management, and compliance with employment laws."
"how has hr management evolved over the years, and what trends are currently shaping the hr landscape",HR Overview,HR Overview,"hr management has evolved from traditional personnel management to a more strategic role. current trends include the use of technology (e.g., hris), remote work policies, diversity and inclusion initiatives, and data-driven decision-making."
"what are the key responsibilities of hr professionals, and how do they contribute to employee well-being and organizational success",HR Overview,HR Overview,"hr professionals are responsible for talent acquisition, employee development, conflict resolution, and ensuring compliance with labor laws. they contribute to employee well-being by providing support and opportunities for growth."
"how does effective hr management impact employee engagement, satisfaction, and retention rates",HR Overview,HR Overview,"effective hr management can lead to higher employee engagement, satisfaction, and retention rates by creating a positive workplace culture, offering development opportunities, and addressing employee needs and concerns."
"what role does hr technology, such as human resource information systems (hris), play in streamlining hr processes and improving data management",HR Overview,HR Overview,"hr technology, including hris, automates administrative tasks, simplifies data management, and provides insights through analytics, allowing hr professionals to focus on strategic initiatives."
"how do hr departments support diversity and inclusion efforts within organizations, and why are these initiatives important for modern workplaces",HR Overview,HR Overview,"hr departments support diversity and inclusion by promoting equitable hiring practices, providing diversity training, and fostering an inclusive culture. these initiatives are important for creating diverse and innovative work environments."
"what challenges do hr professionals face in today's dynamic business environment, and how do they adapt to meet these challenges effectively",HR Overview,HR Overview,"challenges include rapid technological changes, remote work management, and addressing mental health concerns. hr professionals adapt by staying updated, implementing flexible policies, and offering employee support programs."
how do hr departments contribute to organizational success and competitiveness by attracting and retaining top talent,HR Overview,HR Overview,"hr departments contribute by implementing effective recruitment strategies, providing competitive benefits and compensation, and creating a workplace culture that appeals to top talent, thus enhancing organizational competitiveness."
"what are some ethical considerations in hr management, and how do hr professionals ensure fairness, transparency, and compliance with ethical standards",HR Overview,HR Overview,"ethical considerations include fair hiring practices, data privacy, and addressing conflicts of interest. hr professionals ensure fairness, transparency, and compliance through clear policies and ethical training."
