job_id,title,category,skills,responsibilities,keywords_raw,experience_level,years_required,source,skills_list,keywords_list,skills_clean,job_text,skills_raw,location,industry,Category
DES001,UI/UX Designer,DESIGNER,"Adobe XD, Figma, Sketch, Photoshop, Illustrator, CSS, HTML, Wireframing, Prototyping, User Research",Design user interfaces; Create wireframes and prototypes; Conduct user research; Collaborate with developers; Maintain design systems,ui ux design figma adobe sketch wireframe prototype user experience visual design,Mid,3,LinkedIn,"['Adobe XD', 'Figma', 'Sketch', 'Photoshop', 'Illustrator', 'CSS', 'HTML', 'Wireframing', 'Prototyping', 'User Research']","['ui', 'ux', 'design', 'figma', 'adobe', 'sketch', 'wireframe', 'prototype', 'user experience', 'visual design']",adobe xd figma sketch photoshop illustrator css html wireframing prototyping user research,DESIGNER UI/UX Designer adobe xd figma sketch photoshop illustrator css html wireframing prototyping user research mid 3 years,"Adobe XD, Figma, Sketch, Photoshop, Illustrator, CSS, HTML, Wireframing, Prototyping, User Research",,,
DES002,Graphic Designer,DESIGNER,"Adobe Creative Suite, Typography, Branding, Print Design, Logo Design, Illustration, InDesign, Corel Draw",Create visual content; Develop brand identities; Design print and digital materials; Present design concepts to clients,graphic design branding typography logo print digital creative suite illustrator,Junior,1,Indeed,"['Adobe Creative Suite', 'Typography', 'Branding', 'Print Design', 'Logo Design', 'Illustration', 'InDesign', 'Corel Draw']","['graphic design', 'branding', 'typography', 'logo', 'print', 'digital', 'creative suite', 'illustrator']",adobe creative suite typography branding print design logo design illustration indesign corel draw,DESIGNER Graphic Designer adobe creative suite typography branding print design logo design illustration indesign corel draw junior 1 year,"Adobe Creative Suite, Typography, Branding, Print Design, Logo Design, Illustration, InDesign, Corel Draw",,,
IT001,Software Engineer,INFORMATION-TECHNOLOGY,"Python, Java, SQL, REST APIs, Git, Docker, Kubernetes, Agile, AWS, Linux",Develop software applications; Write clean code; Review code; Debug and troubleshoot; Collaborate with cross-functional teams,software engineer python java sql rest api git docker kubernetes agile aws linux backend,Mid,3,LinkedIn,"['Python', 'Java', 'SQL', 'REST APIs', 'Git', 'Docker', 'Kubernetes', 'Agile', 'AWS', 'Linux']","['software engineer', 'python', 'java', 'sql', 'rest api', 'git', 'docker', 'kubernetes', 'agile', 'aws']",python java sql rest apis git docker kubernetes agile aws linux,INFORMATION-TECHNOLOGY Software Engineer python java sql rest apis git docker kubernetes agile aws linux mid 3 years,"Python, Java, SQL, REST APIs, Git, Docker, Kubernetes, Agile, AWS, Linux",,,
IT002,Data Analyst,INFORMATION-TECHNOLOGY,"Python, R, SQL, Tableau, Power BI, Excel, Statistics, Machine Learning, Data Visualization, Pandas",Analyze large datasets; Create dashboards; Generate reports; Identify trends; Support business decisions with data insights,data analyst python r sql tableau power bi excel statistics machine learning visualization pandas,Junior,2,Naukri,"['Python', 'R', 'SQL', 'Tableau', 'Power BI', 'Excel', 'Statistics', 'Machine Learning', 'Data Visualization', 'Pandas']","['data analyst', 'python', 'r', 'sql', 'tableau', 'power bi', 'excel', 'statistics', 'machine learning', 'pandas']",python r sql tableau power bi excel statistics machine learning data visualization pandas,INFORMATION-TECHNOLOGY Data Analyst python r sql tableau power bi excel statistics machine learning data visualization pandas junior 2 years,"Python, R, SQL, Tableau, Power BI, Excel, Statistics, Machine Learning, Data Visualization, Pandas",,,
TEA001,High School Mathematics Teacher,TEACHER,"Curriculum Development, Classroom Management, Assessment, Differentiated Instruction, Math Proficiency, Communication, LMS, Student Counseling",Teach mathematics; Develop lesson plans; Assess student performance; Communicate with parents; Maintain classroom discipline,teacher mathematics curriculum classroom assessment instruction communication lms counseling education,Mid,3,Indeed,"['Curriculum Development', 'Classroom Management', 'Assessment', 'Differentiated Instruction', 'Math Proficiency', 'Communication', 'LMS', 'Student Counseling']","['teacher', 'mathematics', 'curriculum', 'classroom', 'assessment', 'instruction', 'communication', 'lms', 'counseling', 'education']",curriculum development classroom management assessment differentiated instruction math proficiency communication lms student counseling,TEACHER High School Mathematics Teacher curriculum development classroom management assessment differentiated instruction math proficiency mid 3 years,"Curriculum Development, Classroom Management, Assessment, Differentiated Instruction, Math Proficiency, Communication, LMS, Student Counseling",,,
TEA002,Primary School Teacher,TEACHER,"Child Development, Lesson Planning, Creative Teaching, Communication, Patience, MS Office, Activity Design, Phonics",Teach foundational subjects; Design age-appropriate activities; Monitor child development; Engage parents; Maintain records,primary teacher child development lesson planning creative communication patience ms office activity phonics,Junior,1,LinkedIn,"['Child Development', 'Lesson Planning', 'Creative Teaching', 'Communication', 'Patience', 'MS Office', 'Activity Design', 'Phonics']","['primary teacher', 'child development', 'lesson planning', 'creative', 'communication', 'patience', 'ms office', 'activity', 'phonics']",child development lesson planning creative teaching communication patience ms office activity design phonics,TEACHER Primary School Teacher child development lesson planning creative teaching communication patience ms office activity design phonics junior 1 year,"Child Development, Lesson Planning, Creative Teaching, Communication, Patience, MS Office, Activity Design, Phonics",,,
ADV001,Corporate Lawyer,ADVOCATE,"Legal Research, Contract Drafting, Litigation, Negotiation, Corporate Law, Compliance, Communication, MS Office, LexisNexis",Draft legal documents; Represent clients in court; Provide legal advice; Negotiate contracts; Ensure regulatory compliance,lawyer legal research contract drafting litigation negotiation corporate law compliance communication lexisnexis,Senior,7,LinkedIn,"['Legal Research', 'Contract Drafting', 'Litigation', 'Negotiation', 'Corporate Law', 'Compliance', 'Communication', 'MS Office', 'LexisNexis']","['lawyer', 'legal research', 'contract drafting', 'litigation', 'negotiation', 'corporate law', 'compliance', 'communication', 'lexisnexis']",legal research contract drafting litigation negotiation corporate law compliance communication ms office lexisnexis,ADVOCATE Corporate Lawyer legal research contract drafting litigation negotiation corporate law compliance communication ms office lexisnexis senior 7 years,"Legal Research, Contract Drafting, Litigation, Negotiation, Corporate Law, Compliance, Communication, MS Office, LexisNexis",,,
ADV002,Civil Rights Advocate,ADVOCATE,"Legal Research, Public Speaking, Policy Analysis, Advocacy, Community Outreach, Report Writing, NGO Management, Negotiation",Advocate for civil rights; Conduct legal research; Engage with communities; Draft policy briefs; Represent marginalized groups,civil rights legal research public speaking policy advocacy community outreach report writing ngo negotiation,Mid,4,NGO Portal,"['Legal Research', 'Public Speaking', 'Policy Analysis', 'Advocacy', 'Community Outreach', 'Report Writing', 'NGO Management', 'Negotiation']","['civil rights', 'legal research', 'public speaking', 'policy', 'advocacy', 'community outreach', 'report writing', 'ngo', 'negotiation']",legal research public speaking policy analysis advocacy community outreach report writing ngo management negotiation,ADVOCATE Civil Rights Advocate legal research public speaking policy analysis advocacy community outreach report writing ngo management negotiation mid 4 years,"Legal Research, Public Speaking, Policy Analysis, Advocacy, Community Outreach, Report Writing, NGO Management, Negotiation",,,
BD001,Business Development Manager,BUSINESS-DEVELOPMENT,"Sales Strategy, CRM, Negotiation, Market Research, Lead Generation, Presentation, Networking, Excel, Salesforce",Identify new business opportunities; Build client relationships; Develop growth strategies; Negotiate partnerships; Achieve revenue targets,business development sales strategy crm negotiation market research lead generation presentation networking excel salesforce,Senior,6,LinkedIn,"['Sales Strategy', 'CRM', 'Negotiation', 'Market Research', 'Lead Generation', 'Presentation', 'Networking', 'Excel', 'Salesforce']","['business development', 'sales strategy', 'crm', 'negotiation', 'market research', 'lead generation', 'presentation', 'networking', 'salesforce']",sales strategy crm negotiation market research lead generation presentation networking excel salesforce,BUSINESS-DEVELOPMENT Business Development Manager sales strategy crm negotiation market research lead generation presentation networking excel salesforce senior 6 years,"Sales Strategy, CRM, Negotiation, Market Research, Lead Generation, Presentation, Networking, Excel, Salesforce",,,
BD002,Business Analyst,BUSINESS-DEVELOPMENT,"Requirements Gathering, Process Mapping, SQL, Excel, JIRA, Stakeholder Management, Data Analysis, Agile, Tableau",Analyze business processes; Gather requirements; Document workflows; Support project management; Create business reports,business analyst requirements gathering process mapping sql excel jira stakeholder management data analysis agile tableau,Mid,3,Indeed,"['Requirements Gathering', 'Process Mapping', 'SQL', 'Excel', 'JIRA', 'Stakeholder Management', 'Data Analysis', 'Agile', 'Tableau']","['business analyst', 'requirements gathering', 'process mapping', 'sql', 'excel', 'jira', 'stakeholder management', 'data analysis', 'agile', 'tableau']",requirements gathering process mapping sql excel jira stakeholder management data analysis agile tableau,BUSINESS-DEVELOPMENT Business Analyst requirements gathering process mapping sql excel jira stakeholder management data analysis agile tableau mid 3 years,"Requirements Gathering, Process Mapping, SQL, Excel, JIRA, Stakeholder Management, Data Analysis, Agile, Tableau",,,
HC001,Registered Nurse,HEALTHCARE,"Patient Care, Clinical Assessment, Medication Administration, EMR, IV Therapy, Communication, BLS, ACLS, Wound Care",Provide patient care; Monitor vitals; Administer medications; Coordinate with physicians; Educate patients and families,nurse patient care clinical assessment medication emr iv therapy communication bls acls wound care,Mid,3,Hospital Jobs,"['Patient Care', 'Clinical Assessment', 'Medication Administration', 'EMR', 'IV Therapy', 'Communication', 'BLS', 'ACLS', 'Wound Care']","['nurse', 'patient care', 'clinical assessment', 'medication', 'emr', 'iv therapy', 'communication', 'bls', 'acls', 'wound care']",patient care clinical assessment medication administration emr iv therapy communication bls acls wound care,HEALTHCARE Registered Nurse patient care clinical assessment medication administration emr iv therapy communication bls acls wound care mid 3 years,"Patient Care, Clinical Assessment, Medication Administration, EMR, IV Therapy, Communication, BLS, ACLS, Wound Care",,,
HC002,Medical Doctor,HEALTHCARE,"Diagnosis, Treatment Planning, Surgery, Patient Management, EMR, Medical Research, Communication, Clinical Decision Making",Diagnose and treat patients; Perform medical procedures; Prescribe medications; Supervise medical staff; Maintain patient records,doctor diagnosis treatment surgery patient management emr medical research communication clinical decision making,Senior,8,MedJobsIndia,"['Diagnosis', 'Treatment Planning', 'Surgery', 'Patient Management', 'EMR', 'Medical Research', 'Communication', 'Clinical Decision Making']","['doctor', 'diagnosis', 'treatment', 'surgery', 'patient management', 'emr', 'medical research', 'communication', 'clinical decision making']",diagnosis treatment planning surgery patient management emr medical research communication clinical decision making,HEALTHCARE Medical Doctor diagnosis treatment planning surgery patient management emr medical research communication clinical decision making senior 8 years,"Diagnosis, Treatment Planning, Surgery, Patient Management, EMR, Medical Research, Communication, Clinical Decision Making",,,
FIT001,Personal Trainer,FITNESS,"Exercise Programming, Nutrition Guidance, Client Motivation, CPR/AED, Fitness Assessment, Weight Training, HIIT, Yoga, Communication",Design workout plans; Train clients; Monitor progress; Provide nutritional advice; Maintain client records,personal trainer exercise programming nutrition client motivation cpr fitness assessment weight training hiit yoga,Junior,1,Indeed,"['Exercise Programming', 'Nutrition Guidance', 'Client Motivation', 'CPR/AED', 'Fitness Assessment', 'Weight Training', 'HIIT', 'Yoga', 'Communication']","['personal trainer', 'exercise programming', 'nutrition', 'client motivation', 'cpr', 'fitness assessment', 'weight training', 'hiit', 'yoga']",exercise programming nutrition guidance client motivation cpr aed fitness assessment weight training hiit yoga communication,FITNESS Personal Trainer exercise programming nutrition guidance client motivation cpr aed fitness assessment weight training hiit yoga communication junior 1 year,"Exercise Programming, Nutrition Guidance, Client Motivation, CPR/AED, Fitness Assessment, Weight Training, HIIT, Yoga, Communication",,,
FIT002,Sports Coach,FITNESS,"Sport-Specific Training, Team Management, Strategy Development, Performance Analysis, Video Analysis, First Aid, Communication",Coach athletes; Develop training programs; Analyze performance; Coordinate team activities; Scout talent,sports coach training team management strategy performance analysis video analysis first aid communication,Mid,4,LinkedIn,"['Sport-Specific Training', 'Team Management', 'Strategy Development', 'Performance Analysis', 'Video Analysis', 'First Aid', 'Communication']","['sports coach', 'training', 'team management', 'strategy', 'performance analysis', 'video analysis', 'first aid', 'communication']",sport specific training team management strategy development performance analysis video analysis first aid communication,FITNESS Sports Coach sport specific training team management strategy development performance analysis video analysis first aid communication mid 4 years,"Sport-Specific Training, Team Management, Strategy Development, Performance Analysis, Video Analysis, First Aid, Communication",,,
AGR001,Agronomist,AGRICULTURE,"Soil Science, Crop Management, Irrigation, Pest Control, GIS, Agricultural Software, Data Analysis, Research, Communication",Advise on crop production; Conduct soil testing; Recommend pest management; Analyze agricultural data; Develop farm plans,agronomist soil science crop management irrigation pest control gis agricultural software data analysis research,Mid,4,AgriJobs,"['Soil Science', 'Crop Management', 'Irrigation', 'Pest Control', 'GIS', 'Agricultural Software', 'Data Analysis', 'Research', 'Communication']","['agronomist', 'soil science', 'crop management', 'irrigation', 'pest control', 'gis', 'agricultural software', 'data analysis', 'research']",soil science crop management irrigation pest control gis agricultural software data analysis research communication,AGRICULTURE Agronomist soil science crop management irrigation pest control gis agricultural software data analysis research communication mid 4 years,"Soil Science, Crop Management, Irrigation, Pest Control, GIS, Agricultural Software, Data Analysis, Research, Communication",,,
AGR002,Farm Manager,AGRICULTURE,"Farm Operations, Crop Planning, Staff Management, Equipment Maintenance, Budget Management, Supply Chain, Agricultural Law, Communication",Manage farm operations; Plan crop cycles; Supervise workers; Maintain equipment; Control budget,farm manager operations crop planning staff management equipment maintenance budget supply chain agricultural law,Senior,6,Indeed,"['Farm Operations', 'Crop Planning', 'Staff Management', 'Equipment Maintenance', 'Budget Management', 'Supply Chain', 'Agricultural Law', 'Communication']","['farm manager', 'operations', 'crop planning', 'staff management', 'equipment maintenance', 'budget', 'supply chain', 'agricultural law']",farm operations crop planning staff management equipment maintenance budget management supply chain agricultural law communication,AGRICULTURE Farm Manager farm operations crop planning staff management equipment maintenance budget management supply chain agricultural law communication senior 6 years,"Farm Operations, Crop Planning, Staff Management, Equipment Maintenance, Budget Management, Supply Chain, Agricultural Law, Communication",,,
BPO001,Customer Service Representative,BPO,"Customer Service, Communication, CRM, Problem Solving, Data Entry, MS Office, Active Listening, Multilingual, Ticketing Systems",Handle customer inquiries; Resolve complaints; Process transactions; Maintain customer records; Meet SLA targets,customer service communication crm problem solving data entry ms office active listening multilingual ticketing systems,Junior,1,Naukri,"['Customer Service', 'Communication', 'CRM', 'Problem Solving', 'Data Entry', 'MS Office', 'Active Listening', 'Multilingual', 'Ticketing Systems']","['customer service', 'communication', 'crm', 'problem solving', 'data entry', 'ms office', 'active listening', 'multilingual', 'ticketing systems']",customer service communication crm problem solving data entry ms office active listening multilingual ticketing systems,BPO Customer Service Representative customer service communication crm problem solving data entry ms office active listening multilingual ticketing systems junior 1 year,"Customer Service, Communication, CRM, Problem Solving, Data Entry, MS Office, Active Listening, Multilingual, Ticketing Systems",,,
BPO002,BPO Team Leader,BPO,"Team Management, Quality Assurance, KPI Monitoring, Coaching, CRM, Escalation Management, Reporting, Communication",Lead BPO team; Monitor performance; Handle escalations; Train agents; Generate reports; Ensure quality standards,bpo team leader quality assurance kpi coaching crm escalation management reporting communication,Mid,3,LinkedIn,"['Team Management', 'Quality Assurance', 'KPI Monitoring', 'Coaching', 'CRM', 'Escalation Management', 'Reporting', 'Communication']","['bpo team leader', 'quality assurance', 'kpi', 'coaching', 'crm', 'escalation management', 'reporting', 'communication']",team management quality assurance kpi monitoring coaching crm escalation management reporting communication,BPO BPO Team Leader team management quality assurance kpi monitoring coaching crm escalation management reporting communication mid 3 years,"Team Management, Quality Assurance, KPI Monitoring, Coaching, CRM, Escalation Management, Reporting, Communication",,,
SAL001,Sales Executive,SALES,"Prospecting, Negotiation, CRM, Cold Calling, Presentation, Closing, Product Knowledge, Networking, Excel",Generate leads; Build client relationships; Present products; Negotiate and close deals; Achieve monthly sales targets,sales executive prospecting negotiation crm cold calling presentation closing product knowledge networking excel,Junior,2,Indeed,"['Prospecting', 'Negotiation', 'CRM', 'Cold Calling', 'Presentation', 'Closing', 'Product Knowledge', 'Networking', 'Excel']","['sales executive', 'prospecting', 'negotiation', 'crm', 'cold calling', 'presentation', 'closing', 'product knowledge', 'networking', 'excel']",prospecting negotiation crm cold calling presentation closing product knowledge networking excel,SALES Sales Executive prospecting negotiation crm cold calling presentation closing product knowledge networking excel junior 2 years,"Prospecting, Negotiation, CRM, Cold Calling, Presentation, Closing, Product Knowledge, Networking, Excel",,,
SAL002,Sales Manager,SALES,"Sales Strategy, Team Leadership, Forecasting, CRM, P&L Management, Territory Management, Coaching, Negotiation, Market Analysis",Lead sales team; Develop sales strategies; Monitor targets; Train sales reps; Manage key accounts; Report to leadership,sales manager strategy team leadership forecasting crm pl management territory coaching negotiation market analysis,Senior,7,LinkedIn,"['Sales Strategy', 'Team Leadership', 'Forecasting', 'CRM', 'P&L Management', 'Territory Management', 'Coaching', 'Negotiation', 'Market Analysis']","['sales manager', 'strategy', 'team leadership', 'forecasting', 'crm', 'pl management', 'territory', 'coaching', 'negotiation', 'market analysis']",sales strategy team leadership forecasting crm pl management territory management coaching negotiation market analysis,SALES Sales Manager sales strategy team leadership forecasting crm pl management territory management coaching negotiation market analysis senior 7 years,"Sales Strategy, Team Leadership, Forecasting, CRM, P&L Management, Territory Management, Coaching, Negotiation, Market Analysis",,,
CON001,Management Consultant,CONSULTANT,"Business Analysis, Strategy, Problem Solving, Data Analysis, Excel, PowerPoint, Stakeholder Management, Project Management, Consulting Frameworks",Advise clients on business strategy; Conduct research; Develop recommendations; Present findings; Manage project timelines,management consultant business analysis strategy problem solving data analysis excel powerpoint stakeholder project management,Mid,4,LinkedIn,"['Business Analysis', 'Strategy', 'Problem Solving', 'Data Analysis', 'Excel', 'PowerPoint', 'Stakeholder Management', 'Project Management', 'Consulting Frameworks']","['management consultant', 'business analysis', 'strategy', 'problem solving', 'data analysis', 'excel', 'powerpoint', 'stakeholder', 'project management']",business analysis strategy problem solving data analysis excel powerpoint stakeholder management project management consulting frameworks,CONSULTANT Management Consultant business analysis strategy problem solving data analysis excel powerpoint stakeholder management project management consulting frameworks mid 4 years,"Business Analysis, Strategy, Problem Solving, Data Analysis, Excel, PowerPoint, Stakeholder Management, Project Management, Consulting Frameworks",,,
CON002,IT Consultant,CONSULTANT,"Systems Analysis, IT Strategy, Cloud Solutions, Project Management, ITIL, Cybersecurity, Communication, Vendor Management, SQL",Assess IT infrastructure; Recommend solutions; Manage implementations; Advise on IT strategy; Support digital transformation,it consultant systems analysis it strategy cloud solutions project management itil cybersecurity vendor management sql,Senior,6,Naukri,"['Systems Analysis', 'IT Strategy', 'Cloud Solutions', 'Project Management', 'ITIL', 'Cybersecurity', 'Communication', 'Vendor Management', 'SQL']","['it consultant', 'systems analysis', 'it strategy', 'cloud solutions', 'project management', 'itil', 'cybersecurity', 'vendor management', 'sql']",systems analysis it strategy cloud solutions project management itil cybersecurity communication vendor management sql,CONSULTANT IT Consultant systems analysis it strategy cloud solutions project management itil cybersecurity communication vendor management sql senior 6 years,"Systems Analysis, IT Strategy, Cloud Solutions, Project Management, ITIL, Cybersecurity, Communication, Vendor Management, SQL",,,
DM001,Social Media Manager,DIGITAL-MEDIA,"Content Creation, Social Media Strategy, Analytics, SEO, Copywriting, Canva, Hootsuite, Engagement, Paid Ads, Community Management",Manage social media accounts; Create content calendars; Analyze performance; Run ad campaigns; Engage with audience,social media manager content creation strategy analytics seo copywriting canva hootsuite engagement paid ads community,Mid,3,LinkedIn,"['Content Creation', 'Social Media Strategy', 'Analytics', 'SEO', 'Copywriting', 'Canva', 'Hootsuite', 'Engagement', 'Paid Ads', 'Community Management']","['social media manager', 'content creation', 'strategy', 'analytics', 'seo', 'copywriting', 'canva', 'hootsuite', 'engagement', 'paid ads', 'community']",content creation social media strategy analytics seo copywriting canva hootsuite engagement paid ads community management,DIGITAL-MEDIA Social Media Manager content creation social media strategy analytics seo copywriting canva hootsuite engagement paid ads community management mid 3 years,"Content Creation, Social Media Strategy, Analytics, SEO, Copywriting, Canva, Hootsuite, Engagement, Paid Ads, Community Management",,,
DM002,Digital Marketing Executive,DIGITAL-MEDIA,"Google Ads, Facebook Ads, SEO, SEM, Email Marketing, Analytics, CRM, A/B Testing, Content Strategy, ROI Analysis",Run digital ad campaigns; Optimize SEO/SEM; Manage email marketing; Track campaign KPIs; Improve conversion rates,digital marketing google ads facebook ads seo sem email marketing analytics crm ab testing content strategy roi,Junior,2,Indeed,"['Google Ads', 'Facebook Ads', 'SEO', 'SEM', 'Email Marketing', 'Analytics', 'CRM', 'A/B Testing', 'Content Strategy', 'ROI Analysis']","['digital marketing', 'google ads', 'facebook ads', 'seo', 'sem', 'email marketing', 'analytics', 'crm', 'ab testing', 'content strategy', 'roi']",google ads facebook ads seo sem email marketing analytics crm ab testing content strategy roi analysis,DIGITAL-MEDIA Digital Marketing Executive google ads facebook ads seo sem email marketing analytics crm ab testing content strategy roi analysis junior 2 years,"Google Ads, Facebook Ads, SEO, SEM, Email Marketing, Analytics, CRM, A/B Testing, Content Strategy, ROI Analysis",,,
AUTO001,Automotive Engineer,AUTOMOBILE,"CAD, MATLAB, Vehicle Dynamics, Engine Design, AutoCAD, CATIA, Project Management, Mechanical Engineering, Testing & Validation",Design vehicle systems; Test components; Troubleshoot engineering issues; Collaborate with production teams; Write technical reports,automotive engineer cad matlab vehicle dynamics engine design autocad catia project management mechanical testing,Mid,4,LinkedIn,"['CAD', 'MATLAB', 'Vehicle Dynamics', 'Engine Design', 'AutoCAD', 'CATIA', 'Project Management', 'Mechanical Engineering', 'Testing & Validation']","['automotive engineer', 'cad', 'matlab', 'vehicle dynamics', 'engine design', 'autocad', 'catia', 'project management', 'mechanical engineering', 'testing']",cad matlab vehicle dynamics engine design autocad catia project management mechanical engineering testing validation,AUTOMOBILE Automotive Engineer cad matlab vehicle dynamics engine design autocad catia project management mechanical engineering testing validation mid 4 years,"CAD, MATLAB, Vehicle Dynamics, Engine Design, AutoCAD, CATIA, Project Management, Mechanical Engineering, Testing & Validation",,,
AUTO002,Service Technician,AUTOMOBILE,"Vehicle Diagnostics, Engine Repair, Transmission, Electrical Systems, OBD Tools, Customer Service, Documentation, Safety Protocols",Diagnose vehicle faults; Perform repairs; Service vehicles; Advise customers; Maintain service records,service technician vehicle diagnostics engine repair transmission electrical systems obd tools customer service documentation safety,Junior,2,Naukri,"['Vehicle Diagnostics', 'Engine Repair', 'Transmission', 'Electrical Systems', 'OBD Tools', 'Customer Service', 'Documentation', 'Safety Protocols']","['service technician', 'vehicle diagnostics', 'engine repair', 'transmission', 'electrical systems', 'obd tools', 'customer service', 'documentation', 'safety']",vehicle diagnostics engine repair transmission electrical systems obd tools customer service documentation safety protocols,AUTOMOBILE Service Technician vehicle diagnostics engine repair transmission electrical systems obd tools customer service documentation safety protocols junior 2 years,"Vehicle Diagnostics, Engine Repair, Transmission, Electrical Systems, OBD Tools, Customer Service, Documentation, Safety Protocols",,,
CHF001,Executive Chef,CHEF,"Menu Planning, Kitchen Management, Food Safety, Culinary Techniques, Budget Management, Team Leadership, Inventory Control, Creativity",Design menus; Supervise kitchen staff; Ensure food quality; Manage inventory; Control food costs; Train junior chefs,executive chef menu planning kitchen management food safety culinary techniques budget team leadership inventory creativity,Senior,8,HotelJobs,"['Menu Planning', 'Kitchen Management', 'Food Safety', 'Culinary Techniques', 'Budget Management', 'Team Leadership', 'Inventory Control', 'Creativity']","['executive chef', 'menu planning', 'kitchen management', 'food safety', 'culinary techniques', 'budget', 'team leadership', 'inventory', 'creativity']",menu planning kitchen management food safety culinary techniques budget management team leadership inventory control creativity,CHEF Executive Chef menu planning kitchen management food safety culinary techniques budget management team leadership inventory control creativity senior 8 years,"Menu Planning, Kitchen Management, Food Safety, Culinary Techniques, Budget Management, Team Leadership, Inventory Control, Creativity",,,
CHF002,Pastry Chef,CHEF,"Baking, Pastry Arts, Chocolate Work, Cake Decorating, Recipe Development, Food Safety, Plating, Creativity, Inventory Management",Create pastry and dessert menus; Bake and decorate items; Manage pastry section; Train staff; Ensure quality standards,pastry chef baking pastry arts chocolate cake decorating recipe development food safety plating creativity inventory,Mid,4,Indeed,"['Baking', 'Pastry Arts', 'Chocolate Work', 'Cake Decorating', 'Recipe Development', 'Food Safety', 'Plating', 'Creativity', 'Inventory Management']","['pastry chef', 'baking', 'pastry arts', 'chocolate', 'cake decorating', 'recipe development', 'food safety', 'plating', 'creativity', 'inventory']",baking pastry arts chocolate work cake decorating recipe development food safety plating creativity inventory management,CHEF Pastry Chef baking pastry arts chocolate work cake decorating recipe development food safety plating creativity inventory management mid 4 years,"Baking, Pastry Arts, Chocolate Work, Cake Decorating, Recipe Development, Food Safety, Plating, Creativity, Inventory Management",,,
FIN001,Financial Analyst,FINANCE,"Financial Modeling, Excel, SQL, Forecasting, Budgeting, Valuation, Bloomberg, PowerPoint, Risk Analysis, GAAP",Build financial models; Analyze financial statements; Prepare reports; Support investment decisions; Monitor KPIs,financial analyst financial modeling excel sql forecasting budgeting valuation bloomberg powerpoint risk analysis gaap,Mid,3,LinkedIn,"['Financial Modeling', 'Excel', 'SQL', 'Forecasting', 'Budgeting', 'Valuation', 'Bloomberg', 'PowerPoint', 'Risk Analysis', 'GAAP']","['financial analyst', 'financial modeling', 'excel', 'sql', 'forecasting', 'budgeting', 'valuation', 'bloomberg', 'powerpoint', 'risk analysis', 'gaap']",financial modeling excel sql forecasting budgeting valuation bloomberg powerpoint risk analysis gaap,FINANCE Financial Analyst financial modeling excel sql forecasting budgeting valuation bloomberg powerpoint risk analysis gaap mid 3 years,"Financial Modeling, Excel, SQL, Forecasting, Budgeting, Valuation, Bloomberg, PowerPoint, Risk Analysis, GAAP",,,
FIN002,Investment Banker,FINANCE,"M&A, DCF Valuation, Pitch Books, Financial Modeling, Capital Markets, Excel, Bloomberg, Due Diligence, Client Relations, CFA",Execute M&A transactions; Build valuation models; Prepare pitch books; Conduct due diligence; Manage client relationships,investment banker ma dcf valuation pitch books financial modeling capital markets excel bloomberg due diligence client relations cfa,Senior,7,Financial Times Jobs,"['M&A', 'DCF Valuation', 'Pitch Books', 'Financial Modeling', 'Capital Markets', 'Excel', 'Bloomberg', 'Due Diligence', 'Client Relations', 'CFA']","['investment banker', 'ma', 'dcf valuation', 'pitch books', 'financial modeling', 'capital markets', 'excel', 'bloomberg', 'due diligence', 'client relations', 'cfa']",m a dcf valuation pitch books financial modeling capital markets excel bloomberg due diligence client relations cfa,FINANCE Investment Banker m a dcf valuation pitch books financial modeling capital markets excel bloomberg due diligence client relations cfa senior 7 years,"M&A, DCF Valuation, Pitch Books, Financial Modeling, Capital Markets, Excel, Bloomberg, Due Diligence, Client Relations, CFA",,,
APP001,Fashion Designer,APPAREL,"Sketching, Fabric Selection, Pattern Making, Adobe Illustrator, Trend Analysis, Garment Construction, CAD, Sewing, Merchandising",Design clothing lines; Select fabrics; Create patterns; Supervise production; Present collections; Conduct trend research,fashion designer sketching fabric selection pattern making adobe illustrator trend analysis garment construction cad sewing merchandising,Mid,4,FashionJobs,"['Sketching', 'Fabric Selection', 'Pattern Making', 'Adobe Illustrator', 'Trend Analysis', 'Garment Construction', 'CAD', 'Sewing', 'Merchandising']","['fashion designer', 'sketching', 'fabric selection', 'pattern making', 'adobe illustrator', 'trend analysis', 'garment construction', 'cad', 'sewing', 'merchandising']",sketching fabric selection pattern making adobe illustrator trend analysis garment construction cad sewing merchandising,APPAREL Fashion Designer sketching fabric selection pattern making adobe illustrator trend analysis garment construction cad sewing merchandising mid 4 years,"Sketching, Fabric Selection, Pattern Making, Adobe Illustrator, Trend Analysis, Garment Construction, CAD, Sewing, Merchandising",,,
APP002,Textile Merchandiser,APPAREL,"Fabric Sourcing, Negotiation, Supply Chain, Costing, Quality Control, Communication, MS Excel, ERP, Vendor Management",Source textiles; Negotiate with suppliers; Manage supply chain; Ensure quality control; Coordinate with production teams,textile merchandiser fabric sourcing negotiation supply chain costing quality control communication excel erp vendor management,Mid,3,Naukri,"['Fabric Sourcing', 'Negotiation', 'Supply Chain', 'Costing', 'Quality Control', 'Communication', 'MS Excel', 'ERP', 'Vendor Management']","['textile merchandiser', 'fabric sourcing', 'negotiation', 'supply chain', 'costing', 'quality control', 'communication', 'excel', 'erp', 'vendor management']",fabric sourcing negotiation supply chain costing quality control communication ms excel erp vendor management,APPAREL Textile Merchandiser fabric sourcing negotiation supply chain costing quality control communication ms excel erp vendor management mid 3 years,"Fabric Sourcing, Negotiation, Supply Chain, Costing, Quality Control, Communication, MS Excel, ERP, Vendor Management",,,
ENG001,Mechanical Engineer,ENGINEERING,"CAD, SolidWorks, ANSYS, FEA, Thermodynamics, Manufacturing Processes, AutoCAD, MATLAB, Project Management, GD&T",Design mechanical components; Perform simulations; Supervise manufacturing; Write technical reports; Optimize designs,mechanical engineer cad solidworks ansys fea thermodynamics manufacturing autocad matlab project management gdt,Mid,4,LinkedIn,"['CAD', 'SolidWorks', 'ANSYS', 'FEA', 'Thermodynamics', 'Manufacturing Processes', 'AutoCAD', 'MATLAB', 'Project Management', 'GD&T']","['mechanical engineer', 'cad', 'solidworks', 'ansys', 'fea', 'thermodynamics', 'manufacturing', 'autocad', 'matlab', 'project management', 'gdt']",cad solidworks ansys fea thermodynamics manufacturing processes autocad matlab project management gdt,ENGINEERING Mechanical Engineer cad solidworks ansys fea thermodynamics manufacturing processes autocad matlab project management gdt mid 4 years,"CAD, SolidWorks, ANSYS, FEA, Thermodynamics, Manufacturing Processes, AutoCAD, MATLAB, Project Management, GD&T",,,
ENG002,Civil Engineer,ENGINEERING,"AutoCAD, Structural Analysis, Project Management, Site Supervision, Surveying, STAAD Pro, MS Project, Soil Mechanics, Building Codes",Design civil structures; Supervise construction sites; Conduct surveys; Prepare cost estimates; Ensure compliance with codes,civil engineer autocad structural analysis project management site supervision surveying staad ms project soil mechanics building codes,Mid,5,Indeed,"['AutoCAD', 'Structural Analysis', 'Project Management', 'Site Supervision', 'Surveying', 'STAAD Pro', 'MS Project', 'Soil Mechanics', 'Building Codes']","['civil engineer', 'autocad', 'structural analysis', 'project management', 'site supervision', 'surveying', 'staad', 'ms project', 'soil mechanics', 'building codes']",autocad structural analysis project management site supervision surveying staad pro ms project soil mechanics building codes,ENGINEERING Civil Engineer autocad structural analysis project management site supervision surveying staad pro ms project soil mechanics building codes mid 5 years,"AutoCAD, Structural Analysis, Project Management, Site Supervision, Surveying, STAAD Pro, MS Project, Soil Mechanics, Building Codes",,,
ACC001,Chartered Accountant,ACCOUNTANT,"Financial Reporting, Taxation, Auditing, GAAP, Tally, SAP, Excel, GST, Compliance, Financial Analysis",Prepare financial statements; Conduct audits; Manage tax filings; Ensure compliance; Advise on financial matters,chartered accountant financial reporting taxation auditing gaap tally sap excel gst compliance financial analysis,Senior,6,Naukri,"['Financial Reporting', 'Taxation', 'Auditing', 'GAAP', 'Tally', 'SAP', 'Excel', 'GST', 'Compliance', 'Financial Analysis']","['chartered accountant', 'financial reporting', 'taxation', 'auditing', 'gaap', 'tally', 'sap', 'excel', 'gst', 'compliance', 'financial analysis']",financial reporting taxation auditing gaap tally sap excel gst compliance financial analysis,ACCOUNTANT Chartered Accountant financial reporting taxation auditing gaap tally sap excel gst compliance financial analysis senior 6 years,"Financial Reporting, Taxation, Auditing, GAAP, Tally, SAP, Excel, GST, Compliance, Financial Analysis",,,
ACC002,Accounts Executive,ACCOUNTANT,"Bookkeeping, Accounts Payable, Accounts Receivable, Tally, Excel, Bank Reconciliation, TDS, GST, Invoicing, Communication",Maintain ledgers; Process invoices; Reconcile accounts; Handle vendor payments; Prepare monthly reports,accounts executive bookkeeping accounts payable receivable tally excel bank reconciliation tds gst invoicing communication,Junior,2,Indeed,"['Bookkeeping', 'Accounts Payable', 'Accounts Receivable', 'Tally', 'Excel', 'Bank Reconciliation', 'TDS', 'GST', 'Invoicing', 'Communication']","['accounts executive', 'bookkeeping', 'accounts payable', 'accounts receivable', 'tally', 'excel', 'bank reconciliation', 'tds', 'gst', 'invoicing', 'communication']",bookkeeping accounts payable accounts receivable tally excel bank reconciliation tds gst invoicing communication,ACCOUNTANT Accounts Executive bookkeeping accounts payable accounts receivable tally excel bank reconciliation tds gst invoicing communication junior 2 years,"Bookkeeping, Accounts Payable, Accounts Receivable, Tally, Excel, Bank Reconciliation, TDS, GST, Invoicing, Communication",,,
CON_S001,Construction Project Manager,CONSTRUCTION,"Project Management, AutoCAD, MS Project, Budget Control, Risk Management, Site Management, Contracts, Communication, Safety Compliance",Manage construction projects; Coordinate teams; Control budgets; Ensure safety compliance; Liaise with clients and contractors,construction project manager autocad ms project budget control risk management site management contracts communication safety compliance,Senior,8,LinkedIn,"['Project Management', 'AutoCAD', 'MS Project', 'Budget Control', 'Risk Management', 'Site Management', 'Contracts', 'Communication', 'Safety Compliance']","['construction project manager', 'autocad', 'ms project', 'budget control', 'risk management', 'site management', 'contracts', 'communication', 'safety compliance']",project management autocad ms project budget control risk management site management contracts communication safety compliance,CONSTRUCTION Construction Project Manager project management autocad ms project budget control risk management site management contracts communication safety compliance senior 8 years,"Project Management, AutoCAD, MS Project, Budget Control, Risk Management, Site Management, Contracts, Communication, Safety Compliance",,,
CON_S002,Site Engineer,CONSTRUCTION,"Site Supervision, AutoCAD, Structural Drawing, Quality Control, Safety, MS Office, Survey Equipment, Material Management",Supervise site activities; Interpret drawings; Ensure quality; Monitor safety; Manage materials; Report progress,site engineer supervision autocad structural drawing quality control safety ms office survey equipment material management,Junior,2,Naukri,"['Site Supervision', 'AutoCAD', 'Structural Drawing', 'Quality Control', 'Safety', 'MS Office', 'Survey Equipment', 'Material Management']","['site engineer', 'supervision', 'autocad', 'structural drawing', 'quality control', 'safety', 'ms office', 'survey equipment', 'material management']",site supervision autocad structural drawing quality control safety ms office survey equipment material management,CONSTRUCTION Site Engineer site supervision autocad structural drawing quality control safety ms office survey equipment material management junior 2 years,"Site Supervision, AutoCAD, Structural Drawing, Quality Control, Safety, MS Office, Survey Equipment, Material Management",,,
PR001,PR Manager,PUBLIC-RELATIONS,"Media Relations, Press Releases, Crisis Communication, Brand Management, Social Media, Copywriting, Event Management, Stakeholder Communication",Manage media relations; Write press releases; Handle crisis communications; Build brand reputation; Organize press events,pr manager media relations press releases crisis communication brand management social media copywriting event management stakeholder,Mid,5,LinkedIn,"['Media Relations', 'Press Releases', 'Crisis Communication', 'Brand Management', 'Social Media', 'Copywriting', 'Event Management', 'Stakeholder Communication']","['pr manager', 'media relations', 'press releases', 'crisis communication', 'brand management', 'social media', 'copywriting', 'event management', 'stakeholder']",media relations press releases crisis communication brand management social media copywriting event management stakeholder communication,PUBLIC-RELATIONS PR Manager media relations press releases crisis communication brand management social media copywriting event management stakeholder communication mid 5 years,"Media Relations, Press Releases, Crisis Communication, Brand Management, Social Media, Copywriting, Event Management, Stakeholder Communication",,,
PR002,PR Executive,PUBLIC-RELATIONS,"Media Monitoring, Press Release Writing, Social Media, Event Coordination, Research, Communication, MS Office, Networking",Monitor media coverage; Draft press materials; Assist in events; Support senior PR team; Maintain media contacts,pr executive media monitoring press release writing social media event coordination research communication ms office networking,Junior,1,Indeed,"['Media Monitoring', 'Press Release Writing', 'Social Media', 'Event Coordination', 'Research', 'Communication', 'MS Office', 'Networking']","['pr executive', 'media monitoring', 'press release writing', 'social media', 'event coordination', 'research', 'communication', 'ms office', 'networking']",media monitoring press release writing social media event coordination research communication ms office networking,PUBLIC-RELATIONS PR Executive media monitoring press release writing social media event coordination research communication ms office networking junior 1 year,"Media Monitoring, Press Release Writing, Social Media, Event Coordination, Research, Communication, MS Office, Networking",,,
BNK001,Relationship Manager,BANKING,"Client Relationship Management, Financial Products, Cross-Selling, KYC/AML, CRM, Banking Regulations, Excel, Communication, Credit Analysis",Manage client portfolios; Promote banking products; Ensure regulatory compliance; Conduct KYC; Grow revenue from existing clients,relationship manager client relationship financial products cross selling kyc aml crm banking regulations excel credit analysis,Mid,4,LinkedIn,"['Client Relationship Management', 'Financial Products', 'Cross-Selling', 'KYC/AML', 'CRM', 'Banking Regulations', 'Excel', 'Communication', 'Credit Analysis']","['relationship manager', 'client relationship', 'financial products', 'cross selling', 'kyc', 'aml', 'crm', 'banking regulations', 'excel', 'credit analysis']",client relationship management financial products cross selling kyc aml crm banking regulations excel communication credit analysis,BANKING Relationship Manager client relationship management financial products cross selling kyc aml crm banking regulations excel communication credit analysis mid 4 years,"Client Relationship Management, Financial Products, Cross-Selling, KYC/AML, CRM, Banking Regulations, Excel, Communication, Credit Analysis",,,
BNK002,Credit Analyst,BANKING,"Credit Assessment, Financial Modeling, Risk Analysis, Excel, Bloomberg, Loan Structuring, Regulatory Compliance, Report Writing, Communication",Assess creditworthiness; Analyze financial statements; Prepare credit reports; Monitor loan portfolios; Ensure compliance,credit analyst credit assessment financial modeling risk analysis excel bloomberg loan structuring regulatory compliance report writing,Mid,3,Naukri,"['Credit Assessment', 'Financial Modeling', 'Risk Analysis', 'Excel', 'Bloomberg', 'Loan Structuring', 'Regulatory Compliance', 'Report Writing', 'Communication']","['credit analyst', 'credit assessment', 'financial modeling', 'risk analysis', 'excel', 'bloomberg', 'loan structuring', 'regulatory compliance', 'report writing']",credit assessment financial modeling risk analysis excel bloomberg loan structuring regulatory compliance report writing communication,BANKING Credit Analyst credit assessment financial modeling risk analysis excel bloomberg loan structuring regulatory compliance report writing communication mid 3 years,"Credit Assessment, Financial Modeling, Risk Analysis, Excel, Bloomberg, Loan Structuring, Regulatory Compliance, Report Writing, Communication",,,
ART001,Fine Artist,ARTS,"Oil Painting, Watercolor, Sculpture, Sketching, Composition, Art History, Exhibition Management, Digital Art, Adobe Photoshop",Create original artwork; Participate in exhibitions; Collaborate with galleries; Teach art workshops; Develop personal style,fine artist oil painting watercolor sculpture sketching composition art history exhibition digital art photoshop,Mid,3,Arts Council,"['Oil Painting', 'Watercolor', 'Sculpture', 'Sketching', 'Composition', 'Art History', 'Exhibition Management', 'Digital Art', 'Adobe Photoshop']","['fine artist', 'oil painting', 'watercolor', 'sculpture', 'sketching', 'composition', 'art history', 'exhibition', 'digital art', 'photoshop']",oil painting watercolor sculpture sketching composition art history exhibition management digital art adobe photoshop,ARTS Fine Artist oil painting watercolor sculpture sketching composition art history exhibition management digital art adobe photoshop mid 3 years,"Oil Painting, Watercolor, Sculpture, Sketching, Composition, Art History, Exhibition Management, Digital Art, Adobe Photoshop",,,
ART002,Art Director,ARTS,"Creative Direction, Visual Storytelling, Adobe Creative Suite, Team Leadership, Brand Identity, Typography, Photography, Video Production",Lead creative projects; Direct visual output; Collaborate with designers; Develop brand identities; Review creative work,art director creative direction visual storytelling adobe creative suite team leadership brand identity typography photography video,Senior,7,LinkedIn,"['Creative Direction', 'Visual Storytelling', 'Adobe Creative Suite', 'Team Leadership', 'Brand Identity', 'Typography', 'Photography', 'Video Production']","['art director', 'creative direction', 'visual storytelling', 'adobe creative suite', 'team leadership', 'brand identity', 'typography', 'photography', 'video']",creative direction visual storytelling adobe creative suite team leadership brand identity typography photography video production,ARTS Art Director creative direction visual storytelling adobe creative suite team leadership brand identity typography photography video production senior 7 years,"Creative Direction, Visual Storytelling, Adobe Creative Suite, Team Leadership, Brand Identity, Typography, Photography, Video Production",,,
AVI001,Commercial Pilot,AVIATION,"ATPL, Flight Operations, Navigation, Meteorology, Aircraft Systems, CRM, Emergency Procedures, Communication, FAA/DGCA Regulations",Operate commercial aircraft; File flight plans; Monitor weather; Communicate with ATC; Ensure passenger safety; Complete flight logs,commercial pilot atpl flight operations navigation meteorology aircraft systems crm emergency procedures communication faa dgca regulations,Senior,5,AviationJobs,"['ATPL', 'Flight Operations', 'Navigation', 'Meteorology', 'Aircraft Systems', 'CRM', 'Emergency Procedures', 'Communication', 'FAA/DGCA Regulations']","['commercial pilot', 'atpl', 'flight operations', 'navigation', 'meteorology', 'aircraft systems', 'crm', 'emergency procedures', 'communication', 'faa', 'dgca']",atpl flight operations navigation meteorology aircraft systems crm emergency procedures communication faa dgca regulations,AVIATION Commercial Pilot atpl flight operations navigation meteorology aircraft systems crm emergency procedures communication faa dgca regulations senior 5 years,"ATPL, Flight Operations, Navigation, Meteorology, Aircraft Systems, CRM, Emergency Procedures, Communication, FAA/DGCA Regulations",,,
AVI002,Aircraft Maintenance Engineer,AVIATION,"Aircraft Maintenance, AME License, Avionics, Engine Overhaul, Safety Protocols, Technical Documentation, Troubleshooting, Hydraulic Systems",Inspect and maintain aircraft; Perform scheduled maintenance; Troubleshoot technical issues; Maintain maintenance records; Ensure airworthiness,aircraft maintenance engineer ame license avionics engine overhaul safety technical documentation troubleshooting hydraulic systems,Mid,4,LinkedIn,"['Aircraft Maintenance', 'AME License', 'Avionics', 'Engine Overhaul', 'Safety Protocols', 'Technical Documentation', 'Troubleshooting', 'Hydraulic Systems']","['aircraft maintenance engineer', 'ame license', 'avionics', 'engine overhaul', 'safety', 'technical documentation', 'troubleshooting', 'hydraulic systems']",aircraft maintenance ame license avionics engine overhaul safety protocols technical documentation troubleshooting hydraulic systems,AVIATION Aircraft Maintenance Engineer aircraft maintenance ame license avionics engine overhaul safety protocols technical documentation troubleshooting hydraulic systems mid 4 years,"Aircraft Maintenance, AME License, Avionics, Engine Overhaul, Safety Protocols, Technical Documentation, Troubleshooting, Hydraulic Systems",,,
DES003,Motion Graphics Designer,DESIGNER,"After Effects, Premiere Pro, Cinema 4D, Illustrator, Photoshop, Storyboarding",Create animated content; Produce motion graphics for digital campaigns; Collaborate with creative team; Deliver video assets on schedule,motion graphics animation after effects cinema 4d video production creative,Mid,3,LinkedIn,"['After Effects', 'Premiere Pro', 'Cinema 4D', 'Illustrator', 'Photoshop', 'Storyboarding']","['motion', 'graphics', 'animation', 'after', 'effects', 'cinema', '4d', 'video', 'production', 'creative']",after effects premiere pro cinema 4d illustrator photoshop storyboarding,DESIGNER Motion Graphics Designer after effects premiere pro cinema 4d illustrator photoshop storyboarding mid 3 years,"After Effects, Premiere Pro, Cinema 4D, Illustrator, Photoshop, Storyboarding",,,
DES004,Product Designer,DESIGNER,"Figma, User Research, Prototyping, Usability Testing, Design Systems, Accessibility",Own end-to-end product design; Conduct usability studies; Build and maintain design system; Partner with engineering; Define interaction patterns,product design figma ux research usability design system interaction,Senior,6,LinkedIn,"['Figma', 'User Research', 'Prototyping', 'Usability Testing', 'Design Systems', 'Accessibility']","['product', 'design', 'figma', 'ux', 'research', 'usability', 'design', 'system', 'interaction']",figma user research prototyping usability testing design systems accessibility,DESIGNER Product Designer figma user research prototyping usability testing design systems accessibility senior 6 years,"Figma, User Research, Prototyping, Usability Testing, Design Systems, Accessibility",,,
DES005,Visual Designer,DESIGNER,"Illustrator, Photoshop, Typography, Branding, Color Theory, InDesign",Create brand visuals; Design marketing collateral; Maintain visual consistency; Support campaigns with creative assets,visual design branding typography color illustrator photoshop indesign,Junior,1,Indeed,"['Illustrator', 'Photoshop', 'Typography', 'Branding', 'Color Theory', 'InDesign']","['visual', 'design', 'branding', 'typography', 'color', 'illustrator', 'photoshop', 'indesign']",illustrator photoshop typography branding color theory indesign,DESIGNER Visual Designer illustrator photoshop typography branding color theory indesign junior 1 year,"Illustrator, Photoshop, Typography, Branding, Color Theory, InDesign",,,
DES006,3D Designer,DESIGNER,"Blender, Maya, ZBrush, Substance Painter, KeyShot, UV Mapping",Create 3D models and renders; Develop product visualisations; Collaborate with marketing; Produce assets for AR/VR pipelines,3d design blender maya modeling rendering product visualisation,Mid,4,LinkedIn,"['Blender', 'Maya', 'ZBrush', 'Substance Painter', 'KeyShot', 'UV Mapping']","['3d', 'design', 'blender', 'maya', 'modeling', 'rendering', 'product', 'visualisation']",blender maya zbrush substance painter keyshot uv mapping,DESIGNER 3D Designer blender maya zbrush substance painter keyshot uv mapping mid 4 years,"Blender, Maya, ZBrush, Substance Painter, KeyShot, UV Mapping",,,
IT003,DevOps Engineer,INFORMATION-TECHNOLOGY,"Docker, Kubernetes, CI/CD, Terraform, AWS, Linux, Python, Monitoring",Manage cloud infrastructure; Build and maintain CI/CD pipelines; Automate deployments; Monitor system health; Implement security best practices,devops docker kubernetes aws terraform cicd linux automation infrastructure,Mid,4,LinkedIn,"['Docker', 'Kubernetes', 'CI/CD', 'Terraform', 'AWS', 'Linux', 'Python', 'Monitoring']","['devops', 'docker', 'kubernetes', 'aws', 'terraform', 'cicd', 'linux', 'automation', 'infrastructure']",docker kubernetes ci/cd terraform aws linux python monitoring,INFORMATION-TECHNOLOGY DevOps Engineer docker kubernetes ci/cd terraform aws linux python monitoring mid 4 years,"Docker, Kubernetes, CI/CD, Terraform, AWS, Linux, Python, Monitoring",,,
IT004,Machine Learning Engineer,INFORMATION-TECHNOLOGY,"Python, TensorFlow, PyTorch, Scikit-learn, MLflow, SQL, Spark, Docker",Build and deploy ML models; Design data pipelines; Collaborate with data scientists; Monitor model performance; Optimise inference latency,machine learning python tensorflow pytorch deep learning data pipeline mlops,Senior,6,LinkedIn,"['Python', 'TensorFlow', 'PyTorch', 'Scikit-learn', 'MLflow', 'SQL', 'Spark', 'Docker']","['machine', 'learning', 'python', 'tensorflow', 'pytorch', 'deep', 'learning', 'data', 'pipeline', 'mlops']",python tensorflow pytorch scikit-learn mlflow sql spark docker,INFORMATION-TECHNOLOGY Machine Learning Engineer python tensorflow pytorch scikit-learn mlflow sql spark docker senior 6 years,"Python, TensorFlow, PyTorch, Scikit-learn, MLflow, SQL, Spark, Docker",,,
IT005,Cybersecurity Analyst,INFORMATION-TECHNOLOGY,"SIEM, Penetration Testing, Firewalls, IDS/IPS, Python, OWASP, Network Security, SOC",Monitor security events; Conduct vulnerability assessments; Respond to incidents; Develop security policies; Perform threat modelling,cybersecurity siem penetration testing network security vulnerability incident response,Mid,3,Indeed,"['SIEM', 'Penetration Testing', 'Firewalls', 'IDS/IPS', 'Python', 'OWASP', 'Network Security', 'SOC']","['cybersecurity', 'siem', 'penetration', 'testing', 'network', 'security', 'vulnerability', 'incident', 'response']",siem penetration testing firewalls ids/ips python owasp network security soc,INFORMATION-TECHNOLOGY Cybersecurity Analyst siem penetration testing firewalls ids/ips python owasp network security soc mid 3 years,"SIEM, Penetration Testing, Firewalls, IDS/IPS, Python, OWASP, Network Security, SOC",,,
IT006,Frontend Developer,INFORMATION-TECHNOLOGY,"React, TypeScript, CSS, HTML, REST APIs, Jest, Git, Webpack",Build responsive web interfaces; Implement UI from designs; Write unit tests; Optimise performance; Review code,frontend react typescript javascript css html web development testing,Junior,2,LinkedIn,"['React', 'TypeScript', 'CSS', 'HTML', 'REST APIs', 'Jest', 'Git', 'Webpack']","['frontend', 'react', 'typescript', 'javascript', 'css', 'html', 'web', 'development', 'testing']",react typescript css html rest apis jest git webpack,INFORMATION-TECHNOLOGY Frontend Developer react typescript css html rest apis jest git webpack junior 2 years,"React, TypeScript, CSS, HTML, REST APIs, Jest, Git, Webpack",,,
IT007,Cloud Architect,INFORMATION-TECHNOLOGY,"AWS, Azure, GCP, Terraform, Kubernetes, Security, Cost Optimisation, Microservices",Design cloud-native architectures; Lead migration projects; Define infrastructure standards; Mentor engineering teams; Ensure compliance,cloud architecture aws azure gcp terraform microservices infrastructure,Senior,8,LinkedIn,"['AWS', 'Azure', 'GCP', 'Terraform', 'Kubernetes', 'Security', 'Cost Optimisation', 'Microservices']","['cloud', 'architecture', 'aws', 'azure', 'gcp', 'terraform', 'microservices', 'infrastructure']",aws azure gcp terraform kubernetes security cost optimisation microservices,INFORMATION-TECHNOLOGY Cloud Architect aws azure gcp terraform kubernetes security cost optimisation microservices senior 8 years,"AWS, Azure, GCP, Terraform, Kubernetes, Security, Cost Optimisation, Microservices",,,
TEA003,Special Education Teacher,TEACHER,"IEP Development, Differentiated Instruction, Behavior Management, Assistive Technology, Assessment",Develop individualised education plans; Adapt curriculum for diverse learners; Collaborate with therapists; Communicate with parents; Monitor student progress,special education IEP differentiated instruction behaviour management assessment,Mid,3,Indeed,"['IEP Development', 'Differentiated Instruction', 'Behavior Management', 'Assistive Technology', 'Assessment']","['special', 'education', 'IEP', 'differentiated', 'instruction', 'behaviour', 'management', 'assessment']",iep development differentiated instruction behavior management assistive technology assessment,TEACHER Special Education Teacher iep development differentiated instruction behavior management assistive technology assessment mid 3 years,"IEP Development, Differentiated Instruction, Behavior Management, Assistive Technology, Assessment",,,
TEA004,University Lecturer,TEACHER,"Research, Curriculum Design, Academic Writing, LMS, Assessment Design, Mentoring",Deliver lectures and seminars; Design course curriculum; Conduct and publish research; Supervise postgraduate students; Contribute to departmental governance,higher education lecturing curriculum research academic mentoring,Senior,7,LinkedIn,"['Research', 'Curriculum Design', 'Academic Writing', 'LMS', 'Assessment Design', 'Mentoring']","['higher', 'education', 'lecturing', 'curriculum', 'research', 'academic', 'mentoring']",research curriculum design academic writing lms assessment design mentoring,TEACHER University Lecturer research curriculum design academic writing lms assessment design mentoring senior 7 years,"Research, Curriculum Design, Academic Writing, LMS, Assessment Design, Mentoring",,,
TEA005,English Language Teacher (ESL),TEACHER,"TEFL/TESOL, Lesson Planning, IELTS/TOEFL Prep, Classroom Management, Differentiated Instruction",Teach English to non-native speakers; Prepare students for international exams; Design engaging lesson plans; Assess and provide feedback; Support language development,english esl tefl lesson planning language teaching classroom management,Junior,1,LinkedIn,"['TEFL/TESOL', 'Lesson Planning', 'IELTS/TOEFL Prep', 'Classroom Management', 'Differentiated Instruction']","['english', 'esl', 'tefl', 'lesson', 'planning', 'language', 'teaching', 'classroom', 'management']",tefl/tesol lesson planning ielts/toefl prep classroom management differentiated instruction,TEACHER English Language Teacher (ESL) tefl/tesol lesson planning ielts/toefl prep classroom management differentiated instruction junior 1 year,"TEFL/TESOL, Lesson Planning, IELTS/TOEFL Prep, Classroom Management, Differentiated Instruction",,,
ADV003,Criminal Defence Lawyer,ADVOCATE,"Criminal Law, Trial Advocacy, Legal Research, Case Management, Negotiation, Client Counselling",Represent clients in criminal proceedings; Conduct legal research; Negotiate plea agreements; Draft legal documents; Advise clients on rights and options,criminal law defence advocacy trial negotiation legal research,Mid,4,LinkedIn,"['Criminal Law', 'Trial Advocacy', 'Legal Research', 'Case Management', 'Negotiation', 'Client Counselling']","['criminal', 'law', 'defence', 'advocacy', 'trial', 'negotiation', 'legal', 'research']",criminal law trial advocacy legal research case management negotiation client counselling,ADVOCATE Criminal Defence Lawyer criminal law trial advocacy legal research case management negotiation client counselling mid 4 years,"Criminal Law, Trial Advocacy, Legal Research, Case Management, Negotiation, Client Counselling",,,
ADV004,Paralegal,ADVOCATE,"Legal Research, Document Drafting, Case Management Software, Contract Review, Filing",Assist lawyers with case preparation; Conduct legal research; Draft legal documents; Manage case files; Liaise with courts and clients,paralegal legal research document drafting case management court filing,Junior,1,Indeed,"['Legal Research', 'Document Drafting', 'Case Management Software', 'Contract Review', 'Filing']","['paralegal', 'legal', 'research', 'document', 'drafting', 'case', 'management', 'court', 'filing']",legal research document drafting case management software contract review filing,ADVOCATE Paralegal legal research document drafting case management software contract review filing junior 1 year,"Legal Research, Document Drafting, Case Management Software, Contract Review, Filing",,,
ADV005,Chief Legal Officer,ADVOCATE,"Corporate Law, Mergers & Acquisitions, Regulatory Compliance, Contract Negotiation, Risk Management, Leadership",Oversee legal strategy; Manage legal department; Advise board on regulatory matters; Lead M&A due diligence; Ensure compliance across jurisdictions,corporate law M&A compliance regulatory contract negotiation leadership,Senior,10,LinkedIn,"['Corporate Law', 'Mergers & Acquisitions', 'Regulatory Compliance', 'Contract Negotiation', 'Risk Management', 'Leadership']","['corporate', 'law', 'M&A', 'compliance', 'regulatory', 'contract', 'negotiation', 'leadership']",corporate law mergers & acquisitions regulatory compliance contract negotiation risk management leadership,ADVOCATE Chief Legal Officer corporate law mergers & acquisitions regulatory compliance contract negotiation risk management leadership senior 10 years,"Corporate Law, Mergers & Acquisitions, Regulatory Compliance, Contract Negotiation, Risk Management, Leadership",,,
BD003,Partnership Manager,BUSINESS-DEVELOPMENT,"Relationship Management, Contract Negotiation, CRM, Market Analysis, Presentation Skills",Identify and develop strategic partnerships; Negotiate partnership agreements; Manage partner relationships; Track partnership KPIs; Collaborate with marketing,partnerships relationship management crm negotiation market analysis business growth,Mid,3,LinkedIn,"['Relationship Management', 'Contract Negotiation', 'CRM', 'Market Analysis', 'Presentation Skills']","['partnerships', 'relationship', 'management', 'crm', 'negotiation', 'market', 'analysis', 'business', 'growth']",relationship management contract negotiation crm market analysis presentation skills,BUSINESS-DEVELOPMENT Partnership Manager relationship management contract negotiation crm market analysis presentation skills mid 3 years,"Relationship Management, Contract Negotiation, CRM, Market Analysis, Presentation Skills",,,
BD004,Sales Development Representative,BUSINESS-DEVELOPMENT,"Lead Generation, Cold Calling, CRM, Email Outreach, LinkedIn Sales Navigator, Objection Handling",Generate and qualify new sales leads; Conduct outreach via phone and email; Book discovery meetings; Maintain CRM data; Collaborate with account executives,sales development lead generation CRM outreach prospecting sdR,Junior,1,Indeed,"['Lead Generation', 'Cold Calling', 'CRM', 'Email Outreach', 'LinkedIn Sales Navigator', 'Objection Handling']","['sales', 'development', 'lead', 'generation', 'CRM', 'outreach', 'prospecting', 'sdR']",lead generation cold calling crm email outreach linkedin sales navigator objection handling,BUSINESS-DEVELOPMENT Sales Development Representative lead generation cold calling crm email outreach linkedin sales navigator objection handling junior 1 year,"Lead Generation, Cold Calling, CRM, Email Outreach, LinkedIn Sales Navigator, Objection Handling",,,
BD005,Chief Business Officer,BUSINESS-DEVELOPMENT,"Strategic Planning, P&L Management, M&A, Revenue Growth, Executive Leadership, Stakeholder Management",Define business growth strategy; Lead revenue teams; Oversee market expansion; Manage executive stakeholders; Drive M&A activities,business strategy revenue growth P&L leadership M&A executive,Senior,12,LinkedIn,"['Strategic Planning', 'P&L Management', 'M&A', 'Revenue Growth', 'Executive Leadership', 'Stakeholder Management']","['business', 'strategy', 'revenue', 'growth', 'P&L', 'leadership', 'M&A', 'executive']",strategic planning p&l management m&a revenue growth executive leadership stakeholder management,BUSINESS-DEVELOPMENT Chief Business Officer strategic planning p&l management m&a revenue growth executive leadership stakeholder management senior 12 years,"Strategic Planning, P&L Management, M&A, Revenue Growth, Executive Leadership, Stakeholder Management",,,
BD006,Market Research Analyst,BUSINESS-DEVELOPMENT,"Market Analysis, Surveys, SPSS, Excel, Data Visualisation, Competitive Intelligence",Conduct primary and secondary market research; Analyse competitor landscape; Produce research reports; Present findings to leadership; Track industry trends,market research competitive intelligence analysis surveys data reporting,Junior,2,LinkedIn,"['Market Analysis', 'Surveys', 'SPSS', 'Excel', 'Data Visualisation', 'Competitive Intelligence']","['market', 'research', 'competitive', 'intelligence', 'analysis', 'surveys', 'data', 'reporting']",market analysis surveys spss excel data visualisation competitive intelligence,BUSINESS-DEVELOPMENT Market Research Analyst market analysis surveys spss excel data visualisation competitive intelligence junior 2 years,"Market Analysis, Surveys, SPSS, Excel, Data Visualisation, Competitive Intelligence",,,
HC003,Pharmacist,HEALTHCARE,"Pharmaceutical Knowledge, Drug Interactions, Patient Counselling, Prescription Verification, Inventory Management",Dispense medications accurately; Counsel patients on drug use; Check for drug interactions; Collaborate with physicians; Manage pharmacy inventory,pharmacy pharmaceutical drug interaction patient counselling prescription,Mid,3,LinkedIn,"['Pharmaceutical Knowledge', 'Drug Interactions', 'Patient Counselling', 'Prescription Verification', 'Inventory Management']","['pharmacy', 'pharmaceutical', 'drug', 'interaction', 'patient', 'counselling', 'prescription']",pharmaceutical knowledge drug interactions patient counselling prescription verification inventory management,HEALTHCARE Pharmacist pharmaceutical knowledge drug interactions patient counselling prescription verification inventory management mid 3 years,"Pharmaceutical Knowledge, Drug Interactions, Patient Counselling, Prescription Verification, Inventory Management",,,
HC004,Physical Therapist,HEALTHCARE,"Rehabilitation, Manual Therapy, Exercise Prescription, Patient Assessment, EMR, Musculoskeletal",Assess and treat patients with physical impairments; Develop rehabilitation plans; Document patient progress; Educate patients on injury prevention,physical therapy rehabilitation musculoskeletal manual therapy exercise,Mid,4,Indeed,"['Rehabilitation', 'Manual Therapy', 'Exercise Prescription', 'Patient Assessment', 'EMR', 'Musculoskeletal']","['physical', 'therapy', 'rehabilitation', 'musculoskeletal', 'manual', 'therapy', 'exercise']",rehabilitation manual therapy exercise prescription patient assessment emr musculoskeletal,HEALTHCARE Physical Therapist rehabilitation manual therapy exercise prescription patient assessment emr musculoskeletal mid 4 years,"Rehabilitation, Manual Therapy, Exercise Prescription, Patient Assessment, EMR, Musculoskeletal",,,
HC005,Healthcare Administrator,HEALTHCARE,"Hospital Management, Budgeting, Regulatory Compliance, EHR Systems, Staff Management, Policy Development",Oversee daily hospital or clinic operations; Manage budgets and resources; Ensure regulatory compliance; Lead HR activities for clinical staff,healthcare administration hospital management compliance budgeting EHR,Senior,8,LinkedIn,"['Hospital Management', 'Budgeting', 'Regulatory Compliance', 'EHR Systems', 'Staff Management', 'Policy Development']","['healthcare', 'administration', 'hospital', 'management', 'compliance', 'budgeting', 'EHR']",hospital management budgeting regulatory compliance ehr systems staff management policy development,HEALTHCARE Healthcare Administrator hospital management budgeting regulatory compliance ehr systems staff management policy development senior 8 years,"Hospital Management, Budgeting, Regulatory Compliance, EHR Systems, Staff Management, Policy Development",,,
HC006,Medical Laboratory Technician,HEALTHCARE,"Laboratory Techniques, PCR, Microscopy, Blood Analysis, Quality Control, LIMS",Perform diagnostic laboratory tests; Analyse specimens; Maintain equipment; Ensure quality control; Report results to clinicians,laboratory medical testing PCR blood analysis quality control diagnostics,Junior,2,LinkedIn,"['Laboratory Techniques', 'PCR', 'Microscopy', 'Blood Analysis', 'Quality Control', 'LIMS']","['laboratory', 'medical', 'testing', 'PCR', 'blood', 'analysis', 'quality', 'control', 'diagnostics']",laboratory techniques pcr microscopy blood analysis quality control lims,HEALTHCARE Medical Laboratory Technician laboratory techniques pcr microscopy blood analysis quality control lims junior 2 years,"Laboratory Techniques, PCR, Microscopy, Blood Analysis, Quality Control, LIMS",,,
FIT003,Group Fitness Instructor,FITNESS,"Class Instruction, Exercise Programming, CPR/AED, Motivation, Nutrition Basics, Yoga/Pilates",Lead group exercise sessions; Design varied class programmes; Motivate participants; Ensure safety during workouts; Track participant progress,group fitness instruction exercise class motivation safety yoga pilates,Junior,1,Indeed,"['Class Instruction', 'Exercise Programming', 'CPR/AED', 'Motivation', 'Nutrition Basics', 'Yoga/Pilates']","['group', 'fitness', 'instruction', 'exercise', 'class', 'motivation', 'safety', 'yoga', 'pilates']",class instruction exercise programming cpr/aed motivation nutrition basics yoga/pilates,FITNESS Group Fitness Instructor class instruction exercise programming cpr/aed motivation nutrition basics yoga/pilates junior 1 year,"Class Instruction, Exercise Programming, CPR/AED, Motivation, Nutrition Basics, Yoga/Pilates",,,
FIT004,Strength and Conditioning Coach,FITNESS,"Strength Training, Periodisation, Athlete Assessment, Sports Science, Recovery Protocols, Video Analysis",Design strength and conditioning programmes for athletes; Monitor athlete performance; Analyse training data; Collaborate with medical staff; Implement injury prevention protocols,strength conditioning athlete training periodisation sports science recovery,Mid,4,LinkedIn,"['Strength Training', 'Periodisation', 'Athlete Assessment', 'Sports Science', 'Recovery Protocols', 'Video Analysis']","['strength', 'conditioning', 'athlete', 'training', 'periodisation', 'sports', 'science', 'recovery']",strength training periodisation athlete assessment sports science recovery protocols video analysis,FITNESS Strength and Conditioning Coach strength training periodisation athlete assessment sports science recovery protocols video analysis mid 4 years,"Strength Training, Periodisation, Athlete Assessment, Sports Science, Recovery Protocols, Video Analysis",,,
FIT005,Head of Performance,FITNESS,"Elite Athlete Management, Programme Design, Sports Psychology, Budget Management, Team Leadership",Lead performance department; Oversee all S&C and sports science staff; Drive high-performance culture; Manage department budget; Liaise with board and coaching staff,head performance elite athletes leadership sports science management,Senior,10,LinkedIn,"['Elite Athlete Management', 'Programme Design', 'Sports Psychology', 'Budget Management', 'Team Leadership']","['head', 'performance', 'elite', 'athletes', 'leadership', 'sports', 'science', 'management']",elite athlete management programme design sports psychology budget management team leadership,FITNESS Head of Performance elite athlete management programme design sports psychology budget management team leadership senior 10 years,"Elite Athlete Management, Programme Design, Sports Psychology, Budget Management, Team Leadership",,,
AGR003,Agricultural Extension Officer,AGRICULTURE,"Crop Science, Soil Management, Farmer Training, Data Collection, Report Writing, Community Outreach",Advise farmers on best practices; Conduct field visits; Collect agricultural data; Deliver training workshops; Prepare technical reports,agricultural extension crop management soil farmer training community outreach,Junior,2,Indeed,"['Crop Science', 'Soil Management', 'Farmer Training', 'Data Collection', 'Report Writing', 'Community Outreach']","['agricultural', 'extension', 'crop', 'management', 'soil', 'farmer', 'training', 'community', 'outreach']",crop science soil management farmer training data collection report writing community outreach,AGRICULTURE Agricultural Extension Officer crop science soil management farmer training data collection report writing community outreach junior 2 years,"Crop Science, Soil Management, Farmer Training, Data Collection, Report Writing, Community Outreach",,,
AGR004,Irrigation Engineer,AGRICULTURE,"Irrigation Design, AutoCAD, Hydrology, Water Resource Management, GIS, Project Management",Design efficient irrigation systems; Conduct field surveys; Prepare engineering drawings; Manage installation projects; Liaise with farmers and government bodies,irrigation engineering water resource design autocad hydrology GIS,Mid,4,LinkedIn,"['Irrigation Design', 'AutoCAD', 'Hydrology', 'Water Resource Management', 'GIS', 'Project Management']","['irrigation', 'engineering', 'water', 'resource', 'design', 'autocad', 'hydrology', 'GIS']",irrigation design autocad hydrology water resource management gis project management,AGRICULTURE Irrigation Engineer irrigation design autocad hydrology water resource management gis project management mid 4 years,"Irrigation Design, AutoCAD, Hydrology, Water Resource Management, GIS, Project Management",,,
AGR005,Agricultural Director,AGRICULTURE,"Agricultural Policy, Budget Management, Supply Chain, Stakeholder Relations, Strategic Planning, Sustainability",Lead agricultural programmes at regional level; Develop policy recommendations; Manage large budgets; Build government and NGO partnerships; Oversee sustainability initiatives,agriculture director policy budget supply chain sustainability leadership,Senior,12,LinkedIn,"['Agricultural Policy', 'Budget Management', 'Supply Chain', 'Stakeholder Relations', 'Strategic Planning', 'Sustainability']","['agriculture', 'director', 'policy', 'budget', 'supply', 'chain', 'sustainability', 'leadership']",agricultural policy budget management supply chain stakeholder relations strategic planning sustainability,AGRICULTURE Agricultural Director agricultural policy budget management supply chain stakeholder relations strategic planning sustainability senior 12 years,"Agricultural Policy, Budget Management, Supply Chain, Stakeholder Relations, Strategic Planning, Sustainability",,,
BPO003,Quality Analyst,BPO,"Call Monitoring, Quality Frameworks, MS Excel, Feedback Coaching, Reporting, Attention to Detail",Monitor and evaluate agent interactions; Provide calibration and coaching; Produce quality reports; Identify process improvement opportunities; Maintain QA documentation,quality assurance BPO call monitoring coaching reporting process improvement,Mid,3,Indeed,"['Call Monitoring', 'Quality Frameworks', 'MS Excel', 'Feedback Coaching', 'Reporting', 'Attention to Detail']","['quality', 'assurance', 'BPO', 'call', 'monitoring', 'coaching', 'reporting', 'process', 'improvement']",call monitoring quality frameworks ms excel feedback coaching reporting attention to detail,BPO Quality Analyst call monitoring quality frameworks ms excel feedback coaching reporting attention to detail mid 3 years,"Call Monitoring, Quality Frameworks, MS Excel, Feedback Coaching, Reporting, Attention to Detail",,,
BPO004,BPO Operations Manager,BPO,"Workforce Management, SLA Management, P&L, Team Leadership, Process Optimisation, Stakeholder Management",Manage day-to-day BPO operations; Ensure SLAs are met; Lead team leaders and agents; Analyse performance metrics; Drive process improvement initiatives,BPO operations management SLA workforce metrics process improvement leadership,Senior,7,LinkedIn,"['Workforce Management', 'SLA Management', 'P&L', 'Team Leadership', 'Process Optimisation', 'Stakeholder Management']","['BPO', 'operations', 'management', 'SLA', 'workforce', 'metrics', 'process', 'improvement', 'leadership']",workforce management sla management p&l team leadership process optimisation stakeholder management,BPO BPO Operations Manager workforce management sla management p&l team leadership process optimisation stakeholder management senior 7 years,"Workforce Management, SLA Management, P&L, Team Leadership, Process Optimisation, Stakeholder Management",,,
BPO005,Data Entry Specialist,BPO,"Typing (70+ WPM), MS Excel, Data Validation, Attention to Detail, CRM Systems",Enter and verify data accurately; Maintain data integrity; Update databases and CRM; Generate data reports; Support back-office operations,data entry typing accuracy excel CRM back office operations,Junior,0,LinkedIn,"['Typing (70+ WPM)', 'MS Excel', 'Data Validation', 'Attention to Detail', 'CRM Systems']","['data', 'entry', 'typing', 'accuracy', 'excel', 'CRM', 'back', 'office', 'operations']",typing (70+ wpm) ms excel data validation attention to detail crm systems,BPO Data Entry Specialist typing (70+ wpm) ms excel data validation attention to detail crm systems junior 0 years,"Typing (70+ WPM), MS Excel, Data Validation, Attention to Detail, CRM Systems",,,
SAL003,Account Manager,SALES,"Account Management, CRM, Upselling, Contract Renewal, Relationship Building, Forecasting",Manage existing client portfolio; Drive upsell and cross-sell opportunities; Negotiate contract renewals; Build long-term client relationships; Report on revenue forecasts,account management crm upsell client retention sales forecasting,Mid,3,LinkedIn,"['Account Management', 'CRM', 'Upselling', 'Contract Renewal', 'Relationship Building', 'Forecasting']","['account', 'management', 'crm', 'upsell', 'client', 'retention', 'sales', 'forecasting']",account management crm upselling contract renewal relationship building forecasting,SALES Account Manager account management crm upselling contract renewal relationship building forecasting mid 3 years,"Account Management, CRM, Upselling, Contract Renewal, Relationship Building, Forecasting",,,
SAL004,Retail Sales Associate,SALES,"Customer Service, POS Systems, Product Knowledge, Merchandising, Cash Handling",Assist customers in selecting products; Process transactions; Maintain store presentation; Achieve individual sales targets; Handle customer enquiries and complaints,retail sales customer service POS merchandise cash handling,Junior,0,Indeed,"['Customer Service', 'POS Systems', 'Product Knowledge', 'Merchandising', 'Cash Handling']","['retail', 'sales', 'customer', 'service', 'POS', 'merchandise', 'cash', 'handling']",customer service pos systems product knowledge merchandising cash handling,SALES Retail Sales Associate customer service pos systems product knowledge merchandising cash handling junior 0 years,"Customer Service, POS Systems, Product Knowledge, Merchandising, Cash Handling",,,
SAL005,VP of Sales,SALES,"Sales Strategy, Revenue Growth, Team Leadership, CRM, Enterprise Sales, Forecasting, P&L",Define and execute sales strategy; Lead regional and global sales teams; Manage key enterprise accounts; Own revenue targets; Report to C-suite,VP sales revenue growth leadership enterprise strategy forecasting P&L,Senior,10,LinkedIn,"['Sales Strategy', 'Revenue Growth', 'Team Leadership', 'CRM', 'Enterprise Sales', 'Forecasting', 'P&L']","['VP', 'sales', 'revenue', 'growth', 'leadership', 'enterprise', 'strategy', 'forecasting', 'P&L']",sales strategy revenue growth team leadership crm enterprise sales forecasting p&l,SALES VP of Sales sales strategy revenue growth team leadership crm enterprise sales forecasting p&l senior 10 years,"Sales Strategy, Revenue Growth, Team Leadership, CRM, Enterprise Sales, Forecasting, P&L",,,
SAL006,Inside Sales Representative,SALES,"Telephone Sales, CRM, Objection Handling, Lead Qualification, Product Demo, Quota Management",Manage inbound leads and convert to customers; Conduct product demonstrations; Handle objections; Maintain CRM; Consistently hit monthly quotas,inside sales telephone CRM demos lead qualification quota,Junior,2,LinkedIn,"['Telephone Sales', 'CRM', 'Objection Handling', 'Lead Qualification', 'Product Demo', 'Quota Management']","['inside', 'sales', 'telephone', 'CRM', 'demos', 'lead', 'qualification', 'quota']",telephone sales crm objection handling lead qualification product demo quota management,SALES Inside Sales Representative telephone sales crm objection handling lead qualification product demo quota management junior 2 years,"Telephone Sales, CRM, Objection Handling, Lead Qualification, Product Demo, Quota Management",,,
CON003,Strategy Consultant,CONSULTANT,"Strategic Analysis, Business Case Development, Stakeholder Management, PowerPoint, Financial Modelling",Conduct strategic assessments; Develop business cases; Facilitate client workshops; Present recommendations to senior leadership; Support implementation,strategy consulting analysis business case financial modelling stakeholder,Mid,4,LinkedIn,"['Strategic Analysis', 'Business Case Development', 'Stakeholder Management', 'PowerPoint', 'Financial Modelling']","['strategy', 'consulting', 'analysis', 'business', 'case', 'financial', 'modelling', 'stakeholder']",strategic analysis business case development stakeholder management powerpoint financial modelling,CONSULTANT Strategy Consultant strategic analysis business case development stakeholder management powerpoint financial modelling mid 4 years,"Strategic Analysis, Business Case Development, Stakeholder Management, PowerPoint, Financial Modelling",,,
CON004,HR Consultant,CONSULTANT,"HR Strategy, Change Management, Compensation & Benefits, Organisational Design, Employment Law",Advise clients on HR strategy and transformation; Design compensation frameworks; Support organisational change; Ensure compliance with employment law,HR consulting change management compensation organisational design employment law,Senior,7,Indeed,"['HR Strategy', 'Change Management', 'Compensation & Benefits', 'Organisational Design', 'Employment Law']","['HR', 'consulting', 'change', 'management', 'compensation', 'organisational', 'design', 'employment', 'law']",hr strategy change management compensation & benefits organisational design employment law,CONSULTANT HR Consultant hr strategy change management compensation & benefits organisational design employment law senior 7 years,"HR Strategy, Change Management, Compensation & Benefits, Organisational Design, Employment Law",,,
CON005,Junior Analyst – Consulting,CONSULTANT,"Data Analysis, Excel, PowerPoint, Research, Problem Solving, Communication",Conduct quantitative and qualitative research; Build Excel models; Prepare client presentations; Support senior consultants in delivering projects,consulting analyst research data analysis excel presentations problem solving,Junior,1,LinkedIn,"['Data Analysis', 'Excel', 'PowerPoint', 'Research', 'Problem Solving', 'Communication']","['consulting', 'analyst', 'research', 'data', 'analysis', 'excel', 'presentations', 'problem', 'solving']",data analysis excel powerpoint research problem solving communication,CONSULTANT Junior Analyst – Consulting data analysis excel powerpoint research problem solving communication junior 1 year,"Data Analysis, Excel, PowerPoint, Research, Problem Solving, Communication",,,
DM003,Content Strategist,DIGITAL-MEDIA,"Content Strategy, SEO, Editorial Planning, Analytics, Copywriting, CMS",Develop content strategy aligned to business goals; Create editorial calendars; Oversee content production; Measure content performance; Drive SEO improvements,content strategy SEO editorial analytics copywriting CMS,Mid,3,LinkedIn,"['Content Strategy', 'SEO', 'Editorial Planning', 'Analytics', 'Copywriting', 'CMS']","['content', 'strategy', 'SEO', 'editorial', 'analytics', 'copywriting', 'CMS']",content strategy seo editorial planning analytics copywriting cms,DIGITAL-MEDIA Content Strategist content strategy seo editorial planning analytics copywriting cms mid 3 years,"Content Strategy, SEO, Editorial Planning, Analytics, Copywriting, CMS",,,
DM004,Video Producer,DIGITAL-MEDIA,"Video Production, Adobe Premiere, After Effects, Scriptwriting, Directing, Colour Grading",Plan and produce video content end-to-end; Write scripts and briefs; Direct video shoots; Edit and grade footage; Deliver across social and digital channels,video production premiere after effects scriptwriting directing editing,Mid,4,Indeed,"['Video Production', 'Adobe Premiere', 'After Effects', 'Scriptwriting', 'Directing', 'Colour Grading']","['video', 'production', 'premiere', 'after', 'effects', 'scriptwriting', 'directing', 'editing']",video production adobe premiere after effects scriptwriting directing colour grading,DIGITAL-MEDIA Video Producer video production adobe premiere after effects scriptwriting directing colour grading mid 4 years,"Video Production, Adobe Premiere, After Effects, Scriptwriting, Directing, Colour Grading",,,
DM005,Head of Digital Marketing,DIGITAL-MEDIA,"Digital Strategy, Paid Media, SEO/SEM, Marketing Analytics, Brand Management, Leadership",Lead digital marketing strategy; Oversee paid and organic channels; Manage agency relationships; Analyse performance across all digital touchpoints; Report to C-suite,digital marketing strategy paid media SEO SEM analytics brand leadership,Senior,9,LinkedIn,"['Digital Strategy', 'Paid Media', 'SEO/SEM', 'Marketing Analytics', 'Brand Management', 'Leadership']","['digital', 'marketing', 'strategy', 'paid', 'media', 'SEO', 'SEM', 'analytics', 'brand', 'leadership']",digital strategy paid media seo/sem marketing analytics brand management leadership,DIGITAL-MEDIA Head of Digital Marketing digital strategy paid media seo/sem marketing analytics brand management leadership senior 9 years,"Digital Strategy, Paid Media, SEO/SEM, Marketing Analytics, Brand Management, Leadership",,,
DM006,Social Media Coordinator,DIGITAL-MEDIA,"Social Media, Content Creation, Canva, Scheduling Tools, Community Management, Copywriting",Create and schedule social media content; Engage with online community; Track social analytics; Support campaigns; Report on performance metrics,social media content creation community management copywriting analytics,Junior,1,LinkedIn,"['Social Media', 'Content Creation', 'Canva', 'Scheduling Tools', 'Community Management', 'Copywriting']","['social', 'media', 'content', 'creation', 'community', 'management', 'copywriting', 'analytics']",social media content creation canva scheduling tools community management copywriting,DIGITAL-MEDIA Social Media Coordinator social media content creation canva scheduling tools community management copywriting junior 1 year,"Social Media, Content Creation, Canva, Scheduling Tools, Community Management, Copywriting",,,
AUTO003,Automotive Sales Consultant,AUTOMOBILE,"Product Knowledge, Customer Service, CRM, Negotiation, Test Drive Management, Finance Products",Advise customers on vehicle selection; Arrange and lead test drives; Present finance options; Negotiate deals; Maintain customer database,automotive sales customer service crm negotiation test drive finance,Junior,1,Indeed,"['Product Knowledge', 'Customer Service', 'CRM', 'Negotiation', 'Test Drive Management', 'Finance Products']","['automotive', 'sales', 'customer', 'service', 'crm', 'negotiation', 'test', 'drive', 'finance']",product knowledge customer service crm negotiation test drive management finance products,AUTOMOBILE Automotive Sales Consultant product knowledge customer service crm negotiation test drive management finance products junior 1 year,"Product Knowledge, Customer Service, CRM, Negotiation, Test Drive Management, Finance Products",,,
AUTO004,EV Systems Engineer,AUTOMOBILE,"Battery Management Systems, CAN Bus, AUTOSAR, Python, MATLAB, Power Electronics, ISO 26262",Design and validate EV powertrain systems; Develop BMS algorithms; Support hardware-in-the-loop testing; Ensure functional safety compliance,electric vehicle EV battery management power electronics AUTOSAR functional safety,Mid,4,LinkedIn,"['Battery Management Systems', 'CAN Bus', 'AUTOSAR', 'Python', 'MATLAB', 'Power Electronics', 'ISO 26262']","['electric', 'vehicle', 'EV', 'battery', 'management', 'power', 'electronics', 'AUTOSAR', 'functional', 'safety']",battery management systems can bus autosar python matlab power electronics iso 26262,AUTOMOBILE EV Systems Engineer battery management systems can bus autosar python matlab power electronics iso 26262 mid 4 years,"Battery Management Systems, CAN Bus, AUTOSAR, Python, MATLAB, Power Electronics, ISO 26262",,,
AUTO005,Automotive Plant Manager,AUTOMOBILE,"Manufacturing Operations, Lean Manufacturing, Six Sigma, P&L, Supply Chain, Quality Management",Oversee all plant operations; Drive lean manufacturing initiatives; Manage production budget; Lead quality programmes; Ensure health and safety compliance,plant manager automotive manufacturing lean six sigma quality supply chain,Senior,10,LinkedIn,"['Manufacturing Operations', 'Lean Manufacturing', 'Six Sigma', 'P&L', 'Supply Chain', 'Quality Management']","['plant', 'manager', 'automotive', 'manufacturing', 'lean', 'six', 'sigma', 'quality', 'supply', 'chain']",manufacturing operations lean manufacturing six sigma p&l supply chain quality management,AUTOMOBILE Automotive Plant Manager manufacturing operations lean manufacturing six sigma p&l supply chain quality management senior 10 years,"Manufacturing Operations, Lean Manufacturing, Six Sigma, P&L, Supply Chain, Quality Management",,,
CHF003,Sous Chef,CHEF,"Kitchen Management, Culinary Techniques, Menu Development, HACCP, Team Leadership, Plating",Support executive chef in kitchen operations; Lead section chefs; Develop and test new dishes; Ensure food safety standards; Manage stock and ordering,sous chef kitchen leadership culinary menu development HACCP food safety,Mid,4,LinkedIn,"['Kitchen Management', 'Culinary Techniques', 'Menu Development', 'HACCP', 'Team Leadership', 'Plating']","['sous', 'chef', 'kitchen', 'leadership', 'culinary', 'menu', 'development', 'HACCP', 'food', 'safety']",kitchen management culinary techniques menu development haccp team leadership plating,CHEF Sous Chef kitchen management culinary techniques menu development haccp team leadership plating mid 4 years,"Kitchen Management, Culinary Techniques, Menu Development, HACCP, Team Leadership, Plating",,,
CHF004,Commis Chef,CHEF,"Basic Culinary Techniques, Knife Skills, Food Hygiene, Mise en Place, Stock Preparation",Assist with food preparation; Maintain cleanliness and hygiene; Follow recipes accurately; Prepare mise en place; Support all sections of the kitchen,commis chef culinary food preparation hygiene mise en place kitchen,Junior,0,Indeed,"['Basic Culinary Techniques', 'Knife Skills', 'Food Hygiene', 'Mise en Place', 'Stock Preparation']","['commis', 'chef', 'culinary', 'food', 'preparation', 'hygiene', 'mise', 'en', 'place', 'kitchen']",basic culinary techniques knife skills food hygiene mise en place stock preparation,CHEF Commis Chef basic culinary techniques knife skills food hygiene mise en place stock preparation junior 0 years,"Basic Culinary Techniques, Knife Skills, Food Hygiene, Mise en Place, Stock Preparation",,,
CHF005,Food and Beverage Director,CHEF,"F&B Operations, P&L Management, Menu Engineering, Team Leadership, Vendor Management, Revenue Optimisation",Oversee all food and beverage operations; Develop menus and pricing; Manage multiple outlets; Drive revenue and control costs; Lead F&B teams,food beverage director operations P&L menu leadership revenue,Senior,10,LinkedIn,"['F&B Operations', 'P&L Management', 'Menu Engineering', 'Team Leadership', 'Vendor Management', 'Revenue Optimisation']","['food', 'beverage', 'director', 'operations', 'P&L', 'menu', 'leadership', 'revenue']",f&b operations p&l management menu engineering team leadership vendor management revenue optimisation,CHEF Food and Beverage Director f&b operations p&l management menu engineering team leadership vendor management revenue optimisation senior 10 years,"F&B Operations, P&L Management, Menu Engineering, Team Leadership, Vendor Management, Revenue Optimisation",,,
FIN003,Risk Manager,FINANCE,"Risk Management, Basel III, Credit Risk, VaR, Python, SQL, Regulatory Reporting",Identify and measure financial risks; Develop risk frameworks; Produce regulatory reports; Advise senior management; Liaise with regulators,risk management credit VaR regulatory reporting Basel python sql,Mid,5,LinkedIn,"['Risk Management', 'Basel III', 'Credit Risk', 'VaR', 'Python', 'SQL', 'Regulatory Reporting']","['risk', 'management', 'credit', 'VaR', 'regulatory', 'reporting', 'Basel', 'python', 'sql']",risk management basel iii credit risk var python sql regulatory reporting,FINANCE Risk Manager risk management basel iii credit risk var python sql regulatory reporting mid 5 years,"Risk Management, Basel III, Credit Risk, VaR, Python, SQL, Regulatory Reporting",,,
FIN004,Junior Accountant,FINANCE,"Bookkeeping, IFRS, SAP, Excel, Accounts Payable, Accounts Receivable, Bank Reconciliation",Process financial transactions; Reconcile accounts; Prepare journal entries; Support month-end close; Assist in audit preparation,junior accountant bookkeeping IFRS SAP excel accounts payable reconciliation,Junior,1,Indeed,"['Bookkeeping', 'IFRS', 'SAP', 'Excel', 'Accounts Payable', 'Accounts Receivable', 'Bank Reconciliation']","['junior', 'accountant', 'bookkeeping', 'IFRS', 'SAP', 'excel', 'accounts', 'payable', 'reconciliation']",bookkeeping ifrs sap excel accounts payable accounts receivable bank reconciliation,FINANCE Junior Accountant bookkeeping ifrs sap excel accounts payable accounts receivable bank reconciliation junior 1 year,"Bookkeeping, IFRS, SAP, Excel, Accounts Payable, Accounts Receivable, Bank Reconciliation",,,
FIN005,CFO,FINANCE,"Financial Strategy, IFRS, M&A, Investor Relations, P&L, Capital Markets, Leadership",Lead financial strategy and planning; Manage investor relations; Oversee financial reporting; Drive M&A transactions; Ensure regulatory compliance,CFO financial strategy IFRS M&A investor relations capital markets leadership,Senior,15,LinkedIn,"['Financial Strategy', 'IFRS', 'M&A', 'Investor Relations', 'P&L', 'Capital Markets', 'Leadership']","['CFO', 'financial', 'strategy', 'IFRS', 'M&A', 'investor', 'relations', 'capital', 'markets', 'leadership']",financial strategy ifrs m&a investor relations p&l capital markets leadership,FINANCE CFO financial strategy ifrs m&a investor relations p&l capital markets leadership senior 15 years,"Financial Strategy, IFRS, M&A, Investor Relations, P&L, Capital Markets, Leadership",,,
FIN006,Actuarial Analyst,FINANCE,"Actuarial Science, R, Python, Statistical Modelling, Insurance, Excel, Data Analysis",Develop and validate actuarial models; Analyse insurance risk data; Produce pricing analyses; Support reserving processes; Prepare actuarial reports,actuarial analysis modelling insurance risk statistics R python,Junior,2,LinkedIn,"['Actuarial Science', 'R', 'Python', 'Statistical Modelling', 'Insurance', 'Excel', 'Data Analysis']","['actuarial', 'analysis', 'modelling', 'insurance', 'risk', 'statistics', 'R', 'python']",actuarial science r python statistical modelling insurance excel data analysis,FINANCE Actuarial Analyst actuarial science r python statistical modelling insurance excel data analysis junior 2 years,"Actuarial Science, R, Python, Statistical Modelling, Insurance, Excel, Data Analysis",,,
APP003,Garment Technologist,APPAREL,"Garment Construction, Pattern Grading, Quality Assurance, Technical Packs, Fit Sessions, Fabric Knowledge",Develop technical packs for production; Oversee fit sessions; Liaise with manufacturers; Ensure quality and compliance standards; Solve construction issues,garment technology pattern grading quality assurance technical pack fit manufacturing,Mid,3,Indeed,"['Garment Construction', 'Pattern Grading', 'Quality Assurance', 'Technical Packs', 'Fit Sessions', 'Fabric Knowledge']","['garment', 'technology', 'pattern', 'grading', 'quality', 'assurance', 'technical', 'pack', 'fit', 'manufacturing']",garment construction pattern grading quality assurance technical packs fit sessions fabric knowledge,APPAREL Garment Technologist garment construction pattern grading quality assurance technical packs fit sessions fabric knowledge mid 3 years,"Garment Construction, Pattern Grading, Quality Assurance, Technical Packs, Fit Sessions, Fabric Knowledge",,,
APP004,Buying Assistant,APPAREL,"Range Planning, Supplier Management, Excel, Trend Research, Buying Process, Communication",Support buying team in range planning; Manage supplier communications; Monitor stock levels; Conduct trend research; Prepare sales reports,buying apparel retail range planning trend supplier excel,Junior,1,LinkedIn,"['Range Planning', 'Supplier Management', 'Excel', 'Trend Research', 'Buying Process', 'Communication']","['buying', 'apparel', 'retail', 'range', 'planning', 'trend', 'supplier', 'excel']",range planning supplier management excel trend research buying process communication,APPAREL Buying Assistant range planning supplier management excel trend research buying process communication junior 1 year,"Range Planning, Supplier Management, Excel, Trend Research, Buying Process, Communication",,,
APP005,Head of Design – Apparel,APPAREL,"Creative Direction, Range Planning, Team Leadership, CAD, Trend Forecasting, Brand Identity",Lead seasonal design direction; Manage design team; Build commercial range plans; Present collections to stakeholders; Develop brand aesthetic,head design apparel creative direction leadership trend forecasting brand range,Senior,10,LinkedIn,"['Creative Direction', 'Range Planning', 'Team Leadership', 'CAD', 'Trend Forecasting', 'Brand Identity']","['head', 'design', 'apparel', 'creative', 'direction', 'leadership', 'trend', 'forecasting', 'brand', 'range']",creative direction range planning team leadership cad trend forecasting brand identity,APPAREL Head of Design – Apparel creative direction range planning team leadership cad trend forecasting brand identity senior 10 years,"Creative Direction, Range Planning, Team Leadership, CAD, Trend Forecasting, Brand Identity",,,
ENG003,Electrical Engineer,ENGINEERING,"Circuit Design, AutoCAD Electrical, PLC, Power Systems, IEC Standards, MATLAB",Design electrical systems; Prepare engineering drawings; Conduct site inspections; Ensure compliance with IEC standards; Troubleshoot electrical faults,electrical engineering circuit design PLC power systems autocad IEC standards,Mid,4,LinkedIn,"['Circuit Design', 'AutoCAD Electrical', 'PLC', 'Power Systems', 'IEC Standards', 'MATLAB']","['electrical', 'engineering', 'circuit', 'design', 'PLC', 'power', 'systems', 'autocad', 'IEC', 'standards']",circuit design autocad electrical plc power systems iec standards matlab,ENGINEERING Electrical Engineer circuit design autocad electrical plc power systems iec standards matlab mid 4 years,"Circuit Design, AutoCAD Electrical, PLC, Power Systems, IEC Standards, MATLAB",,,
ENG004,Graduate Engineer,ENGINEERING,"Engineering Fundamentals, AutoCAD, MATLAB, Problem Solving, Technical Report Writing, Teamwork",Support senior engineers on projects; Conduct design calculations; Prepare technical documentation; Assist in site inspections; Learn and apply engineering standards,graduate engineer design calculations technical documentation engineering standards,Junior,0,Indeed,"['Engineering Fundamentals', 'AutoCAD', 'MATLAB', 'Problem Solving', 'Technical Report Writing', 'Teamwork']","['graduate', 'engineer', 'design', 'calculations', 'technical', 'documentation', 'engineering', 'standards']",engineering fundamentals autocad matlab problem solving technical report writing teamwork,ENGINEERING Graduate Engineer engineering fundamentals autocad matlab problem solving technical report writing teamwork junior 0 years,"Engineering Fundamentals, AutoCAD, MATLAB, Problem Solving, Technical Report Writing, Teamwork",,,
ENG005,Engineering Director,ENGINEERING,"Technical Leadership, P&L, Project Management, Stakeholder Management, Systems Engineering, Innovation",Lead engineering department; Own technical roadmap; Manage cross-functional teams; Drive innovation initiatives; Ensure delivery of major projects on time and budget,engineering director leadership technical roadmap project management innovation P&L,Senior,12,LinkedIn,"['Technical Leadership', 'P&L', 'Project Management', 'Stakeholder Management', 'Systems Engineering', 'Innovation']","['engineering', 'director', 'leadership', 'technical', 'roadmap', 'project', 'management', 'innovation', 'P&L']",technical leadership p&l project management stakeholder management systems engineering innovation,ENGINEERING Engineering Director technical leadership p&l project management stakeholder management systems engineering innovation senior 12 years,"Technical Leadership, P&L, Project Management, Stakeholder Management, Systems Engineering, Innovation",,,
ENG006,Process Engineer,ENGINEERING,"Process Optimisation, Six Sigma, Chemical Engineering, HAZOP, AutoCAD, Lean Manufacturing",Analyse and improve manufacturing processes; Conduct HAZOP studies; Identify waste and inefficiency; Implement lean methodologies; Collaborate with operations,process engineering optimisation six sigma HAZOP lean manufacturing chemical,Mid,3,LinkedIn,"['Process Optimisation', 'Six Sigma', 'Chemical Engineering', 'HAZOP', 'AutoCAD', 'Lean Manufacturing']","['process', 'engineering', 'optimisation', 'six', 'sigma', 'HAZOP', 'lean', 'manufacturing', 'chemical']",process optimisation six sigma chemical engineering hazop autocad lean manufacturing,ENGINEERING Process Engineer process optimisation six sigma chemical engineering hazop autocad lean manufacturing mid 3 years,"Process Optimisation, Six Sigma, Chemical Engineering, HAZOP, AutoCAD, Lean Manufacturing",,,
ACC003,Tax Accountant,ACCOUNTANT,"Corporate Tax, IFRS, Tax Planning, Compliance, SAP, Excel, VAT",Prepare and review corporate tax returns; Advise on tax planning strategies; Ensure compliance with local tax laws; Liaise with tax authorities; Support transfer pricing,tax accountant corporate tax compliance IFRS SAP VAT planning,Mid,3,LinkedIn,"['Corporate Tax', 'IFRS', 'Tax Planning', 'Compliance', 'SAP', 'Excel', 'VAT']","['tax', 'accountant', 'corporate', 'tax', 'compliance', 'IFRS', 'SAP', 'VAT', 'planning']",corporate tax ifrs tax planning compliance sap excel vat,ACCOUNTANT Tax Accountant corporate tax ifrs tax planning compliance sap excel vat mid 3 years,"Corporate Tax, IFRS, Tax Planning, Compliance, SAP, Excel, VAT",,,
ACC004,Forensic Accountant,ACCOUNTANT,"Fraud Investigation, Financial Analysis, Litigation Support, CPA, Excel, Data Analytics",Investigate financial fraud and irregularities; Prepare expert reports for litigation; Analyse complex financial data; Liaise with legal teams; Support regulatory investigations,forensic accounting fraud investigation litigation financial analysis CPA,Senior,7,Indeed,"['Fraud Investigation', 'Financial Analysis', 'Litigation Support', 'CPA', 'Excel', 'Data Analytics']","['forensic', 'accounting', 'fraud', 'investigation', 'litigation', 'financial', 'analysis', 'CPA']",fraud investigation financial analysis litigation support cpa excel data analytics,ACCOUNTANT Forensic Accountant fraud investigation financial analysis litigation support cpa excel data analytics senior 7 years,"Fraud Investigation, Financial Analysis, Litigation Support, CPA, Excel, Data Analytics",,,
ACC005,Accounts Payable Clerk,ACCOUNTANT,"Invoice Processing, SAP, Excel, Supplier Reconciliation, Attention to Detail, Communication",Process supplier invoices; Reconcile accounts payable ledger; Resolve payment queries; Maintain vendor records; Support month-end closing,accounts payable invoice processing SAP supplier reconciliation month-end,Junior,1,LinkedIn,"['Invoice Processing', 'SAP', 'Excel', 'Supplier Reconciliation', 'Attention to Detail', 'Communication']","['accounts', 'payable', 'invoice', 'processing', 'SAP', 'supplier', 'reconciliation', 'month-end']",invoice processing sap excel supplier reconciliation attention to detail communication,ACCOUNTANT Accounts Payable Clerk invoice processing sap excel supplier reconciliation attention to detail communication junior 1 year,"Invoice Processing, SAP, Excel, Supplier Reconciliation, Attention to Detail, Communication",,,
ACC006,Management Accountant,ACCOUNTANT,"Management Accounts, Budgeting, Forecasting, Variance Analysis, CIMA, Excel, ERP",Prepare monthly management accounts; Conduct variance analysis; Support annual budgeting and forecasting; Provide financial insights to managers; Liaise with external auditors,management accounting budgeting forecasting variance analysis CIMA ERP,Mid,4,LinkedIn,"['Management Accounts', 'Budgeting', 'Forecasting', 'Variance Analysis', 'CIMA', 'Excel', 'ERP']","['management', 'accounting', 'budgeting', 'forecasting', 'variance', 'analysis', 'CIMA', 'ERP']",management accounts budgeting forecasting variance analysis cima excel erp,ACCOUNTANT Management Accountant management accounts budgeting forecasting variance analysis cima excel erp mid 4 years,"Management Accounts, Budgeting, Forecasting, Variance Analysis, CIMA, Excel, ERP",,,
CON_S003,Quantity Surveyor,CONSTRUCTION,"Cost Estimation, Bills of Quantities, Contract Management, NEC, AutoCAD, MS Excel",Prepare cost estimates and bills of quantities; Manage contracts and variations; Conduct valuations; Liaise with project managers and subcontractors; Ensure cost control,quantity surveying cost estimation bills of quantities contract NEC autocad,Mid,4,LinkedIn,"['Cost Estimation', 'Bills of Quantities', 'Contract Management', 'NEC', 'AutoCAD', 'MS Excel']","['quantity', 'surveying', 'cost', 'estimation', 'bills', 'of', 'quantities', 'contract', 'NEC', 'autocad']",cost estimation bills of quantities contract management nec autocad ms excel,CONSTRUCTION Quantity Surveyor cost estimation bills of quantities contract management nec autocad ms excel mid 4 years,"Cost Estimation, Bills of Quantities, Contract Management, NEC, AutoCAD, MS Excel",,,
CON_S004,Building Information Modelling (BIM) Coordinator,CONSTRUCTION,"Revit, Navisworks, BIM Standards, AutoCAD, Clash Detection, ISO 19650",Manage BIM processes on construction projects; Coordinate clash detection; Maintain BIM execution plan; Liaise with design and construction teams; Ensure ISO 19650 compliance,BIM revit navisworks clash detection ISO 19650 construction digital,Mid,3,Indeed,"['Revit', 'Navisworks', 'BIM Standards', 'AutoCAD', 'Clash Detection', 'ISO 19650']","['BIM', 'revit', 'navisworks', 'clash', 'detection', 'ISO', '19650', 'construction', 'digital']",revit navisworks bim standards autocad clash detection iso 19650,CONSTRUCTION Building Information Modelling (BIM) Coordinator revit navisworks bim standards autocad clash detection iso 19650 mid 3 years,"Revit, Navisworks, BIM Standards, AutoCAD, Clash Detection, ISO 19650",,,
CON_S005,Construction Director,CONSTRUCTION,"Programme Management, P&L, Client Management, NEC/JCT Contracts, Risk Management, Leadership",Lead delivery of major construction programmes; Own P&L across projects; Build client relationships; Manage risk registers; Lead project teams,construction director programme management P&L contracts risk leadership,Senior,15,LinkedIn,"['Programme Management', 'P&L', 'Client Management', 'NEC/JCT Contracts', 'Risk Management', 'Leadership']","['construction', 'director', 'programme', 'management', 'P&L', 'contracts', 'risk', 'leadership']",programme management p&l client management nec/jct contracts risk management leadership,CONSTRUCTION Construction Director programme management p&l client management nec/jct contracts risk management leadership senior 15 years,"Programme Management, P&L, Client Management, NEC/JCT Contracts, Risk Management, Leadership",,,
PR003,Communications Specialist,PUBLIC-RELATIONS,"Corporate Communications, Press Releases, Media Relations, Crisis Communications, Copywriting",Draft press releases and media statements; Build and maintain media relationships; Monitor news coverage; Support crisis communications; Develop internal communications,communications media relations press release crisis copywriting corporate,Mid,3,LinkedIn,"['Corporate Communications', 'Press Releases', 'Media Relations', 'Crisis Communications', 'Copywriting']","['communications', 'media', 'relations', 'press', 'release', 'crisis', 'copywriting', 'corporate']",corporate communications press releases media relations crisis communications copywriting,PUBLIC-RELATIONS Communications Specialist corporate communications press releases media relations crisis communications copywriting mid 3 years,"Corporate Communications, Press Releases, Media Relations, Crisis Communications, Copywriting",,,
PR004,PR Assistant,PUBLIC-RELATIONS,"Media Monitoring, Press Release Drafting, Social Media, Research, MS Office",Monitor media coverage; Assist with press release drafting; Maintain media contact lists; Support events coordination; Conduct background research,PR assistant media monitoring press release social media research,Junior,0,Indeed,"['Media Monitoring', 'Press Release Drafting', 'Social Media', 'Research', 'MS Office']","['PR', 'assistant', 'media', 'monitoring', 'press', 'release', 'social', 'media', 'research']",media monitoring press release drafting social media research ms office,PUBLIC-RELATIONS PR Assistant media monitoring press release drafting social media research ms office junior 0 years,"Media Monitoring, Press Release Drafting, Social Media, Research, MS Office",,,
PR005,VP of Communications,PUBLIC-RELATIONS,"Communications Strategy, Executive Communications, Crisis Management, Brand Reputation, Leadership",Own company communications strategy; Manage corporate reputation; Lead crisis communications; Advise C-suite on messaging; Manage communications team,VP communications strategy crisis brand reputation executive leadership,Senior,10,LinkedIn,"['Communications Strategy', 'Executive Communications', 'Crisis Management', 'Brand Reputation', 'Leadership']","['VP', 'communications', 'strategy', 'crisis', 'brand', 'reputation', 'executive', 'leadership']",communications strategy executive communications crisis management brand reputation leadership,PUBLIC-RELATIONS VP of Communications communications strategy executive communications crisis management brand reputation leadership senior 10 years,"Communications Strategy, Executive Communications, Crisis Management, Brand Reputation, Leadership",,,
BNK003,Investment Analyst,BANKING,"Financial Modelling, DCF Valuation, Equity Research, Bloomberg, CFA, Excel",Conduct equity research; Build financial models; Write investment reports; Present investment thesis; Monitor portfolio companies,investment analysis equity research financial modelling DCF Bloomberg CFA,Junior,2,LinkedIn,"['Financial Modelling', 'DCF Valuation', 'Equity Research', 'Bloomberg', 'CFA', 'Excel']","['investment', 'analysis', 'equity', 'research', 'financial', 'modelling', 'DCF', 'Bloomberg', 'CFA']",financial modelling dcf valuation equity research bloomberg cfa excel,BANKING Investment Analyst financial modelling dcf valuation equity research bloomberg cfa excel junior 2 years,"Financial Modelling, DCF Valuation, Equity Research, Bloomberg, CFA, Excel",,,
BNK004,Branch Manager,BANKING,"Team Leadership, Retail Banking, Sales Targets, Customer Service, Regulatory Compliance, P&L",Manage day-to-day branch operations; Drive sales performance; Lead branch team; Ensure regulatory compliance; Handle escalated customer issues,branch manager retail banking leadership sales compliance customer service,Mid,5,Indeed,"['Team Leadership', 'Retail Banking', 'Sales Targets', 'Customer Service', 'Regulatory Compliance', 'P&L']","['branch', 'manager', 'retail', 'banking', 'leadership', 'sales', 'compliance', 'customer', 'service']",team leadership retail banking sales targets customer service regulatory compliance p&l,BANKING Branch Manager team leadership retail banking sales targets customer service regulatory compliance p&l mid 5 years,"Team Leadership, Retail Banking, Sales Targets, Customer Service, Regulatory Compliance, P&L",,,
BNK005,Head of Retail Banking,BANKING,"Retail Banking Strategy, P&L, Digital Banking, Regulatory, Customer Experience, Executive Leadership",Define retail banking strategy; Manage large P&L; Lead digital transformation; Ensure regulatory compliance; Report to board,head retail banking strategy P&L digital transformation leadership executive,Senior,12,LinkedIn,"['Retail Banking Strategy', 'P&L', 'Digital Banking', 'Regulatory', 'Customer Experience', 'Executive Leadership']","['head', 'retail', 'banking', 'strategy', 'P&L', 'digital', 'transformation', 'leadership', 'executive']",retail banking strategy p&l digital banking regulatory customer experience executive leadership,BANKING Head of Retail Banking retail banking strategy p&l digital banking regulatory customer experience executive leadership senior 12 years,"Retail Banking Strategy, P&L, Digital Banking, Regulatory, Customer Experience, Executive Leadership",,,
BNK006,Anti-Money Laundering Analyst,BANKING,"AML, KYC, Transaction Monitoring, Regulatory Compliance, FATF, Investigation, SAR Filing",Monitor transactions for suspicious activity; Conduct KYC and CDD reviews; Prepare SARs; Ensure compliance with AML regulations; Liaise with regulators,AML KYC compliance transaction monitoring SAR regulatory investigation FATF,Mid,3,LinkedIn,"['AML', 'KYC', 'Transaction Monitoring', 'Regulatory Compliance', 'FATF', 'Investigation', 'SAR Filing']","['AML', 'KYC', 'compliance', 'transaction', 'monitoring', 'SAR', 'regulatory', 'investigation', 'FATF']",aml kyc transaction monitoring regulatory compliance fatf investigation sar filing,BANKING Anti-Money Laundering Analyst aml kyc transaction monitoring regulatory compliance fatf investigation sar filing mid 3 years,"AML, KYC, Transaction Monitoring, Regulatory Compliance, FATF, Investigation, SAR Filing",,,
ART003,Museum Curator,ARTS,"Art History, Collection Management, Exhibition Planning, Grant Writing, Research, Stakeholder Engagement",Manage and develop museum collections; Plan and execute exhibitions; Write grant applications; Engage community stakeholders; Conduct and publish research,curator museum collection exhibition art history research grants,Mid,4,LinkedIn,"['Art History', 'Collection Management', 'Exhibition Planning', 'Grant Writing', 'Research', 'Stakeholder Engagement']","['curator', 'museum', 'collection', 'exhibition', 'art', 'history', 'research', 'grants']",art history collection management exhibition planning grant writing research stakeholder engagement,ARTS Museum Curator art history collection management exhibition planning grant writing research stakeholder engagement mid 4 years,"Art History, Collection Management, Exhibition Planning, Grant Writing, Research, Stakeholder Engagement",,,
ART004,Illustrator,ARTS,"Illustration, Procreate, Adobe Illustrator, Storyboarding, Character Design, Concept Art","Create original illustrations for print, digital, and media; Develop character and concept designs; Collaborate with art directors; Deliver assets to brief and deadline",illustration procreate character design concept art storyboard digital,Junior,1,Indeed,"['Illustration', 'Procreate', 'Adobe Illustrator', 'Storyboarding', 'Character Design', 'Concept Art']","['illustration', 'procreate', 'character', 'design', 'concept', 'art', 'storyboard', 'digital']",illustration procreate adobe illustrator storyboarding character design concept art,ARTS Illustrator illustration procreate adobe illustrator storyboarding character design concept art junior 1 year,"Illustration, Procreate, Adobe Illustrator, Storyboarding, Character Design, Concept Art",,,
ART005,Creative Director,ARTS,"Creative Leadership, Brand Identity, Campaign Development, Team Management, Pitching, Multi-channel",Lead creative output across all channels; Set creative vision and standards; Manage creative teams; Present and pitch to clients; Oversee campaign production,creative director leadership brand campaign multi-channel pitch creative vision,Senior,10,LinkedIn,"['Creative Leadership', 'Brand Identity', 'Campaign Development', 'Team Management', 'Pitching', 'Multi-channel']","['creative', 'director', 'leadership', 'brand', 'campaign', 'multi-channel', 'pitch', 'creative', 'vision']",creative leadership brand identity campaign development team management pitching multi-channel,ARTS Creative Director creative leadership brand identity campaign development team management pitching multi-channel senior 10 years,"Creative Leadership, Brand Identity, Campaign Development, Team Management, Pitching, Multi-channel",,,
AVI003,Air Traffic Controller,AVIATION,"ATC Operations, Radar Systems, Communication, Decision Making, ICAO Standards, Emergency Procedures",Direct aircraft movements in controlled airspace; Coordinate with pilots and other controllers; Apply ICAO separation standards; Handle emergency situations; Maintain logs,air traffic control ATC radar ICAO communication airspace safety,Mid,3,LinkedIn,"['ATC Operations', 'Radar Systems', 'Communication', 'Decision Making', 'ICAO Standards', 'Emergency Procedures']","['air', 'traffic', 'control', 'ATC', 'radar', 'ICAO', 'communication', 'airspace', 'safety']",atc operations radar systems communication decision making icao standards emergency procedures,AVIATION Air Traffic Controller atc operations radar systems communication decision making icao standards emergency procedures mid 3 years,"ATC Operations, Radar Systems, Communication, Decision Making, ICAO Standards, Emergency Procedures",,,
AVI004,Aviation Safety Officer,AVIATION,"Safety Management Systems, ICAO Annex 19, Risk Assessment, Incident Investigation, Regulatory Compliance",Implement safety management systems; Investigate incidents and accidents; Conduct safety audits; Report to civil aviation authority; Develop safety training,aviation safety SMS ICAO risk assessment incident investigation compliance,Mid,4,Indeed,"['Safety Management Systems', 'ICAO Annex 19', 'Risk Assessment', 'Incident Investigation', 'Regulatory Compliance']","['aviation', 'safety', 'SMS', 'ICAO', 'risk', 'assessment', 'incident', 'investigation', 'compliance']",safety management systems icao annex 19 risk assessment incident investigation regulatory compliance,AVIATION Aviation Safety Officer safety management systems icao annex 19 risk assessment incident investigation regulatory compliance mid 4 years,"Safety Management Systems, ICAO Annex 19, Risk Assessment, Incident Investigation, Regulatory Compliance",,,
AVI005,Director of Flight Operations,AVIATION,"Flight Operations, EASA/FAA Regulations, Fleet Management, Strategic Planning, Leadership, AOC Compliance",Oversee all flight operations; Ensure regulatory compliance; Manage fleet and crew resources; Drive operational efficiency; Report to airline board,flight operations director EASA FAA fleet management leadership AOC strategic,Senior,12,LinkedIn,"['Flight Operations', 'EASA/FAA Regulations', 'Fleet Management', 'Strategic Planning', 'Leadership', 'AOC Compliance']","['flight', 'operations', 'director', 'EASA', 'FAA', 'fleet', 'management', 'leadership', 'AOC', 'strategic']",flight operations easa/faa regulations fleet management strategic planning leadership aoc compliance,AVIATION Director of Flight Operations flight operations easa/faa regulations fleet management strategic planning leadership aoc compliance senior 12 years,"Flight Operations, EASA/FAA Regulations, Fleet Management, Strategic Planning, Leadership, AOC Compliance",,,
HR001,HR Business Partner,HR,"Employee Relations, HR Strategy, Talent Management, Organisational Design, Coaching, Employment Law",Partner with business leaders to align HR strategy; Manage complex employee relations cases; Support organisational design; Drive talent programmes; Ensure policy compliance,HR business partner employee relations talent management organisational design coaching,Senior,7,LinkedIn,"['Employee Relations', 'HR Strategy', 'Talent Management', 'Organisational Design', 'Coaching', 'Employment Law']","['HR', 'business', 'partner', 'employee', 'relations', 'talent', 'management', 'organisational', 'design', 'coaching']",employee relations hr strategy talent management organisational design coaching employment law,HR HR Business Partner employee relations hr strategy talent management organisational design coaching employment law senior 7 years,"Employee Relations, HR Strategy, Talent Management, Organisational Design, Coaching, Employment Law",,,
HR002,Talent Acquisition Specialist,HR,"Recruitment, LinkedIn Recruiter, ATS, Interviewing, Employer Branding, Boolean Search",Manage full-cycle recruitment; Source candidates via multiple channels; Conduct competency interviews; Build talent pipelines; Enhance employer brand,talent acquisition recruitment sourcing ATS interviewing employer branding,Mid,3,LinkedIn,"['Recruitment', 'LinkedIn Recruiter', 'ATS', 'Interviewing', 'Employer Branding', 'Boolean Search']","['talent', 'acquisition', 'recruitment', 'sourcing', 'ATS', 'interviewing', 'employer', 'branding']",recruitment linkedin recruiter ats interviewing employer branding boolean search,HR Talent Acquisition Specialist recruitment linkedin recruiter ats interviewing employer branding boolean search mid 3 years,"Recruitment, LinkedIn Recruiter, ATS, Interviewing, Employer Branding, Boolean Search",,,
HR003,HR Coordinator,HR,"HRIS, Onboarding, Employee Records, Payroll Support, Benefits Administration, Communication",Coordinate onboarding for new hires; Maintain employee records in HRIS; Support payroll processing; Administer employee benefits; Respond to HR queries,HR coordinator onboarding HRIS payroll benefits employee records administration,Junior,1,Indeed,"['HRIS', 'Onboarding', 'Employee Records', 'Payroll Support', 'Benefits Administration', 'Communication']","['HR', 'coordinator', 'onboarding', 'HRIS', 'payroll', 'benefits', 'employee', 'records', 'administration']",hris onboarding employee records payroll support benefits administration communication,HR HR Coordinator hris onboarding employee records payroll support benefits administration communication junior 1 year,"HRIS, Onboarding, Employee Records, Payroll Support, Benefits Administration, Communication",,,
HR004,Learning and Development Manager,HR,"L&D Strategy, Training Design, LMS, Needs Analysis, Facilitation, CIPD",Design and deliver learning strategy; Conduct training needs analyses; Develop e-learning and classroom content; Manage LMS; Measure training effectiveness,learning development L&D training LMS facilitation CIPD needs analysis,Mid,5,LinkedIn,"['L&D Strategy', 'Training Design', 'LMS', 'Needs Analysis', 'Facilitation', 'CIPD']","['learning', 'development', 'L&D', 'training', 'LMS', 'facilitation', 'CIPD', 'needs', 'analysis']",l&d strategy training design lms needs analysis facilitation cipd,HR Learning and Development Manager l&d strategy training design lms needs analysis facilitation cipd mid 5 years,"L&D Strategy, Training Design, LMS, Needs Analysis, Facilitation, CIPD",,,
HR005,Compensation and Benefits Manager,HR,"Compensation Design, Benefits Benchmarking, Job Evaluation, Payroll, HRIS, Reward Strategy",Design and manage compensation frameworks; Conduct market benchmarking; Manage annual pay review; Oversee benefits programmes; Ensure regulatory compliance,compensation benefits reward benchmarking job evaluation payroll HRIS,Mid,5,Indeed,"['Compensation Design', 'Benefits Benchmarking', 'Job Evaluation', 'Payroll', 'HRIS', 'Reward Strategy']","['compensation', 'benefits', 'reward', 'benchmarking', 'job', 'evaluation', 'payroll', 'HRIS']",compensation design benefits benchmarking job evaluation payroll hris reward strategy,HR Compensation and Benefits Manager compensation design benefits benchmarking job evaluation payroll hris reward strategy mid 5 years,"Compensation Design, Benefits Benchmarking, Job Evaluation, Payroll, HRIS, Reward Strategy",,,
HR006,Chief People Officer,HR,"People Strategy, Culture, Diversity & Inclusion, Executive Leadership, Talent, Organisational Development",Own people strategy at board level; Drive culture and engagement; Lead D&I initiatives; Oversee all HR functions; Report to CEO,CPO chief people officer HR strategy culture D&I leadership executive,Senior,12,LinkedIn,"['People Strategy', 'Culture', 'Diversity & Inclusion', 'Executive Leadership', 'Talent', 'Organisational Development']","['CPO', 'chief', 'people', 'officer', 'HR', 'strategy', 'culture', 'D&I', 'leadership', 'executive']",people strategy culture diversity & inclusion executive leadership talent organisational development,HR Chief People Officer people strategy culture diversity & inclusion executive leadership talent organisational development senior 12 years,"People Strategy, Culture, Diversity & Inclusion, Executive Leadership, Talent, Organisational Development",,,
ADV004,Paralegal,ADVOCATE,"Legal Research, Document Drafting, Case Management Software, Contract Review, Filing",Assist lawyers with case preparation; Conduct legal research; Draft legal documents; Manage case files; Liaise with courts and clients,paralegal legal research document drafting case management court filing,Junior,1,Indeed,"['Legal Research', 'Document Drafting', 'Case Management Software', 'Contract Review', 'Filing']","['paralegal', 'legal', 'research', 'document', 'drafting', 'case', 'management', 'court', 'filing']",legal research document drafting case management software contract review filing,ADVOCATE Paralegal legal research document drafting case management software contract review filing junior 1 year,"Legal Research, Document Drafting, Case Management Software, Contract Review, Filing",,,TEACHER
ART003,Museum Curator,ARTS,"Art History, Collection Management, Exhibition Planning, Grant Writing, Research, Stakeholder Engagement",Manage and develop museum collections; Plan and execute exhibitions; Write grant applications; Engage community stakeholders; Conduct and publish research,curator museum collection exhibition art history research grants,Mid,4,LinkedIn,"['Art History', 'Collection Management', 'Exhibition Planning', 'Grant Writing', 'Research', 'Stakeholder Engagement']","['curator', 'museum', 'collection', 'exhibition', 'art', 'history', 'research', 'grants']",art history collection management exhibition planning grant writing research stakeholder engagement,ARTS Museum Curator art history collection management exhibition planning grant writing research stakeholder engagement mid 4 years,"Art History, Collection Management, Exhibition Planning, Grant Writing, Research, Stakeholder Engagement",,,INFORMATION-TECHNOLOGY
ENG004,Graduate Engineer,ENGINEERING,"Engineering Fundamentals, AutoCAD, MATLAB, Problem Solving, Technical Report Writing, Teamwork",Support senior engineers on projects; Conduct design calculations; Prepare technical documentation; Assist in site inspections; Learn and apply engineering standards,graduate engineer design calculations technical documentation engineering standards,Junior,0,Indeed,"['Engineering Fundamentals', 'AutoCAD', 'MATLAB', 'Problem Solving', 'Technical Report Writing', 'Teamwork']","['graduate', 'engineer', 'design', 'calculations', 'technical', 'documentation', 'engineering', 'standards']",engineering fundamentals autocad matlab problem solving technical report writing teamwork,ENGINEERING Graduate Engineer engineering fundamentals autocad matlab problem solving technical report writing teamwork junior 0 years,"Engineering Fundamentals, AutoCAD, MATLAB, Problem Solving, Technical Report Writing, Teamwork",,,INFORMATION-TECHNOLOGY
IT006,Frontend Developer,INFORMATION-TECHNOLOGY,"React, TypeScript, CSS, HTML, REST APIs, Jest, Git, Webpack",Build responsive web interfaces; Implement UI from designs; Write unit tests; Optimise performance; Review code,frontend react typescript javascript css html web development testing,Junior,2,LinkedIn,"['React', 'TypeScript', 'CSS', 'HTML', 'REST APIs', 'Jest', 'Git', 'Webpack']","['frontend', 'react', 'typescript', 'javascript', 'css', 'html', 'web', 'development', 'testing']",react typescript css html rest apis jest git webpack,INFORMATION-TECHNOLOGY Frontend Developer react typescript css html rest apis jest git webpack junior 2 years,"React, TypeScript, CSS, HTML, REST APIs, Jest, Git, Webpack",,,INFORMATION-TECHNOLOGY
BNK001,Relationship Manager,BANKING,"Client Relationship Management, Financial Products, Cross-Selling, KYC/AML, CRM, Banking Regulations, Excel, Communication, Credit Analysis",Manage client portfolios; Promote banking products; Ensure regulatory compliance; Conduct KYC; Grow revenue from existing clients,relationship manager client relationship financial products cross selling kyc aml crm banking regulations excel credit analysis,Mid,4,LinkedIn,"['Client Relationship Management', 'Financial Products', 'Cross-Selling', 'KYC/AML', 'CRM', 'Banking Regulations', 'Excel', 'Communication', 'Credit Analysis']","['relationship manager', 'client relationship', 'financial products', 'cross selling', 'kyc', 'aml', 'crm', 'banking regulations', 'excel', 'credit analysis']",client relationship management financial products cross selling kyc aml crm banking regulations excel communication credit analysis,BANKING Relationship Manager client relationship management financial products cross selling kyc aml crm banking regulations excel communication credit analysis mid 4 years,"Client Relationship Management, Financial Products, Cross-Selling, KYC/AML, CRM, Banking Regulations, Excel, Communication, Credit Analysis",,,DESIGNER
APP001,Fashion Designer,APPAREL,"Sketching, Fabric Selection, Pattern Making, Adobe Illustrator, Trend Analysis, Garment Construction, CAD, Sewing, Merchandising",Design clothing lines; Select fabrics; Create patterns; Supervise production; Present collections; Conduct trend research,fashion designer sketching fabric selection pattern making adobe illustrator trend analysis garment construction cad sewing merchandising,Mid,4,FashionJobs,"['Sketching', 'Fabric Selection', 'Pattern Making', 'Adobe Illustrator', 'Trend Analysis', 'Garment Construction', 'CAD', 'Sewing', 'Merchandising']","['fashion designer', 'sketching', 'fabric selection', 'pattern making', 'adobe illustrator', 'trend analysis', 'garment construction', 'cad', 'sewing', 'merchandising']",sketching fabric selection pattern making adobe illustrator trend analysis garment construction cad sewing merchandising,APPAREL Fashion Designer sketching fabric selection pattern making adobe illustrator trend analysis garment construction cad sewing merchandising mid 4 years,"Sketching, Fabric Selection, Pattern Making, Adobe Illustrator, Trend Analysis, Garment Construction, CAD, Sewing, Merchandising",,,DESIGNER
AGR004,Irrigation Engineer,AGRICULTURE,"Irrigation Design, AutoCAD, Hydrology, Water Resource Management, GIS, Project Management",Design efficient irrigation systems; Conduct field surveys; Prepare engineering drawings; Manage installation projects; Liaise with farmers and government bodies,irrigation engineering water resource design autocad hydrology GIS,Mid,4,LinkedIn,"['Irrigation Design', 'AutoCAD', 'Hydrology', 'Water Resource Management', 'GIS', 'Project Management']","['irrigation', 'engineering', 'water', 'resource', 'design', 'autocad', 'hydrology', 'GIS']",irrigation design autocad hydrology water resource management gis project management,AGRICULTURE Irrigation Engineer irrigation design autocad hydrology water resource management gis project management mid 4 years,"Irrigation Design, AutoCAD, Hydrology, Water Resource Management, GIS, Project Management",,,TEACHER
AGR001,Agronomist,AGRICULTURE,"Soil Science, Crop Management, Irrigation, Pest Control, GIS, Agricultural Software, Data Analysis, Research, Communication",Advise on crop production; Conduct soil testing; Recommend pest management; Analyze agricultural data; Develop farm plans,agronomist soil science crop management irrigation pest control gis agricultural software data analysis research,Mid,4,AgriJobs,"['Soil Science', 'Crop Management', 'Irrigation', 'Pest Control', 'GIS', 'Agricultural Software', 'Data Analysis', 'Research', 'Communication']","['agronomist', 'soil science', 'crop management', 'irrigation', 'pest control', 'gis', 'agricultural software', 'data analysis', 'research']",soil science crop management irrigation pest control gis agricultural software data analysis research communication,AGRICULTURE Agronomist soil science crop management irrigation pest control gis agricultural software data analysis research communication mid 4 years,"Soil Science, Crop Management, Irrigation, Pest Control, GIS, Agricultural Software, Data Analysis, Research, Communication",,,TEACHER
SAL006,Inside Sales Representative,SALES,"Telephone Sales, CRM, Objection Handling, Lead Qualification, Product Demo, Quota Management",Manage inbound leads and convert to customers; Conduct product demonstrations; Handle objections; Maintain CRM; Consistently hit monthly quotas,inside sales telephone CRM demos lead qualification quota,Junior,2,LinkedIn,"['Telephone Sales', 'CRM', 'Objection Handling', 'Lead Qualification', 'Product Demo', 'Quota Management']","['inside', 'sales', 'telephone', 'CRM', 'demos', 'lead', 'qualification', 'quota']",telephone sales crm objection handling lead qualification product demo quota management,SALES Inside Sales Representative telephone sales crm objection handling lead qualification product demo quota management junior 2 years,"Telephone Sales, CRM, Objection Handling, Lead Qualification, Product Demo, Quota Management",,,INFORMATION-TECHNOLOGY
AUTO001,Automotive Engineer,AUTOMOBILE,"CAD, MATLAB, Vehicle Dynamics, Engine Design, AutoCAD, CATIA, Project Management, Mechanical Engineering, Testing & Validation",Design vehicle systems; Test components; Troubleshoot engineering issues; Collaborate with production teams; Write technical reports,automotive engineer cad matlab vehicle dynamics engine design autocad catia project management mechanical testing,Mid,4,LinkedIn,"['CAD', 'MATLAB', 'Vehicle Dynamics', 'Engine Design', 'AutoCAD', 'CATIA', 'Project Management', 'Mechanical Engineering', 'Testing & Validation']","['automotive engineer', 'cad', 'matlab', 'vehicle dynamics', 'engine design', 'autocad', 'catia', 'project management', 'mechanical engineering', 'testing']",cad matlab vehicle dynamics engine design autocad catia project management mechanical engineering testing validation,AUTOMOBILE Automotive Engineer cad matlab vehicle dynamics engine design autocad catia project management mechanical engineering testing validation mid 4 years,"CAD, MATLAB, Vehicle Dynamics, Engine Design, AutoCAD, CATIA, Project Management, Mechanical Engineering, Testing & Validation",,,ADVOCATE
PR004,PR Assistant,PUBLIC-RELATIONS,"Media Monitoring, Press Release Drafting, Social Media, Research, MS Office",Monitor media coverage; Assist with press release drafting; Maintain media contact lists; Support events coordination; Conduct background research,PR assistant media monitoring press release social media research,Junior,0,Indeed,"['Media Monitoring', 'Press Release Drafting', 'Social Media', 'Research', 'MS Office']","['PR', 'assistant', 'media', 'monitoring', 'press', 'release', 'social', 'media', 'research']",media monitoring press release drafting social media research ms office,PUBLIC-RELATIONS PR Assistant media monitoring press release drafting social media research ms office junior 0 years,"Media Monitoring, Press Release Drafting, Social Media, Research, MS Office",,,HR
AUTO005,Automotive Plant Manager,AUTOMOBILE,"Manufacturing Operations, Lean Manufacturing, Six Sigma, P&L, Supply Chain, Quality Management",Oversee all plant operations; Drive lean manufacturing initiatives; Manage production budget; Lead quality programmes; Ensure health and safety compliance,plant manager automotive manufacturing lean six sigma quality supply chain,Senior,10,LinkedIn,"['Manufacturing Operations', 'Lean Manufacturing', 'Six Sigma', 'P&L', 'Supply Chain', 'Quality Management']","['plant', 'manager', 'automotive', 'manufacturing', 'lean', 'six', 'sigma', 'quality', 'supply', 'chain']",manufacturing operations lean manufacturing six sigma p&l supply chain quality management,AUTOMOBILE Automotive Plant Manager manufacturing operations lean manufacturing six sigma p&l supply chain quality management senior 10 years,"Manufacturing Operations, Lean Manufacturing, Six Sigma, P&L, Supply Chain, Quality Management",,,INFORMATION-TECHNOLOGY
CON005,Junior Analyst – Consulting,CONSULTANT,"Data Analysis, Excel, PowerPoint, Research, Problem Solving, Communication",Conduct quantitative and qualitative research; Build Excel models; Prepare client presentations; Support senior consultants in delivering projects,consulting analyst research data analysis excel presentations problem solving,Junior,1,LinkedIn,"['Data Analysis', 'Excel', 'PowerPoint', 'Research', 'Problem Solving', 'Communication']","['consulting', 'analyst', 'research', 'data', 'analysis', 'excel', 'presentations', 'problem', 'solving']",data analysis excel powerpoint research problem solving communication,CONSULTANT Junior Analyst – Consulting data analysis excel powerpoint research problem solving communication junior 1 year,"Data Analysis, Excel, PowerPoint, Research, Problem Solving, Communication",,,TEACHER
TEA001,High School Mathematics Teacher,TEACHER,"Curriculum Development, Classroom Management, Assessment, Differentiated Instruction, Math Proficiency, Communication, LMS, Student Counseling",Teach mathematics; Develop lesson plans; Assess student performance; Communicate with parents; Maintain classroom discipline,teacher mathematics curriculum classroom assessment instruction communication lms counseling education,Mid,3,Indeed,"['Curriculum Development', 'Classroom Management', 'Assessment', 'Differentiated Instruction', 'Math Proficiency', 'Communication', 'LMS', 'Student Counseling']","['teacher', 'mathematics', 'curriculum', 'classroom', 'assessment', 'instruction', 'communication', 'lms', 'counseling', 'education']",curriculum development classroom management assessment differentiated instruction math proficiency communication lms student counseling,TEACHER High School Mathematics Teacher curriculum development classroom management assessment differentiated instruction math proficiency mid 3 years,"Curriculum Development, Classroom Management, Assessment, Differentiated Instruction, Math Proficiency, Communication, LMS, Student Counseling",,,HR
AVI001,Commercial Pilot,AVIATION,"ATPL, Flight Operations, Navigation, Meteorology, Aircraft Systems, CRM, Emergency Procedures, Communication, FAA/DGCA Regulations",Operate commercial aircraft; File flight plans; Monitor weather; Communicate with ATC; Ensure passenger safety; Complete flight logs,commercial pilot atpl flight operations navigation meteorology aircraft systems crm emergency procedures communication faa dgca regulations,Senior,5,AviationJobs,"['ATPL', 'Flight Operations', 'Navigation', 'Meteorology', 'Aircraft Systems', 'CRM', 'Emergency Procedures', 'Communication', 'FAA/DGCA Regulations']","['commercial pilot', 'atpl', 'flight operations', 'navigation', 'meteorology', 'aircraft systems', 'crm', 'emergency procedures', 'communication', 'faa', 'dgca']",atpl flight operations navigation meteorology aircraft systems crm emergency procedures communication faa dgca regulations,AVIATION Commercial Pilot atpl flight operations navigation meteorology aircraft systems crm emergency procedures communication faa dgca regulations senior 5 years,"ATPL, Flight Operations, Navigation, Meteorology, Aircraft Systems, CRM, Emergency Procedures, Communication, FAA/DGCA Regulations",,,HR
FIN002,Investment Banker,FINANCE,"M&A, DCF Valuation, Pitch Books, Financial Modeling, Capital Markets, Excel, Bloomberg, Due Diligence, Client Relations, CFA",Execute M&A transactions; Build valuation models; Prepare pitch books; Conduct due diligence; Manage client relationships,investment banker ma dcf valuation pitch books financial modeling capital markets excel bloomberg due diligence client relations cfa,Senior,7,Financial Times Jobs,"['M&A', 'DCF Valuation', 'Pitch Books', 'Financial Modeling', 'Capital Markets', 'Excel', 'Bloomberg', 'Due Diligence', 'Client Relations', 'CFA']","['investment banker', 'ma', 'dcf valuation', 'pitch books', 'financial modeling', 'capital markets', 'excel', 'bloomberg', 'due diligence', 'client relations', 'cfa']",m a dcf valuation pitch books financial modeling capital markets excel bloomberg due diligence client relations cfa,FINANCE Investment Banker m a dcf valuation pitch books financial modeling capital markets excel bloomberg due diligence client relations cfa senior 7 years,"M&A, DCF Valuation, Pitch Books, Financial Modeling, Capital Markets, Excel, Bloomberg, Due Diligence, Client Relations, CFA",,,HR
FIT003,Group Fitness Instructor,FITNESS,"Class Instruction, Exercise Programming, CPR/AED, Motivation, Nutrition Basics, Yoga/Pilates",Lead group exercise sessions; Design varied class programmes; Motivate participants; Ensure safety during workouts; Track participant progress,group fitness instruction exercise class motivation safety yoga pilates,Junior,1,Indeed,"['Class Instruction', 'Exercise Programming', 'CPR/AED', 'Motivation', 'Nutrition Basics', 'Yoga/Pilates']","['group', 'fitness', 'instruction', 'exercise', 'class', 'motivation', 'safety', 'yoga', 'pilates']",class instruction exercise programming cpr/aed motivation nutrition basics yoga/pilates,FITNESS Group Fitness Instructor class instruction exercise programming cpr/aed motivation nutrition basics yoga/pilates junior 1 year,"Class Instruction, Exercise Programming, CPR/AED, Motivation, Nutrition Basics, Yoga/Pilates",,,TEACHER
CON_S004,Building Information Modelling (BIM) Coordinator,CONSTRUCTION,"Revit, Navisworks, BIM Standards, AutoCAD, Clash Detection, ISO 19650",Manage BIM processes on construction projects; Coordinate clash detection; Maintain BIM execution plan; Liaise with design and construction teams; Ensure ISO 19650 compliance,BIM revit navisworks clash detection ISO 19650 construction digital,Mid,3,Indeed,"['Revit', 'Navisworks', 'BIM Standards', 'AutoCAD', 'Clash Detection', 'ISO 19650']","['BIM', 'revit', 'navisworks', 'clash', 'detection', 'ISO', '19650', 'construction', 'digital']",revit navisworks bim standards autocad clash detection iso 19650,CONSTRUCTION Building Information Modelling (BIM) Coordinator revit navisworks bim standards autocad clash detection iso 19650 mid 3 years,"Revit, Navisworks, BIM Standards, AutoCAD, Clash Detection, ISO 19650",,,HR
FIT001,Personal Trainer,FITNESS,"Exercise Programming, Nutrition Guidance, Client Motivation, CPR/AED, Fitness Assessment, Weight Training, HIIT, Yoga, Communication",Design workout plans; Train clients; Monitor progress; Provide nutritional advice; Maintain client records,personal trainer exercise programming nutrition client motivation cpr fitness assessment weight training hiit yoga,Junior,1,Indeed,"['Exercise Programming', 'Nutrition Guidance', 'Client Motivation', 'CPR/AED', 'Fitness Assessment', 'Weight Training', 'HIIT', 'Yoga', 'Communication']","['personal trainer', 'exercise programming', 'nutrition', 'client motivation', 'cpr', 'fitness assessment', 'weight training', 'hiit', 'yoga']",exercise programming nutrition guidance client motivation cpr aed fitness assessment weight training hiit yoga communication,FITNESS Personal Trainer exercise programming nutrition guidance client motivation cpr aed fitness assessment weight training hiit yoga communication junior 1 year,"Exercise Programming, Nutrition Guidance, Client Motivation, CPR/AED, Fitness Assessment, Weight Training, HIIT, Yoga, Communication",,,HR
DES001,UI/UX Designer,DESIGNER,"Adobe XD, Figma, Sketch, Photoshop, Illustrator, CSS, HTML, Wireframing, Prototyping, User Research",Design user interfaces; Create wireframes and prototypes; Conduct user research; Collaborate with developers; Maintain design systems,ui ux design figma adobe sketch wireframe prototype user experience visual design,Mid,3,LinkedIn,"['Adobe XD', 'Figma', 'Sketch', 'Photoshop', 'Illustrator', 'CSS', 'HTML', 'Wireframing', 'Prototyping', 'User Research']","['ui', 'ux', 'design', 'figma', 'adobe', 'sketch', 'wireframe', 'prototype', 'user experience', 'visual design']",adobe xd figma sketch photoshop illustrator css html wireframing prototyping user research,DESIGNER UI/UX Designer adobe xd figma sketch photoshop illustrator css html wireframing prototyping user research mid 3 years,"Adobe XD, Figma, Sketch, Photoshop, Illustrator, CSS, HTML, Wireframing, Prototyping, User Research",,,TEACHER
PR005,VP of Communications,PUBLIC-RELATIONS,"Communications Strategy, Executive Communications, Crisis Management, Brand Reputation, Leadership",Own company communications strategy; Manage corporate reputation; Lead crisis communications; Advise C-suite on messaging; Manage communications team,VP communications strategy crisis brand reputation executive leadership,Senior,10,LinkedIn,"['Communications Strategy', 'Executive Communications', 'Crisis Management', 'Brand Reputation', 'Leadership']","['VP', 'communications', 'strategy', 'crisis', 'brand', 'reputation', 'executive', 'leadership']",communications strategy executive communications crisis management brand reputation leadership,PUBLIC-RELATIONS VP of Communications communications strategy executive communications crisis management brand reputation leadership senior 10 years,"Communications Strategy, Executive Communications, Crisis Management, Brand Reputation, Leadership",,,TEACHER
CON005,Junior Analyst – Consulting,CONSULTANT,"Data Analysis, Excel, PowerPoint, Research, Problem Solving, Communication",Conduct quantitative and qualitative research; Build Excel models; Prepare client presentations; Support senior consultants in delivering projects,consulting analyst research data analysis excel presentations problem solving,Junior,1,LinkedIn,"['Data Analysis', 'Excel', 'PowerPoint', 'Research', 'Problem Solving', 'Communication']","['consulting', 'analyst', 'research', 'data', 'analysis', 'excel', 'presentations', 'problem', 'solving']",data analysis excel powerpoint research problem solving communication,CONSULTANT Junior Analyst – Consulting data analysis excel powerpoint research problem solving communication junior 1 year,"Data Analysis, Excel, PowerPoint, Research, Problem Solving, Communication",,,HR
BD004,Sales Development Representative,BUSINESS-DEVELOPMENT,"Lead Generation, Cold Calling, CRM, Email Outreach, LinkedIn Sales Navigator, Objection Handling",Generate and qualify new sales leads; Conduct outreach via phone and email; Book discovery meetings; Maintain CRM data; Collaborate with account executives,sales development lead generation CRM outreach prospecting sdR,Junior,1,Indeed,"['Lead Generation', 'Cold Calling', 'CRM', 'Email Outreach', 'LinkedIn Sales Navigator', 'Objection Handling']","['sales', 'development', 'lead', 'generation', 'CRM', 'outreach', 'prospecting', 'sdR']",lead generation cold calling crm email outreach linkedin sales navigator objection handling,BUSINESS-DEVELOPMENT Sales Development Representative lead generation cold calling crm email outreach linkedin sales navigator objection handling junior 1 year,"Lead Generation, Cold Calling, CRM, Email Outreach, LinkedIn Sales Navigator, Objection Handling",,,HR
APP004,Buying Assistant,APPAREL,"Range Planning, Supplier Management, Excel, Trend Research, Buying Process, Communication",Support buying team in range planning; Manage supplier communications; Monitor stock levels; Conduct trend research; Prepare sales reports,buying apparel retail range planning trend supplier excel,Junior,1,LinkedIn,"['Range Planning', 'Supplier Management', 'Excel', 'Trend Research', 'Buying Process', 'Communication']","['buying', 'apparel', 'retail', 'range', 'planning', 'trend', 'supplier', 'excel']",range planning supplier management excel trend research buying process communication,APPAREL Buying Assistant range planning supplier management excel trend research buying process communication junior 1 year,"Range Planning, Supplier Management, Excel, Trend Research, Buying Process, Communication",,,HR
IT001,Software Engineer,INFORMATION-TECHNOLOGY,"Python, Java, SQL, REST APIs, Git, Docker, Kubernetes, Agile, AWS, Linux",Develop software applications; Write clean code; Review code; Debug and troubleshoot; Collaborate with cross-functional teams,software engineer python java sql rest api git docker kubernetes agile aws linux backend,Mid,3,LinkedIn,"['Python', 'Java', 'SQL', 'REST APIs', 'Git', 'Docker', 'Kubernetes', 'Agile', 'AWS', 'Linux']","['software engineer', 'python', 'java', 'sql', 'rest api', 'git', 'docker', 'kubernetes', 'agile', 'aws']",python java sql rest apis git docker kubernetes agile aws linux,INFORMATION-TECHNOLOGY Software Engineer python java sql rest apis git docker kubernetes agile aws linux mid 3 years,"Python, Java, SQL, REST APIs, Git, Docker, Kubernetes, Agile, AWS, Linux",,,DESIGNER
FIN002,Investment Banker,FINANCE,"M&A, DCF Valuation, Pitch Books, Financial Modeling, Capital Markets, Excel, Bloomberg, Due Diligence, Client Relations, CFA",Execute M&A transactions; Build valuation models; Prepare pitch books; Conduct due diligence; Manage client relationships,investment banker ma dcf valuation pitch books financial modeling capital markets excel bloomberg due diligence client relations cfa,Senior,7,Financial Times Jobs,"['M&A', 'DCF Valuation', 'Pitch Books', 'Financial Modeling', 'Capital Markets', 'Excel', 'Bloomberg', 'Due Diligence', 'Client Relations', 'CFA']","['investment banker', 'ma', 'dcf valuation', 'pitch books', 'financial modeling', 'capital markets', 'excel', 'bloomberg', 'due diligence', 'client relations', 'cfa']",m a dcf valuation pitch books financial modeling capital markets excel bloomberg due diligence client relations cfa,FINANCE Investment Banker m a dcf valuation pitch books financial modeling capital markets excel bloomberg due diligence client relations cfa senior 7 years,"M&A, DCF Valuation, Pitch Books, Financial Modeling, Capital Markets, Excel, Bloomberg, Due Diligence, Client Relations, CFA",,,INFORMATION-TECHNOLOGY
ENG005,Engineering Director,ENGINEERING,"Technical Leadership, P&L, Project Management, Stakeholder Management, Systems Engineering, Innovation",Lead engineering department; Own technical roadmap; Manage cross-functional teams; Drive innovation initiatives; Ensure delivery of major projects on time and budget,engineering director leadership technical roadmap project management innovation P&L,Senior,12,LinkedIn,"['Technical Leadership', 'P&L', 'Project Management', 'Stakeholder Management', 'Systems Engineering', 'Innovation']","['engineering', 'director', 'leadership', 'technical', 'roadmap', 'project', 'management', 'innovation', 'P&L']",technical leadership p&l project management stakeholder management systems engineering innovation,ENGINEERING Engineering Director technical leadership p&l project management stakeholder management systems engineering innovation senior 12 years,"Technical Leadership, P&L, Project Management, Stakeholder Management, Systems Engineering, Innovation",,,ADVOCATE
ART005,Creative Director,ARTS,"Creative Leadership, Brand Identity, Campaign Development, Team Management, Pitching, Multi-channel",Lead creative output across all channels; Set creative vision and standards; Manage creative teams; Present and pitch to clients; Oversee campaign production,creative director leadership brand campaign multi-channel pitch creative vision,Senior,10,LinkedIn,"['Creative Leadership', 'Brand Identity', 'Campaign Development', 'Team Management', 'Pitching', 'Multi-channel']","['creative', 'director', 'leadership', 'brand', 'campaign', 'multi-channel', 'pitch', 'creative', 'vision']",creative leadership brand identity campaign development team management pitching multi-channel,ARTS Creative Director creative leadership brand identity campaign development team management pitching multi-channel senior 10 years,"Creative Leadership, Brand Identity, Campaign Development, Team Management, Pitching, Multi-channel",,,HR
AVI002,Aircraft Maintenance Engineer,AVIATION,"Aircraft Maintenance, AME License, Avionics, Engine Overhaul, Safety Protocols, Technical Documentation, Troubleshooting, Hydraulic Systems",Inspect and maintain aircraft; Perform scheduled maintenance; Troubleshoot technical issues; Maintain maintenance records; Ensure airworthiness,aircraft maintenance engineer ame license avionics engine overhaul safety technical documentation troubleshooting hydraulic systems,Mid,4,LinkedIn,"['Aircraft Maintenance', 'AME License', 'Avionics', 'Engine Overhaul', 'Safety Protocols', 'Technical Documentation', 'Troubleshooting', 'Hydraulic Systems']","['aircraft maintenance engineer', 'ame license', 'avionics', 'engine overhaul', 'safety', 'technical documentation', 'troubleshooting', 'hydraulic systems']",aircraft maintenance ame license avionics engine overhaul safety protocols technical documentation troubleshooting hydraulic systems,AVIATION Aircraft Maintenance Engineer aircraft maintenance ame license avionics engine overhaul safety protocols technical documentation troubleshooting hydraulic systems mid 4 years,"Aircraft Maintenance, AME License, Avionics, Engine Overhaul, Safety Protocols, Technical Documentation, Troubleshooting, Hydraulic Systems",,,ADVOCATE
TEA002,Primary School Teacher,TEACHER,"Child Development, Lesson Planning, Creative Teaching, Communication, Patience, MS Office, Activity Design, Phonics",Teach foundational subjects; Design age-appropriate activities; Monitor child development; Engage parents; Maintain records,primary teacher child development lesson planning creative communication patience ms office activity phonics,Junior,1,LinkedIn,"['Child Development', 'Lesson Planning', 'Creative Teaching', 'Communication', 'Patience', 'MS Office', 'Activity Design', 'Phonics']","['primary teacher', 'child development', 'lesson planning', 'creative', 'communication', 'patience', 'ms office', 'activity', 'phonics']",child development lesson planning creative teaching communication patience ms office activity design phonics,TEACHER Primary School Teacher child development lesson planning creative teaching communication patience ms office activity design phonics junior 1 year,"Child Development, Lesson Planning, Creative Teaching, Communication, Patience, MS Office, Activity Design, Phonics",,,DESIGNER
HC006,Medical Laboratory Technician,HEALTHCARE,"Laboratory Techniques, PCR, Microscopy, Blood Analysis, Quality Control, LIMS",Perform diagnostic laboratory tests; Analyse specimens; Maintain equipment; Ensure quality control; Report results to clinicians,laboratory medical testing PCR blood analysis quality control diagnostics,Junior,2,LinkedIn,"['Laboratory Techniques', 'PCR', 'Microscopy', 'Blood Analysis', 'Quality Control', 'LIMS']","['laboratory', 'medical', 'testing', 'PCR', 'blood', 'analysis', 'quality', 'control', 'diagnostics']",laboratory techniques pcr microscopy blood analysis quality control lims,HEALTHCARE Medical Laboratory Technician laboratory techniques pcr microscopy blood analysis quality control lims junior 2 years,"Laboratory Techniques, PCR, Microscopy, Blood Analysis, Quality Control, LIMS",,,HR
ACC006,Management Accountant,ACCOUNTANT,"Management Accounts, Budgeting, Forecasting, Variance Analysis, CIMA, Excel, ERP",Prepare monthly management accounts; Conduct variance analysis; Support annual budgeting and forecasting; Provide financial insights to managers; Liaise with external auditors,management accounting budgeting forecasting variance analysis CIMA ERP,Mid,4,LinkedIn,"['Management Accounts', 'Budgeting', 'Forecasting', 'Variance Analysis', 'CIMA', 'Excel', 'ERP']","['management', 'accounting', 'budgeting', 'forecasting', 'variance', 'analysis', 'CIMA', 'ERP']",management accounts budgeting forecasting variance analysis cima excel erp,ACCOUNTANT Management Accountant management accounts budgeting forecasting variance analysis cima excel erp mid 4 years,"Management Accounts, Budgeting, Forecasting, Variance Analysis, CIMA, Excel, ERP",,,INFORMATION-TECHNOLOGY
AGR002,Farm Manager,AGRICULTURE,"Farm Operations, Crop Planning, Staff Management, Equipment Maintenance, Budget Management, Supply Chain, Agricultural Law, Communication",Manage farm operations; Plan crop cycles; Supervise workers; Maintain equipment; Control budget,farm manager operations crop planning staff management equipment maintenance budget supply chain agricultural law,Senior,6,Indeed,"['Farm Operations', 'Crop Planning', 'Staff Management', 'Equipment Maintenance', 'Budget Management', 'Supply Chain', 'Agricultural Law', 'Communication']","['farm manager', 'operations', 'crop planning', 'staff management', 'equipment maintenance', 'budget', 'supply chain', 'agricultural law']",farm operations crop planning staff management equipment maintenance budget management supply chain agricultural law communication,AGRICULTURE Farm Manager farm operations crop planning staff management equipment maintenance budget management supply chain agricultural law communication senior 6 years,"Farm Operations, Crop Planning, Staff Management, Equipment Maintenance, Budget Management, Supply Chain, Agricultural Law, Communication",,,HR
ADV005,Chief Legal Officer,ADVOCATE,"Corporate Law, Mergers & Acquisitions, Regulatory Compliance, Contract Negotiation, Risk Management, Leadership",Oversee legal strategy; Manage legal department; Advise board on regulatory matters; Lead M&A due diligence; Ensure compliance across jurisdictions,corporate law M&A compliance regulatory contract negotiation leadership,Senior,10,LinkedIn,"['Corporate Law', 'Mergers & Acquisitions', 'Regulatory Compliance', 'Contract Negotiation', 'Risk Management', 'Leadership']","['corporate', 'law', 'M&A', 'compliance', 'regulatory', 'contract', 'negotiation', 'leadership']",corporate law mergers & acquisitions regulatory compliance contract negotiation risk management leadership,ADVOCATE Chief Legal Officer corporate law mergers & acquisitions regulatory compliance contract negotiation risk management leadership senior 10 years,"Corporate Law, Mergers & Acquisitions, Regulatory Compliance, Contract Negotiation, Risk Management, Leadership",,,HR
APP001,Fashion Designer,APPAREL,"Sketching, Fabric Selection, Pattern Making, Adobe Illustrator, Trend Analysis, Garment Construction, CAD, Sewing, Merchandising",Design clothing lines; Select fabrics; Create patterns; Supervise production; Present collections; Conduct trend research,fashion designer sketching fabric selection pattern making adobe illustrator trend analysis garment construction cad sewing merchandising,Mid,4,FashionJobs,"['Sketching', 'Fabric Selection', 'Pattern Making', 'Adobe Illustrator', 'Trend Analysis', 'Garment Construction', 'CAD', 'Sewing', 'Merchandising']","['fashion designer', 'sketching', 'fabric selection', 'pattern making', 'adobe illustrator', 'trend analysis', 'garment construction', 'cad', 'sewing', 'merchandising']",sketching fabric selection pattern making adobe illustrator trend analysis garment construction cad sewing merchandising,APPAREL Fashion Designer sketching fabric selection pattern making adobe illustrator trend analysis garment construction cad sewing merchandising mid 4 years,"Sketching, Fabric Selection, Pattern Making, Adobe Illustrator, Trend Analysis, Garment Construction, CAD, Sewing, Merchandising",,,DESIGNER
CHF004,Commis Chef,CHEF,"Basic Culinary Techniques, Knife Skills, Food Hygiene, Mise en Place, Stock Preparation",Assist with food preparation; Maintain cleanliness and hygiene; Follow recipes accurately; Prepare mise en place; Support all sections of the kitchen,commis chef culinary food preparation hygiene mise en place kitchen,Junior,0,Indeed,"['Basic Culinary Techniques', 'Knife Skills', 'Food Hygiene', 'Mise en Place', 'Stock Preparation']","['commis', 'chef', 'culinary', 'food', 'preparation', 'hygiene', 'mise', 'en', 'place', 'kitchen']",basic culinary techniques knife skills food hygiene mise en place stock preparation,CHEF Commis Chef basic culinary techniques knife skills food hygiene mise en place stock preparation junior 0 years,"Basic Culinary Techniques, Knife Skills, Food Hygiene, Mise en Place, Stock Preparation",,,HR
AUTO002,Service Technician,AUTOMOBILE,"Vehicle Diagnostics, Engine Repair, Transmission, Electrical Systems, OBD Tools, Customer Service, Documentation, Safety Protocols",Diagnose vehicle faults; Perform repairs; Service vehicles; Advise customers; Maintain service records,service technician vehicle diagnostics engine repair transmission electrical systems obd tools customer service documentation safety,Junior,2,Naukri,"['Vehicle Diagnostics', 'Engine Repair', 'Transmission', 'Electrical Systems', 'OBD Tools', 'Customer Service', 'Documentation', 'Safety Protocols']","['service technician', 'vehicle diagnostics', 'engine repair', 'transmission', 'electrical systems', 'obd tools', 'customer service', 'documentation', 'safety']",vehicle diagnostics engine repair transmission electrical systems obd tools customer service documentation safety protocols,AUTOMOBILE Service Technician vehicle diagnostics engine repair transmission electrical systems obd tools customer service documentation safety protocols junior 2 years,"Vehicle Diagnostics, Engine Repair, Transmission, Electrical Systems, OBD Tools, Customer Service, Documentation, Safety Protocols",,,ADVOCATE
CHF003,Sous Chef,CHEF,"Kitchen Management, Culinary Techniques, Menu Development, HACCP, Team Leadership, Plating",Support executive chef in kitchen operations; Lead section chefs; Develop and test new dishes; Ensure food safety standards; Manage stock and ordering,sous chef kitchen leadership culinary menu development HACCP food safety,Mid,4,LinkedIn,"['Kitchen Management', 'Culinary Techniques', 'Menu Development', 'HACCP', 'Team Leadership', 'Plating']","['sous', 'chef', 'kitchen', 'leadership', 'culinary', 'menu', 'development', 'HACCP', 'food', 'safety']",kitchen management culinary techniques menu development haccp team leadership plating,CHEF Sous Chef kitchen management culinary techniques menu development haccp team leadership plating mid 4 years,"Kitchen Management, Culinary Techniques, Menu Development, HACCP, Team Leadership, Plating",,,TEACHER
HC004,Physical Therapist,HEALTHCARE,"Rehabilitation, Manual Therapy, Exercise Prescription, Patient Assessment, EMR, Musculoskeletal",Assess and treat patients with physical impairments; Develop rehabilitation plans; Document patient progress; Educate patients on injury prevention,physical therapy rehabilitation musculoskeletal manual therapy exercise,Mid,4,Indeed,"['Rehabilitation', 'Manual Therapy', 'Exercise Prescription', 'Patient Assessment', 'EMR', 'Musculoskeletal']","['physical', 'therapy', 'rehabilitation', 'musculoskeletal', 'manual', 'therapy', 'exercise']",rehabilitation manual therapy exercise prescription patient assessment emr musculoskeletal,HEALTHCARE Physical Therapist rehabilitation manual therapy exercise prescription patient assessment emr musculoskeletal mid 4 years,"Rehabilitation, Manual Therapy, Exercise Prescription, Patient Assessment, EMR, Musculoskeletal",,,DESIGNER
DES004,Product Designer,DESIGNER,"Figma, User Research, Prototyping, Usability Testing, Design Systems, Accessibility",Own end-to-end product design; Conduct usability studies; Build and maintain design system; Partner with engineering; Define interaction patterns,product design figma ux research usability design system interaction,Senior,6,LinkedIn,"['Figma', 'User Research', 'Prototyping', 'Usability Testing', 'Design Systems', 'Accessibility']","['product', 'design', 'figma', 'ux', 'research', 'usability', 'design', 'system', 'interaction']",figma user research prototyping usability testing design systems accessibility,DESIGNER Product Designer figma user research prototyping usability testing design systems accessibility senior 6 years,"Figma, User Research, Prototyping, Usability Testing, Design Systems, Accessibility",,,TEACHER
BD003,Partnership Manager,BUSINESS-DEVELOPMENT,"Relationship Management, Contract Negotiation, CRM, Market Analysis, Presentation Skills",Identify and develop strategic partnerships; Negotiate partnership agreements; Manage partner relationships; Track partnership KPIs; Collaborate with marketing,partnerships relationship management crm negotiation market analysis business growth,Mid,3,LinkedIn,"['Relationship Management', 'Contract Negotiation', 'CRM', 'Market Analysis', 'Presentation Skills']","['partnerships', 'relationship', 'management', 'crm', 'negotiation', 'market', 'analysis', 'business', 'growth']",relationship management contract negotiation crm market analysis presentation skills,BUSINESS-DEVELOPMENT Partnership Manager relationship management contract negotiation crm market analysis presentation skills mid 3 years,"Relationship Management, Contract Negotiation, CRM, Market Analysis, Presentation Skills",,,DESIGNER
BD006,Market Research Analyst,BUSINESS-DEVELOPMENT,"Market Analysis, Surveys, SPSS, Excel, Data Visualisation, Competitive Intelligence",Conduct primary and secondary market research; Analyse competitor landscape; Produce research reports; Present findings to leadership; Track industry trends,market research competitive intelligence analysis surveys data reporting,Junior,2,LinkedIn,"['Market Analysis', 'Surveys', 'SPSS', 'Excel', 'Data Visualisation', 'Competitive Intelligence']","['market', 'research', 'competitive', 'intelligence', 'analysis', 'surveys', 'data', 'reporting']",market analysis surveys spss excel data visualisation competitive intelligence,BUSINESS-DEVELOPMENT Market Research Analyst market analysis surveys spss excel data visualisation competitive intelligence junior 2 years,"Market Analysis, Surveys, SPSS, Excel, Data Visualisation, Competitive Intelligence",,,INFORMATION-TECHNOLOGY
TEA002,Primary School Teacher,TEACHER,"Child Development, Lesson Planning, Creative Teaching, Communication, Patience, MS Office, Activity Design, Phonics",Teach foundational subjects; Design age-appropriate activities; Monitor child development; Engage parents; Maintain records,primary teacher child development lesson planning creative communication patience ms office activity phonics,Junior,1,LinkedIn,"['Child Development', 'Lesson Planning', 'Creative Teaching', 'Communication', 'Patience', 'MS Office', 'Activity Design', 'Phonics']","['primary teacher', 'child development', 'lesson planning', 'creative', 'communication', 'patience', 'ms office', 'activity', 'phonics']",child development lesson planning creative teaching communication patience ms office activity design phonics,TEACHER Primary School Teacher child development lesson planning creative teaching communication patience ms office activity design phonics junior 1 year,"Child Development, Lesson Planning, Creative Teaching, Communication, Patience, MS Office, Activity Design, Phonics",,,DESIGNER
DES001,UI/UX Designer,DESIGNER,"Adobe XD, Figma, Sketch, Photoshop, Illustrator, CSS, HTML, Wireframing, Prototyping, User Research",Design user interfaces; Create wireframes and prototypes; Conduct user research; Collaborate with developers; Maintain design systems,ui ux design figma adobe sketch wireframe prototype user experience visual design,Mid,3,LinkedIn,"['Adobe XD', 'Figma', 'Sketch', 'Photoshop', 'Illustrator', 'CSS', 'HTML', 'Wireframing', 'Prototyping', 'User Research']","['ui', 'ux', 'design', 'figma', 'adobe', 'sketch', 'wireframe', 'prototype', 'user experience', 'visual design']",adobe xd figma sketch photoshop illustrator css html wireframing prototyping user research,DESIGNER UI/UX Designer adobe xd figma sketch photoshop illustrator css html wireframing prototyping user research mid 3 years,"Adobe XD, Figma, Sketch, Photoshop, Illustrator, CSS, HTML, Wireframing, Prototyping, User Research",,,DESIGNER
CHF003,Sous Chef,CHEF,"Kitchen Management, Culinary Techniques, Menu Development, HACCP, Team Leadership, Plating",Support executive chef in kitchen operations; Lead section chefs; Develop and test new dishes; Ensure food safety standards; Manage stock and ordering,sous chef kitchen leadership culinary menu development HACCP food safety,Mid,4,LinkedIn,"['Kitchen Management', 'Culinary Techniques', 'Menu Development', 'HACCP', 'Team Leadership', 'Plating']","['sous', 'chef', 'kitchen', 'leadership', 'culinary', 'menu', 'development', 'HACCP', 'food', 'safety']",kitchen management culinary techniques menu development haccp team leadership plating,CHEF Sous Chef kitchen management culinary techniques menu development haccp team leadership plating mid 4 years,"Kitchen Management, Culinary Techniques, Menu Development, HACCP, Team Leadership, Plating",,,INFORMATION-TECHNOLOGY
AUTO001,Automotive Engineer,AUTOMOBILE,"CAD, MATLAB, Vehicle Dynamics, Engine Design, AutoCAD, CATIA, Project Management, Mechanical Engineering, Testing & Validation",Design vehicle systems; Test components; Troubleshoot engineering issues; Collaborate with production teams; Write technical reports,automotive engineer cad matlab vehicle dynamics engine design autocad catia project management mechanical testing,Mid,4,LinkedIn,"['CAD', 'MATLAB', 'Vehicle Dynamics', 'Engine Design', 'AutoCAD', 'CATIA', 'Project Management', 'Mechanical Engineering', 'Testing & Validation']","['automotive engineer', 'cad', 'matlab', 'vehicle dynamics', 'engine design', 'autocad', 'catia', 'project management', 'mechanical engineering', 'testing']",cad matlab vehicle dynamics engine design autocad catia project management mechanical engineering testing validation,AUTOMOBILE Automotive Engineer cad matlab vehicle dynamics engine design autocad catia project management mechanical engineering testing validation mid 4 years,"CAD, MATLAB, Vehicle Dynamics, Engine Design, AutoCAD, CATIA, Project Management, Mechanical Engineering, Testing & Validation",,,HR
BD006,Market Research Analyst,BUSINESS-DEVELOPMENT,"Market Analysis, Surveys, SPSS, Excel, Data Visualisation, Competitive Intelligence",Conduct primary and secondary market research; Analyse competitor landscape; Produce research reports; Present findings to leadership; Track industry trends,market research competitive intelligence analysis surveys data reporting,Junior,2,LinkedIn,"['Market Analysis', 'Surveys', 'SPSS', 'Excel', 'Data Visualisation', 'Competitive Intelligence']","['market', 'research', 'competitive', 'intelligence', 'analysis', 'surveys', 'data', 'reporting']",market analysis surveys spss excel data visualisation competitive intelligence,BUSINESS-DEVELOPMENT Market Research Analyst market analysis surveys spss excel data visualisation competitive intelligence junior 2 years,"Market Analysis, Surveys, SPSS, Excel, Data Visualisation, Competitive Intelligence",,,INFORMATION-TECHNOLOGY
PR003,Communications Specialist,PUBLIC-RELATIONS,"Corporate Communications, Press Releases, Media Relations, Crisis Communications, Copywriting",Draft press releases and media statements; Build and maintain media relationships; Monitor news coverage; Support crisis communications; Develop internal communications,communications media relations press release crisis copywriting corporate,Mid,3,LinkedIn,"['Corporate Communications', 'Press Releases', 'Media Relations', 'Crisis Communications', 'Copywriting']","['communications', 'media', 'relations', 'press', 'release', 'crisis', 'copywriting', 'corporate']",corporate communications press releases media relations crisis communications copywriting,PUBLIC-RELATIONS Communications Specialist corporate communications press releases media relations crisis communications copywriting mid 3 years,"Corporate Communications, Press Releases, Media Relations, Crisis Communications, Copywriting",,,DESIGNER
CON_S004,Building Information Modelling (BIM) Coordinator,CONSTRUCTION,"Revit, Navisworks, BIM Standards, AutoCAD, Clash Detection, ISO 19650",Manage BIM processes on construction projects; Coordinate clash detection; Maintain BIM execution plan; Liaise with design and construction teams; Ensure ISO 19650 compliance,BIM revit navisworks clash detection ISO 19650 construction digital,Mid,3,Indeed,"['Revit', 'Navisworks', 'BIM Standards', 'AutoCAD', 'Clash Detection', 'ISO 19650']","['BIM', 'revit', 'navisworks', 'clash', 'detection', 'ISO', '19650', 'construction', 'digital']",revit navisworks bim standards autocad clash detection iso 19650,CONSTRUCTION Building Information Modelling (BIM) Coordinator revit navisworks bim standards autocad clash detection iso 19650 mid 3 years,"Revit, Navisworks, BIM Standards, AutoCAD, Clash Detection, ISO 19650",,,TEACHER
ENG006,Process Engineer,ENGINEERING,"Process Optimisation, Six Sigma, Chemical Engineering, HAZOP, AutoCAD, Lean Manufacturing",Analyse and improve manufacturing processes; Conduct HAZOP studies; Identify waste and inefficiency; Implement lean methodologies; Collaborate with operations,process engineering optimisation six sigma HAZOP lean manufacturing chemical,Mid,3,LinkedIn,"['Process Optimisation', 'Six Sigma', 'Chemical Engineering', 'HAZOP', 'AutoCAD', 'Lean Manufacturing']","['process', 'engineering', 'optimisation', 'six', 'sigma', 'HAZOP', 'lean', 'manufacturing', 'chemical']",process optimisation six sigma chemical engineering hazop autocad lean manufacturing,ENGINEERING Process Engineer process optimisation six sigma chemical engineering hazop autocad lean manufacturing mid 3 years,"Process Optimisation, Six Sigma, Chemical Engineering, HAZOP, AutoCAD, Lean Manufacturing",,,HR
SAL006,Inside Sales Representative,SALES,"Telephone Sales, CRM, Objection Handling, Lead Qualification, Product Demo, Quota Management",Manage inbound leads and convert to customers; Conduct product demonstrations; Handle objections; Maintain CRM; Consistently hit monthly quotas,inside sales telephone CRM demos lead qualification quota,Junior,2,LinkedIn,"['Telephone Sales', 'CRM', 'Objection Handling', 'Lead Qualification', 'Product Demo', 'Quota Management']","['inside', 'sales', 'telephone', 'CRM', 'demos', 'lead', 'qualification', 'quota']",telephone sales crm objection handling lead qualification product demo quota management,SALES Inside Sales Representative telephone sales crm objection handling lead qualification product demo quota management junior 2 years,"Telephone Sales, CRM, Objection Handling, Lead Qualification, Product Demo, Quota Management",,,TEACHER
HR005,Compensation and Benefits Manager,HR,"Compensation Design, Benefits Benchmarking, Job Evaluation, Payroll, HRIS, Reward Strategy",Design and manage compensation frameworks; Conduct market benchmarking; Manage annual pay review; Oversee benefits programmes; Ensure regulatory compliance,compensation benefits reward benchmarking job evaluation payroll HRIS,Mid,5,Indeed,"['Compensation Design', 'Benefits Benchmarking', 'Job Evaluation', 'Payroll', 'HRIS', 'Reward Strategy']","['compensation', 'benefits', 'reward', 'benchmarking', 'job', 'evaluation', 'payroll', 'HRIS']",compensation design benefits benchmarking job evaluation payroll hris reward strategy,HR Compensation and Benefits Manager compensation design benefits benchmarking job evaluation payroll hris reward strategy mid 5 years,"Compensation Design, Benefits Benchmarking, Job Evaluation, Payroll, HRIS, Reward Strategy",,,HR
DM006,Social Media Coordinator,DIGITAL-MEDIA,"Social Media, Content Creation, Canva, Scheduling Tools, Community Management, Copywriting",Create and schedule social media content; Engage with online community; Track social analytics; Support campaigns; Report on performance metrics,social media content creation community management copywriting analytics,Junior,1,LinkedIn,"['Social Media', 'Content Creation', 'Canva', 'Scheduling Tools', 'Community Management', 'Copywriting']","['social', 'media', 'content', 'creation', 'community', 'management', 'copywriting', 'analytics']",social media content creation canva scheduling tools community management copywriting,DIGITAL-MEDIA Social Media Coordinator social media content creation canva scheduling tools community management copywriting junior 1 year,"Social Media, Content Creation, Canva, Scheduling Tools, Community Management, Copywriting",,,INFORMATION-TECHNOLOGY
HR005,Compensation and Benefits Manager,HR,"Compensation Design, Benefits Benchmarking, Job Evaluation, Payroll, HRIS, Reward Strategy",Design and manage compensation frameworks; Conduct market benchmarking; Manage annual pay review; Oversee benefits programmes; Ensure regulatory compliance,compensation benefits reward benchmarking job evaluation payroll HRIS,Mid,5,Indeed,"['Compensation Design', 'Benefits Benchmarking', 'Job Evaluation', 'Payroll', 'HRIS', 'Reward Strategy']","['compensation', 'benefits', 'reward', 'benchmarking', 'job', 'evaluation', 'payroll', 'HRIS']",compensation design benefits benchmarking job evaluation payroll hris reward strategy,HR Compensation and Benefits Manager compensation design benefits benchmarking job evaluation payroll hris reward strategy mid 5 years,"Compensation Design, Benefits Benchmarking, Job Evaluation, Payroll, HRIS, Reward Strategy",,,TEACHER
FIT003,Group Fitness Instructor,FITNESS,"Class Instruction, Exercise Programming, CPR/AED, Motivation, Nutrition Basics, Yoga/Pilates",Lead group exercise sessions; Design varied class programmes; Motivate participants; Ensure safety during workouts; Track participant progress,group fitness instruction exercise class motivation safety yoga pilates,Junior,1,Indeed,"['Class Instruction', 'Exercise Programming', 'CPR/AED', 'Motivation', 'Nutrition Basics', 'Yoga/Pilates']","['group', 'fitness', 'instruction', 'exercise', 'class', 'motivation', 'safety', 'yoga', 'pilates']",class instruction exercise programming cpr/aed motivation nutrition basics yoga/pilates,FITNESS Group Fitness Instructor class instruction exercise programming cpr/aed motivation nutrition basics yoga/pilates junior 1 year,"Class Instruction, Exercise Programming, CPR/AED, Motivation, Nutrition Basics, Yoga/Pilates",,,INFORMATION-TECHNOLOGY
ART001,Fine Artist,ARTS,"Oil Painting, Watercolor, Sculpture, Sketching, Composition, Art History, Exhibition Management, Digital Art, Adobe Photoshop",Create original artwork; Participate in exhibitions; Collaborate with galleries; Teach art workshops; Develop personal style,fine artist oil painting watercolor sculpture sketching composition art history exhibition digital art photoshop,Mid,3,Arts Council,"['Oil Painting', 'Watercolor', 'Sculpture', 'Sketching', 'Composition', 'Art History', 'Exhibition Management', 'Digital Art', 'Adobe Photoshop']","['fine artist', 'oil painting', 'watercolor', 'sculpture', 'sketching', 'composition', 'art history', 'exhibition', 'digital art', 'photoshop']",oil painting watercolor sculpture sketching composition art history exhibition management digital art adobe photoshop,ARTS Fine Artist oil painting watercolor sculpture sketching composition art history exhibition management digital art adobe photoshop mid 3 years,"Oil Painting, Watercolor, Sculpture, Sketching, Composition, Art History, Exhibition Management, Digital Art, Adobe Photoshop",,,INFORMATION-TECHNOLOGY
BD003,Partnership Manager,BUSINESS-DEVELOPMENT,"Relationship Management, Contract Negotiation, CRM, Market Analysis, Presentation Skills",Identify and develop strategic partnerships; Negotiate partnership agreements; Manage partner relationships; Track partnership KPIs; Collaborate with marketing,partnerships relationship management crm negotiation market analysis business growth,Mid,3,LinkedIn,"['Relationship Management', 'Contract Negotiation', 'CRM', 'Market Analysis', 'Presentation Skills']","['partnerships', 'relationship', 'management', 'crm', 'negotiation', 'market', 'analysis', 'business', 'growth']",relationship management contract negotiation crm market analysis presentation skills,BUSINESS-DEVELOPMENT Partnership Manager relationship management contract negotiation crm market analysis presentation skills mid 3 years,"Relationship Management, Contract Negotiation, CRM, Market Analysis, Presentation Skills",,,TEACHER
CON003,Strategy Consultant,CONSULTANT,"Strategic Analysis, Business Case Development, Stakeholder Management, PowerPoint, Financial Modelling",Conduct strategic assessments; Develop business cases; Facilitate client workshops; Present recommendations to senior leadership; Support implementation,strategy consulting analysis business case financial modelling stakeholder,Mid,4,LinkedIn,"['Strategic Analysis', 'Business Case Development', 'Stakeholder Management', 'PowerPoint', 'Financial Modelling']","['strategy', 'consulting', 'analysis', 'business', 'case', 'financial', 'modelling', 'stakeholder']",strategic analysis business case development stakeholder management powerpoint financial modelling,CONSULTANT Strategy Consultant strategic analysis business case development stakeholder management powerpoint financial modelling mid 4 years,"Strategic Analysis, Business Case Development, Stakeholder Management, PowerPoint, Financial Modelling",,,TEACHER
TEA004,University Lecturer,TEACHER,"Research, Curriculum Design, Academic Writing, LMS, Assessment Design, Mentoring",Deliver lectures and seminars; Design course curriculum; Conduct and publish research; Supervise postgraduate students; Contribute to departmental governance,higher education lecturing curriculum research academic mentoring,Senior,7,LinkedIn,"['Research', 'Curriculum Design', 'Academic Writing', 'LMS', 'Assessment Design', 'Mentoring']","['higher', 'education', 'lecturing', 'curriculum', 'research', 'academic', 'mentoring']",research curriculum design academic writing lms assessment design mentoring,TEACHER University Lecturer research curriculum design academic writing lms assessment design mentoring senior 7 years,"Research, Curriculum Design, Academic Writing, LMS, Assessment Design, Mentoring",,,TEACHER
HR005,Compensation and Benefits Manager,HR,"Compensation Design, Benefits Benchmarking, Job Evaluation, Payroll, HRIS, Reward Strategy",Design and manage compensation frameworks; Conduct market benchmarking; Manage annual pay review; Oversee benefits programmes; Ensure regulatory compliance,compensation benefits reward benchmarking job evaluation payroll HRIS,Mid,5,Indeed,"['Compensation Design', 'Benefits Benchmarking', 'Job Evaluation', 'Payroll', 'HRIS', 'Reward Strategy']","['compensation', 'benefits', 'reward', 'benchmarking', 'job', 'evaluation', 'payroll', 'HRIS']",compensation design benefits benchmarking job evaluation payroll hris reward strategy,HR Compensation and Benefits Manager compensation design benefits benchmarking job evaluation payroll hris reward strategy mid 5 years,"Compensation Design, Benefits Benchmarking, Job Evaluation, Payroll, HRIS, Reward Strategy",,,DESIGNER
CHF002,Pastry Chef,CHEF,"Baking, Pastry Arts, Chocolate Work, Cake Decorating, Recipe Development, Food Safety, Plating, Creativity, Inventory Management",Create pastry and dessert menus; Bake and decorate items; Manage pastry section; Train staff; Ensure quality standards,pastry chef baking pastry arts chocolate cake decorating recipe development food safety plating creativity inventory,Mid,4,Indeed,"['Baking', 'Pastry Arts', 'Chocolate Work', 'Cake Decorating', 'Recipe Development', 'Food Safety', 'Plating', 'Creativity', 'Inventory Management']","['pastry chef', 'baking', 'pastry arts', 'chocolate', 'cake decorating', 'recipe development', 'food safety', 'plating', 'creativity', 'inventory']",baking pastry arts chocolate work cake decorating recipe development food safety plating creativity inventory management,CHEF Pastry Chef baking pastry arts chocolate work cake decorating recipe development food safety plating creativity inventory management mid 4 years,"Baking, Pastry Arts, Chocolate Work, Cake Decorating, Recipe Development, Food Safety, Plating, Creativity, Inventory Management",,,INFORMATION-TECHNOLOGY
ENG004,Graduate Engineer,ENGINEERING,"Engineering Fundamentals, AutoCAD, MATLAB, Problem Solving, Technical Report Writing, Teamwork",Support senior engineers on projects; Conduct design calculations; Prepare technical documentation; Assist in site inspections; Learn and apply engineering standards,graduate engineer design calculations technical documentation engineering standards,Junior,0,Indeed,"['Engineering Fundamentals', 'AutoCAD', 'MATLAB', 'Problem Solving', 'Technical Report Writing', 'Teamwork']","['graduate', 'engineer', 'design', 'calculations', 'technical', 'documentation', 'engineering', 'standards']",engineering fundamentals autocad matlab problem solving technical report writing teamwork,ENGINEERING Graduate Engineer engineering fundamentals autocad matlab problem solving technical report writing teamwork junior 0 years,"Engineering Fundamentals, AutoCAD, MATLAB, Problem Solving, Technical Report Writing, Teamwork",,,DESIGNER
FIN005,CFO,FINANCE,"Financial Strategy, IFRS, M&A, Investor Relations, P&L, Capital Markets, Leadership",Lead financial strategy and planning; Manage investor relations; Oversee financial reporting; Drive M&A transactions; Ensure regulatory compliance,CFO financial strategy IFRS M&A investor relations capital markets leadership,Senior,15,LinkedIn,"['Financial Strategy', 'IFRS', 'M&A', 'Investor Relations', 'P&L', 'Capital Markets', 'Leadership']","['CFO', 'financial', 'strategy', 'IFRS', 'M&A', 'investor', 'relations', 'capital', 'markets', 'leadership']",financial strategy ifrs m&a investor relations p&l capital markets leadership,FINANCE CFO financial strategy ifrs m&a investor relations p&l capital markets leadership senior 15 years,"Financial Strategy, IFRS, M&A, Investor Relations, P&L, Capital Markets, Leadership",,,TEACHER
AVI003,Air Traffic Controller,AVIATION,"ATC Operations, Radar Systems, Communication, Decision Making, ICAO Standards, Emergency Procedures",Direct aircraft movements in controlled airspace; Coordinate with pilots and other controllers; Apply ICAO separation standards; Handle emergency situations; Maintain logs,air traffic control ATC radar ICAO communication airspace safety,Mid,3,LinkedIn,"['ATC Operations', 'Radar Systems', 'Communication', 'Decision Making', 'ICAO Standards', 'Emergency Procedures']","['air', 'traffic', 'control', 'ATC', 'radar', 'ICAO', 'communication', 'airspace', 'safety']",atc operations radar systems communication decision making icao standards emergency procedures,AVIATION Air Traffic Controller atc operations radar systems communication decision making icao standards emergency procedures mid 3 years,"ATC Operations, Radar Systems, Communication, Decision Making, ICAO Standards, Emergency Procedures",,,DESIGNER
BD004,Sales Development Representative,BUSINESS-DEVELOPMENT,"Lead Generation, Cold Calling, CRM, Email Outreach, LinkedIn Sales Navigator, Objection Handling",Generate and qualify new sales leads; Conduct outreach via phone and email; Book discovery meetings; Maintain CRM data; Collaborate with account executives,sales development lead generation CRM outreach prospecting sdR,Junior,1,Indeed,"['Lead Generation', 'Cold Calling', 'CRM', 'Email Outreach', 'LinkedIn Sales Navigator', 'Objection Handling']","['sales', 'development', 'lead', 'generation', 'CRM', 'outreach', 'prospecting', 'sdR']",lead generation cold calling crm email outreach linkedin sales navigator objection handling,BUSINESS-DEVELOPMENT Sales Development Representative lead generation cold calling crm email outreach linkedin sales navigator objection handling junior 1 year,"Lead Generation, Cold Calling, CRM, Email Outreach, LinkedIn Sales Navigator, Objection Handling",,,DESIGNER
CON_S002,Site Engineer,CONSTRUCTION,"Site Supervision, AutoCAD, Structural Drawing, Quality Control, Safety, MS Office, Survey Equipment, Material Management",Supervise site activities; Interpret drawings; Ensure quality; Monitor safety; Manage materials; Report progress,site engineer supervision autocad structural drawing quality control safety ms office survey equipment material management,Junior,2,Naukri,"['Site Supervision', 'AutoCAD', 'Structural Drawing', 'Quality Control', 'Safety', 'MS Office', 'Survey Equipment', 'Material Management']","['site engineer', 'supervision', 'autocad', 'structural drawing', 'quality control', 'safety', 'ms office', 'survey equipment', 'material management']",site supervision autocad structural drawing quality control safety ms office survey equipment material management,CONSTRUCTION Site Engineer site supervision autocad structural drawing quality control safety ms office survey equipment material management junior 2 years,"Site Supervision, AutoCAD, Structural Drawing, Quality Control, Safety, MS Office, Survey Equipment, Material Management",,,HR
ACC001,Chartered Accountant,ACCOUNTANT,"Financial Reporting, Taxation, Auditing, GAAP, Tally, SAP, Excel, GST, Compliance, Financial Analysis",Prepare financial statements; Conduct audits; Manage tax filings; Ensure compliance; Advise on financial matters,chartered accountant financial reporting taxation auditing gaap tally sap excel gst compliance financial analysis,Senior,6,Naukri,"['Financial Reporting', 'Taxation', 'Auditing', 'GAAP', 'Tally', 'SAP', 'Excel', 'GST', 'Compliance', 'Financial Analysis']","['chartered accountant', 'financial reporting', 'taxation', 'auditing', 'gaap', 'tally', 'sap', 'excel', 'gst', 'compliance', 'financial analysis']",financial reporting taxation auditing gaap tally sap excel gst compliance financial analysis,ACCOUNTANT Chartered Accountant financial reporting taxation auditing gaap tally sap excel gst compliance financial analysis senior 6 years,"Financial Reporting, Taxation, Auditing, GAAP, Tally, SAP, Excel, GST, Compliance, Financial Analysis",,,INFORMATION-TECHNOLOGY
CON002,IT Consultant,CONSULTANT,"Systems Analysis, IT Strategy, Cloud Solutions, Project Management, ITIL, Cybersecurity, Communication, Vendor Management, SQL",Assess IT infrastructure; Recommend solutions; Manage implementations; Advise on IT strategy; Support digital transformation,it consultant systems analysis it strategy cloud solutions project management itil cybersecurity vendor management sql,Senior,6,Naukri,"['Systems Analysis', 'IT Strategy', 'Cloud Solutions', 'Project Management', 'ITIL', 'Cybersecurity', 'Communication', 'Vendor Management', 'SQL']","['it consultant', 'systems analysis', 'it strategy', 'cloud solutions', 'project management', 'itil', 'cybersecurity', 'vendor management', 'sql']",systems analysis it strategy cloud solutions project management itil cybersecurity communication vendor management sql,CONSULTANT IT Consultant systems analysis it strategy cloud solutions project management itil cybersecurity communication vendor management sql senior 6 years,"Systems Analysis, IT Strategy, Cloud Solutions, Project Management, ITIL, Cybersecurity, Communication, Vendor Management, SQL",,,DESIGNER
HR001,HR Business Partner,HR,"Employee Relations, HR Strategy, Talent Management, Organisational Design, Coaching, Employment Law",Partner with business leaders to align HR strategy; Manage complex employee relations cases; Support organisational design; Drive talent programmes; Ensure policy compliance,HR business partner employee relations talent management organisational design coaching,Senior,7,LinkedIn,"['Employee Relations', 'HR Strategy', 'Talent Management', 'Organisational Design', 'Coaching', 'Employment Law']","['HR', 'business', 'partner', 'employee', 'relations', 'talent', 'management', 'organisational', 'design', 'coaching']",employee relations hr strategy talent management organisational design coaching employment law,HR HR Business Partner employee relations hr strategy talent management organisational design coaching employment law senior 7 years,"Employee Relations, HR Strategy, Talent Management, Organisational Design, Coaching, Employment Law",,,TEACHER
PR005,VP of Communications,PUBLIC-RELATIONS,"Communications Strategy, Executive Communications, Crisis Management, Brand Reputation, Leadership",Own company communications strategy; Manage corporate reputation; Lead crisis communications; Advise C-suite on messaging; Manage communications team,VP communications strategy crisis brand reputation executive leadership,Senior,10,LinkedIn,"['Communications Strategy', 'Executive Communications', 'Crisis Management', 'Brand Reputation', 'Leadership']","['VP', 'communications', 'strategy', 'crisis', 'brand', 'reputation', 'executive', 'leadership']",communications strategy executive communications crisis management brand reputation leadership,PUBLIC-RELATIONS VP of Communications communications strategy executive communications crisis management brand reputation leadership senior 10 years,"Communications Strategy, Executive Communications, Crisis Management, Brand Reputation, Leadership",,,TEACHER
AVI005,Director of Flight Operations,AVIATION,"Flight Operations, EASA/FAA Regulations, Fleet Management, Strategic Planning, Leadership, AOC Compliance",Oversee all flight operations; Ensure regulatory compliance; Manage fleet and crew resources; Drive operational efficiency; Report to airline board,flight operations director EASA FAA fleet management leadership AOC strategic,Senior,12,LinkedIn,"['Flight Operations', 'EASA/FAA Regulations', 'Fleet Management', 'Strategic Planning', 'Leadership', 'AOC Compliance']","['flight', 'operations', 'director', 'EASA', 'FAA', 'fleet', 'management', 'leadership', 'AOC', 'strategic']",flight operations easa/faa regulations fleet management strategic planning leadership aoc compliance,AVIATION Director of Flight Operations flight operations easa/faa regulations fleet management strategic planning leadership aoc compliance senior 12 years,"Flight Operations, EASA/FAA Regulations, Fleet Management, Strategic Planning, Leadership, AOC Compliance",,,HR
BNK006,Anti-Money Laundering Analyst,BANKING,"AML, KYC, Transaction Monitoring, Regulatory Compliance, FATF, Investigation, SAR Filing",Monitor transactions for suspicious activity; Conduct KYC and CDD reviews; Prepare SARs; Ensure compliance with AML regulations; Liaise with regulators,AML KYC compliance transaction monitoring SAR regulatory investigation FATF,Mid,3,LinkedIn,"['AML', 'KYC', 'Transaction Monitoring', 'Regulatory Compliance', 'FATF', 'Investigation', 'SAR Filing']","['AML', 'KYC', 'compliance', 'transaction', 'monitoring', 'SAR', 'regulatory', 'investigation', 'FATF']",aml kyc transaction monitoring regulatory compliance fatf investigation sar filing,BANKING Anti-Money Laundering Analyst aml kyc transaction monitoring regulatory compliance fatf investigation sar filing mid 3 years,"AML, KYC, Transaction Monitoring, Regulatory Compliance, FATF, Investigation, SAR Filing",,,ADVOCATE
AVI004,Aviation Safety Officer,AVIATION,"Safety Management Systems, ICAO Annex 19, Risk Assessment, Incident Investigation, Regulatory Compliance",Implement safety management systems; Investigate incidents and accidents; Conduct safety audits; Report to civil aviation authority; Develop safety training,aviation safety SMS ICAO risk assessment incident investigation compliance,Mid,4,Indeed,"['Safety Management Systems', 'ICAO Annex 19', 'Risk Assessment', 'Incident Investigation', 'Regulatory Compliance']","['aviation', 'safety', 'SMS', 'ICAO', 'risk', 'assessment', 'incident', 'investigation', 'compliance']",safety management systems icao annex 19 risk assessment incident investigation regulatory compliance,AVIATION Aviation Safety Officer safety management systems icao annex 19 risk assessment incident investigation regulatory compliance mid 4 years,"Safety Management Systems, ICAO Annex 19, Risk Assessment, Incident Investigation, Regulatory Compliance",,,INFORMATION-TECHNOLOGY
TEA004,University Lecturer,TEACHER,"Research, Curriculum Design, Academic Writing, LMS, Assessment Design, Mentoring",Deliver lectures and seminars; Design course curriculum; Conduct and publish research; Supervise postgraduate students; Contribute to departmental governance,higher education lecturing curriculum research academic mentoring,Senior,7,LinkedIn,"['Research', 'Curriculum Design', 'Academic Writing', 'LMS', 'Assessment Design', 'Mentoring']","['higher', 'education', 'lecturing', 'curriculum', 'research', 'academic', 'mentoring']",research curriculum design academic writing lms assessment design mentoring,TEACHER University Lecturer research curriculum design academic writing lms assessment design mentoring senior 7 years,"Research, Curriculum Design, Academic Writing, LMS, Assessment Design, Mentoring",,,INFORMATION-TECHNOLOGY
DES002,Graphic Designer,DESIGNER,"Adobe Creative Suite, Typography, Branding, Print Design, Logo Design, Illustration, InDesign, Corel Draw",Create visual content; Develop brand identities; Design print and digital materials; Present design concepts to clients,graphic design branding typography logo print digital creative suite illustrator,Junior,1,Indeed,"['Adobe Creative Suite', 'Typography', 'Branding', 'Print Design', 'Logo Design', 'Illustration', 'InDesign', 'Corel Draw']","['graphic design', 'branding', 'typography', 'logo', 'print', 'digital', 'creative suite', 'illustrator']",adobe creative suite typography branding print design logo design illustration indesign corel draw,DESIGNER Graphic Designer adobe creative suite typography branding print design logo design illustration indesign corel draw junior 1 year,"Adobe Creative Suite, Typography, Branding, Print Design, Logo Design, Illustration, InDesign, Corel Draw",,,ADVOCATE
CON001,Management Consultant,CONSULTANT,"Business Analysis, Strategy, Problem Solving, Data Analysis, Excel, PowerPoint, Stakeholder Management, Project Management, Consulting Frameworks",Advise clients on business strategy; Conduct research; Develop recommendations; Present findings; Manage project timelines,management consultant business analysis strategy problem solving data analysis excel powerpoint stakeholder project management,Mid,4,LinkedIn,"['Business Analysis', 'Strategy', 'Problem Solving', 'Data Analysis', 'Excel', 'PowerPoint', 'Stakeholder Management', 'Project Management', 'Consulting Frameworks']","['management consultant', 'business analysis', 'strategy', 'problem solving', 'data analysis', 'excel', 'powerpoint', 'stakeholder', 'project management']",business analysis strategy problem solving data analysis excel powerpoint stakeholder management project management consulting frameworks,CONSULTANT Management Consultant business analysis strategy problem solving data analysis excel powerpoint stakeholder management project management consulting frameworks mid 4 years,"Business Analysis, Strategy, Problem Solving, Data Analysis, Excel, PowerPoint, Stakeholder Management, Project Management, Consulting Frameworks",,,INFORMATION-TECHNOLOGY
BNK002,Credit Analyst,BANKING,"Credit Assessment, Financial Modeling, Risk Analysis, Excel, Bloomberg, Loan Structuring, Regulatory Compliance, Report Writing, Communication",Assess creditworthiness; Analyze financial statements; Prepare credit reports; Monitor loan portfolios; Ensure compliance,credit analyst credit assessment financial modeling risk analysis excel bloomberg loan structuring regulatory compliance report writing,Mid,3,Naukri,"['Credit Assessment', 'Financial Modeling', 'Risk Analysis', 'Excel', 'Bloomberg', 'Loan Structuring', 'Regulatory Compliance', 'Report Writing', 'Communication']","['credit analyst', 'credit assessment', 'financial modeling', 'risk analysis', 'excel', 'bloomberg', 'loan structuring', 'regulatory compliance', 'report writing']",credit assessment financial modeling risk analysis excel bloomberg loan structuring regulatory compliance report writing communication,BANKING Credit Analyst credit assessment financial modeling risk analysis excel bloomberg loan structuring regulatory compliance report writing communication mid 3 years,"Credit Assessment, Financial Modeling, Risk Analysis, Excel, Bloomberg, Loan Structuring, Regulatory Compliance, Report Writing, Communication",,,ADVOCATE
ENG001,Mechanical Engineer,ENGINEERING,"CAD, SolidWorks, ANSYS, FEA, Thermodynamics, Manufacturing Processes, AutoCAD, MATLAB, Project Management, GD&T",Design mechanical components; Perform simulations; Supervise manufacturing; Write technical reports; Optimize designs,mechanical engineer cad solidworks ansys fea thermodynamics manufacturing autocad matlab project management gdt,Mid,4,LinkedIn,"['CAD', 'SolidWorks', 'ANSYS', 'FEA', 'Thermodynamics', 'Manufacturing Processes', 'AutoCAD', 'MATLAB', 'Project Management', 'GD&T']","['mechanical engineer', 'cad', 'solidworks', 'ansys', 'fea', 'thermodynamics', 'manufacturing', 'autocad', 'matlab', 'project management', 'gdt']",cad solidworks ansys fea thermodynamics manufacturing processes autocad matlab project management gdt,ENGINEERING Mechanical Engineer cad solidworks ansys fea thermodynamics manufacturing processes autocad matlab project management gdt mid 4 years,"CAD, SolidWorks, ANSYS, FEA, Thermodynamics, Manufacturing Processes, AutoCAD, MATLAB, Project Management, GD&T",,,INFORMATION-TECHNOLOGY
PR004,PR Assistant,PUBLIC-RELATIONS,"Media Monitoring, Press Release Drafting, Social Media, Research, MS Office",Monitor media coverage; Assist with press release drafting; Maintain media contact lists; Support events coordination; Conduct background research,PR assistant media monitoring press release social media research,Junior,0,Indeed,"['Media Monitoring', 'Press Release Drafting', 'Social Media', 'Research', 'MS Office']","['PR', 'assistant', 'media', 'monitoring', 'press', 'release', 'social', 'media', 'research']",media monitoring press release drafting social media research ms office,PUBLIC-RELATIONS PR Assistant media monitoring press release drafting social media research ms office junior 0 years,"Media Monitoring, Press Release Drafting, Social Media, Research, MS Office",,,TEACHER
BD001,Business Development Manager,BUSINESS-DEVELOPMENT,"Sales Strategy, CRM, Negotiation, Market Research, Lead Generation, Presentation, Networking, Excel, Salesforce",Identify new business opportunities; Build client relationships; Develop growth strategies; Negotiate partnerships; Achieve revenue targets,business development sales strategy crm negotiation market research lead generation presentation networking excel salesforce,Senior,6,LinkedIn,"['Sales Strategy', 'CRM', 'Negotiation', 'Market Research', 'Lead Generation', 'Presentation', 'Networking', 'Excel', 'Salesforce']","['business development', 'sales strategy', 'crm', 'negotiation', 'market research', 'lead generation', 'presentation', 'networking', 'salesforce']",sales strategy crm negotiation market research lead generation presentation networking excel salesforce,BUSINESS-DEVELOPMENT Business Development Manager sales strategy crm negotiation market research lead generation presentation networking excel salesforce senior 6 years,"Sales Strategy, CRM, Negotiation, Market Research, Lead Generation, Presentation, Networking, Excel, Salesforce",,,DESIGNER
ENG005,Engineering Director,ENGINEERING,"Technical Leadership, P&L, Project Management, Stakeholder Management, Systems Engineering, Innovation",Lead engineering department; Own technical roadmap; Manage cross-functional teams; Drive innovation initiatives; Ensure delivery of major projects on time and budget,engineering director leadership technical roadmap project management innovation P&L,Senior,12,LinkedIn,"['Technical Leadership', 'P&L', 'Project Management', 'Stakeholder Management', 'Systems Engineering', 'Innovation']","['engineering', 'director', 'leadership', 'technical', 'roadmap', 'project', 'management', 'innovation', 'P&L']",technical leadership p&l project management stakeholder management systems engineering innovation,ENGINEERING Engineering Director technical leadership p&l project management stakeholder management systems engineering innovation senior 12 years,"Technical Leadership, P&L, Project Management, Stakeholder Management, Systems Engineering, Innovation",,,ADVOCATE
IT003,DevOps Engineer,INFORMATION-TECHNOLOGY,"Docker, Kubernetes, CI/CD, Terraform, AWS, Linux, Python, Monitoring",Manage cloud infrastructure; Build and maintain CI/CD pipelines; Automate deployments; Monitor system health; Implement security best practices,devops docker kubernetes aws terraform cicd linux automation infrastructure,Mid,4,LinkedIn,"['Docker', 'Kubernetes', 'CI/CD', 'Terraform', 'AWS', 'Linux', 'Python', 'Monitoring']","['devops', 'docker', 'kubernetes', 'aws', 'terraform', 'cicd', 'linux', 'automation', 'infrastructure']",docker kubernetes ci/cd terraform aws linux python monitoring,INFORMATION-TECHNOLOGY DevOps Engineer docker kubernetes ci/cd terraform aws linux python monitoring mid 4 years,"Docker, Kubernetes, CI/CD, Terraform, AWS, Linux, Python, Monitoring",,,HR
BPO003,Quality Analyst,BPO,"Call Monitoring, Quality Frameworks, MS Excel, Feedback Coaching, Reporting, Attention to Detail",Monitor and evaluate agent interactions; Provide calibration and coaching; Produce quality reports; Identify process improvement opportunities; Maintain QA documentation,quality assurance BPO call monitoring coaching reporting process improvement,Mid,3,Indeed,"['Call Monitoring', 'Quality Frameworks', 'MS Excel', 'Feedback Coaching', 'Reporting', 'Attention to Detail']","['quality', 'assurance', 'BPO', 'call', 'monitoring', 'coaching', 'reporting', 'process', 'improvement']",call monitoring quality frameworks ms excel feedback coaching reporting attention to detail,BPO Quality Analyst call monitoring quality frameworks ms excel feedback coaching reporting attention to detail mid 3 years,"Call Monitoring, Quality Frameworks, MS Excel, Feedback Coaching, Reporting, Attention to Detail",,,TEACHER
HR003,HR Coordinator,HR,"HRIS, Onboarding, Employee Records, Payroll Support, Benefits Administration, Communication",Coordinate onboarding for new hires; Maintain employee records in HRIS; Support payroll processing; Administer employee benefits; Respond to HR queries,HR coordinator onboarding HRIS payroll benefits employee records administration,Junior,1,Indeed,"['HRIS', 'Onboarding', 'Employee Records', 'Payroll Support', 'Benefits Administration', 'Communication']","['HR', 'coordinator', 'onboarding', 'HRIS', 'payroll', 'benefits', 'employee', 'records', 'administration']",hris onboarding employee records payroll support benefits administration communication,HR HR Coordinator hris onboarding employee records payroll support benefits administration communication junior 1 year,"HRIS, Onboarding, Employee Records, Payroll Support, Benefits Administration, Communication",,,ADVOCATE
APP001,Fashion Designer,APPAREL,"Sketching, Fabric Selection, Pattern Making, Adobe Illustrator, Trend Analysis, Garment Construction, CAD, Sewing, Merchandising",Design clothing lines; Select fabrics; Create patterns; Supervise production; Present collections; Conduct trend research,fashion designer sketching fabric selection pattern making adobe illustrator trend analysis garment construction cad sewing merchandising,Mid,4,FashionJobs,"['Sketching', 'Fabric Selection', 'Pattern Making', 'Adobe Illustrator', 'Trend Analysis', 'Garment Construction', 'CAD', 'Sewing', 'Merchandising']","['fashion designer', 'sketching', 'fabric selection', 'pattern making', 'adobe illustrator', 'trend analysis', 'garment construction', 'cad', 'sewing', 'merchandising']",sketching fabric selection pattern making adobe illustrator trend analysis garment construction cad sewing merchandising,APPAREL Fashion Designer sketching fabric selection pattern making adobe illustrator trend analysis garment construction cad sewing merchandising mid 4 years,"Sketching, Fabric Selection, Pattern Making, Adobe Illustrator, Trend Analysis, Garment Construction, CAD, Sewing, Merchandising",,,TEACHER
BNK003,Investment Analyst,BANKING,"Financial Modelling, DCF Valuation, Equity Research, Bloomberg, CFA, Excel",Conduct equity research; Build financial models; Write investment reports; Present investment thesis; Monitor portfolio companies,investment analysis equity research financial modelling DCF Bloomberg CFA,Junior,2,LinkedIn,"['Financial Modelling', 'DCF Valuation', 'Equity Research', 'Bloomberg', 'CFA', 'Excel']","['investment', 'analysis', 'equity', 'research', 'financial', 'modelling', 'DCF', 'Bloomberg', 'CFA']",financial modelling dcf valuation equity research bloomberg cfa excel,BANKING Investment Analyst financial modelling dcf valuation equity research bloomberg cfa excel junior 2 years,"Financial Modelling, DCF Valuation, Equity Research, Bloomberg, CFA, Excel",,,TEACHER
BD002,Business Analyst,BUSINESS-DEVELOPMENT,"Requirements Gathering, Process Mapping, SQL, Excel, JIRA, Stakeholder Management, Data Analysis, Agile, Tableau",Analyze business processes; Gather requirements; Document workflows; Support project management; Create business reports,business analyst requirements gathering process mapping sql excel jira stakeholder management data analysis agile tableau,Mid,3,Indeed,"['Requirements Gathering', 'Process Mapping', 'SQL', 'Excel', 'JIRA', 'Stakeholder Management', 'Data Analysis', 'Agile', 'Tableau']","['business analyst', 'requirements gathering', 'process mapping', 'sql', 'excel', 'jira', 'stakeholder management', 'data analysis', 'agile', 'tableau']",requirements gathering process mapping sql excel jira stakeholder management data analysis agile tableau,BUSINESS-DEVELOPMENT Business Analyst requirements gathering process mapping sql excel jira stakeholder management data analysis agile tableau mid 3 years,"Requirements Gathering, Process Mapping, SQL, Excel, JIRA, Stakeholder Management, Data Analysis, Agile, Tableau",,,HR
SAL001,Sales Executive,SALES,"Prospecting, Negotiation, CRM, Cold Calling, Presentation, Closing, Product Knowledge, Networking, Excel",Generate leads; Build client relationships; Present products; Negotiate and close deals; Achieve monthly sales targets,sales executive prospecting negotiation crm cold calling presentation closing product knowledge networking excel,Junior,2,Indeed,"['Prospecting', 'Negotiation', 'CRM', 'Cold Calling', 'Presentation', 'Closing', 'Product Knowledge', 'Networking', 'Excel']","['sales executive', 'prospecting', 'negotiation', 'crm', 'cold calling', 'presentation', 'closing', 'product knowledge', 'networking', 'excel']",prospecting negotiation crm cold calling presentation closing product knowledge networking excel,SALES Sales Executive prospecting negotiation crm cold calling presentation closing product knowledge networking excel junior 2 years,"Prospecting, Negotiation, CRM, Cold Calling, Presentation, Closing, Product Knowledge, Networking, Excel",,,ADVOCATE
SAL001,Sales Executive,SALES,"Prospecting, Negotiation, CRM, Cold Calling, Presentation, Closing, Product Knowledge, Networking, Excel",Generate leads; Build client relationships; Present products; Negotiate and close deals; Achieve monthly sales targets,sales executive prospecting negotiation crm cold calling presentation closing product knowledge networking excel,Junior,2,Indeed,"['Prospecting', 'Negotiation', 'CRM', 'Cold Calling', 'Presentation', 'Closing', 'Product Knowledge', 'Networking', 'Excel']","['sales executive', 'prospecting', 'negotiation', 'crm', 'cold calling', 'presentation', 'closing', 'product knowledge', 'networking', 'excel']",prospecting negotiation crm cold calling presentation closing product knowledge networking excel,SALES Sales Executive prospecting negotiation crm cold calling presentation closing product knowledge networking excel junior 2 years,"Prospecting, Negotiation, CRM, Cold Calling, Presentation, Closing, Product Knowledge, Networking, Excel",,,ADVOCATE
HC006,Medical Laboratory Technician,HEALTHCARE,"Laboratory Techniques, PCR, Microscopy, Blood Analysis, Quality Control, LIMS",Perform diagnostic laboratory tests; Analyse specimens; Maintain equipment; Ensure quality control; Report results to clinicians,laboratory medical testing PCR blood analysis quality control diagnostics,Junior,2,LinkedIn,"['Laboratory Techniques', 'PCR', 'Microscopy', 'Blood Analysis', 'Quality Control', 'LIMS']","['laboratory', 'medical', 'testing', 'PCR', 'blood', 'analysis', 'quality', 'control', 'diagnostics']",laboratory techniques pcr microscopy blood analysis quality control lims,HEALTHCARE Medical Laboratory Technician laboratory techniques pcr microscopy blood analysis quality control lims junior 2 years,"Laboratory Techniques, PCR, Microscopy, Blood Analysis, Quality Control, LIMS",,,DESIGNER
HR003,HR Coordinator,HR,"HRIS, Onboarding, Employee Records, Payroll Support, Benefits Administration, Communication",Coordinate onboarding for new hires; Maintain employee records in HRIS; Support payroll processing; Administer employee benefits; Respond to HR queries,HR coordinator onboarding HRIS payroll benefits employee records administration,Junior,1,Indeed,"['HRIS', 'Onboarding', 'Employee Records', 'Payroll Support', 'Benefits Administration', 'Communication']","['HR', 'coordinator', 'onboarding', 'HRIS', 'payroll', 'benefits', 'employee', 'records', 'administration']",hris onboarding employee records payroll support benefits administration communication,HR HR Coordinator hris onboarding employee records payroll support benefits administration communication junior 1 year,"HRIS, Onboarding, Employee Records, Payroll Support, Benefits Administration, Communication",,,HR
ACC003,Tax Accountant,ACCOUNTANT,"Corporate Tax, IFRS, Tax Planning, Compliance, SAP, Excel, VAT",Prepare and review corporate tax returns; Advise on tax planning strategies; Ensure compliance with local tax laws; Liaise with tax authorities; Support transfer pricing,tax accountant corporate tax compliance IFRS SAP VAT planning,Mid,3,LinkedIn,"['Corporate Tax', 'IFRS', 'Tax Planning', 'Compliance', 'SAP', 'Excel', 'VAT']","['tax', 'accountant', 'corporate', 'tax', 'compliance', 'IFRS', 'SAP', 'VAT', 'planning']",corporate tax ifrs tax planning compliance sap excel vat,ACCOUNTANT Tax Accountant corporate tax ifrs tax planning compliance sap excel vat mid 3 years,"Corporate Tax, IFRS, Tax Planning, Compliance, SAP, Excel, VAT",,,DESIGNER
APP002,Textile Merchandiser,APPAREL,"Fabric Sourcing, Negotiation, Supply Chain, Costing, Quality Control, Communication, MS Excel, ERP, Vendor Management",Source textiles; Negotiate with suppliers; Manage supply chain; Ensure quality control; Coordinate with production teams,textile merchandiser fabric sourcing negotiation supply chain costing quality control communication excel erp vendor management,Mid,3,Naukri,"['Fabric Sourcing', 'Negotiation', 'Supply Chain', 'Costing', 'Quality Control', 'Communication', 'MS Excel', 'ERP', 'Vendor Management']","['textile merchandiser', 'fabric sourcing', 'negotiation', 'supply chain', 'costing', 'quality control', 'communication', 'excel', 'erp', 'vendor management']",fabric sourcing negotiation supply chain costing quality control communication ms excel erp vendor management,APPAREL Textile Merchandiser fabric sourcing negotiation supply chain costing quality control communication ms excel erp vendor management mid 3 years,"Fabric Sourcing, Negotiation, Supply Chain, Costing, Quality Control, Communication, MS Excel, ERP, Vendor Management",,,HR
FIN002,Investment Banker,FINANCE,"M&A, DCF Valuation, Pitch Books, Financial Modeling, Capital Markets, Excel, Bloomberg, Due Diligence, Client Relations, CFA",Execute M&A transactions; Build valuation models; Prepare pitch books; Conduct due diligence; Manage client relationships,investment banker ma dcf valuation pitch books financial modeling capital markets excel bloomberg due diligence client relations cfa,Senior,7,Financial Times Jobs,"['M&A', 'DCF Valuation', 'Pitch Books', 'Financial Modeling', 'Capital Markets', 'Excel', 'Bloomberg', 'Due Diligence', 'Client Relations', 'CFA']","['investment banker', 'ma', 'dcf valuation', 'pitch books', 'financial modeling', 'capital markets', 'excel', 'bloomberg', 'due diligence', 'client relations', 'cfa']",m a dcf valuation pitch books financial modeling capital markets excel bloomberg due diligence client relations cfa,FINANCE Investment Banker m a dcf valuation pitch books financial modeling capital markets excel bloomberg due diligence client relations cfa senior 7 years,"M&A, DCF Valuation, Pitch Books, Financial Modeling, Capital Markets, Excel, Bloomberg, Due Diligence, Client Relations, CFA",,,HR
CON002,IT Consultant,CONSULTANT,"Systems Analysis, IT Strategy, Cloud Solutions, Project Management, ITIL, Cybersecurity, Communication, Vendor Management, SQL",Assess IT infrastructure; Recommend solutions; Manage implementations; Advise on IT strategy; Support digital transformation,it consultant systems analysis it strategy cloud solutions project management itil cybersecurity vendor management sql,Senior,6,Naukri,"['Systems Analysis', 'IT Strategy', 'Cloud Solutions', 'Project Management', 'ITIL', 'Cybersecurity', 'Communication', 'Vendor Management', 'SQL']","['it consultant', 'systems analysis', 'it strategy', 'cloud solutions', 'project management', 'itil', 'cybersecurity', 'vendor management', 'sql']",systems analysis it strategy cloud solutions project management itil cybersecurity communication vendor management sql,CONSULTANT IT Consultant systems analysis it strategy cloud solutions project management itil cybersecurity communication vendor management sql senior 6 years,"Systems Analysis, IT Strategy, Cloud Solutions, Project Management, ITIL, Cybersecurity, Communication, Vendor Management, SQL",,,DESIGNER
IT002,Data Analyst,INFORMATION-TECHNOLOGY,"Python, R, SQL, Tableau, Power BI, Excel, Statistics, Machine Learning, Data Visualization, Pandas",Analyze large datasets; Create dashboards; Generate reports; Identify trends; Support business decisions with data insights,data analyst python r sql tableau power bi excel statistics machine learning visualization pandas,Junior,2,Naukri,"['Python', 'R', 'SQL', 'Tableau', 'Power BI', 'Excel', 'Statistics', 'Machine Learning', 'Data Visualization', 'Pandas']","['data analyst', 'python', 'r', 'sql', 'tableau', 'power bi', 'excel', 'statistics', 'machine learning', 'pandas']",python r sql tableau power bi excel statistics machine learning data visualization pandas,INFORMATION-TECHNOLOGY Data Analyst python r sql tableau power bi excel statistics machine learning data visualization pandas junior 2 years,"Python, R, SQL, Tableau, Power BI, Excel, Statistics, Machine Learning, Data Visualization, Pandas",,,ADVOCATE
APP003,Garment Technologist,APPAREL,"Garment Construction, Pattern Grading, Quality Assurance, Technical Packs, Fit Sessions, Fabric Knowledge",Develop technical packs for production; Oversee fit sessions; Liaise with manufacturers; Ensure quality and compliance standards; Solve construction issues,garment technology pattern grading quality assurance technical pack fit manufacturing,Mid,3,Indeed,"['Garment Construction', 'Pattern Grading', 'Quality Assurance', 'Technical Packs', 'Fit Sessions', 'Fabric Knowledge']","['garment', 'technology', 'pattern', 'grading', 'quality', 'assurance', 'technical', 'pack', 'fit', 'manufacturing']",garment construction pattern grading quality assurance technical packs fit sessions fabric knowledge,APPAREL Garment Technologist garment construction pattern grading quality assurance technical packs fit sessions fabric knowledge mid 3 years,"Garment Construction, Pattern Grading, Quality Assurance, Technical Packs, Fit Sessions, Fabric Knowledge",,,HR
CON003,Strategy Consultant,CONSULTANT,"Strategic Analysis, Business Case Development, Stakeholder Management, PowerPoint, Financial Modelling",Conduct strategic assessments; Develop business cases; Facilitate client workshops; Present recommendations to senior leadership; Support implementation,strategy consulting analysis business case financial modelling stakeholder,Mid,4,LinkedIn,"['Strategic Analysis', 'Business Case Development', 'Stakeholder Management', 'PowerPoint', 'Financial Modelling']","['strategy', 'consulting', 'analysis', 'business', 'case', 'financial', 'modelling', 'stakeholder']",strategic analysis business case development stakeholder management powerpoint financial modelling,CONSULTANT Strategy Consultant strategic analysis business case development stakeholder management powerpoint financial modelling mid 4 years,"Strategic Analysis, Business Case Development, Stakeholder Management, PowerPoint, Financial Modelling",,,DESIGNER
HC003,Pharmacist,HEALTHCARE,"Pharmaceutical Knowledge, Drug Interactions, Patient Counselling, Prescription Verification, Inventory Management",Dispense medications accurately; Counsel patients on drug use; Check for drug interactions; Collaborate with physicians; Manage pharmacy inventory,pharmacy pharmaceutical drug interaction patient counselling prescription,Mid,3,LinkedIn,"['Pharmaceutical Knowledge', 'Drug Interactions', 'Patient Counselling', 'Prescription Verification', 'Inventory Management']","['pharmacy', 'pharmaceutical', 'drug', 'interaction', 'patient', 'counselling', 'prescription']",pharmaceutical knowledge drug interactions patient counselling prescription verification inventory management,HEALTHCARE Pharmacist pharmaceutical knowledge drug interactions patient counselling prescription verification inventory management mid 3 years,"Pharmaceutical Knowledge, Drug Interactions, Patient Counselling, Prescription Verification, Inventory Management",,,TEACHER
BNK003,Investment Analyst,BANKING,"Financial Modelling, DCF Valuation, Equity Research, Bloomberg, CFA, Excel",Conduct equity research; Build financial models; Write investment reports; Present investment thesis; Monitor portfolio companies,investment analysis equity research financial modelling DCF Bloomberg CFA,Junior,2,LinkedIn,"['Financial Modelling', 'DCF Valuation', 'Equity Research', 'Bloomberg', 'CFA', 'Excel']","['investment', 'analysis', 'equity', 'research', 'financial', 'modelling', 'DCF', 'Bloomberg', 'CFA']",financial modelling dcf valuation equity research bloomberg cfa excel,BANKING Investment Analyst financial modelling dcf valuation equity research bloomberg cfa excel junior 2 years,"Financial Modelling, DCF Valuation, Equity Research, Bloomberg, CFA, Excel",,,DESIGNER
SAL004,Retail Sales Associate,SALES,"Customer Service, POS Systems, Product Knowledge, Merchandising, Cash Handling",Assist customers in selecting products; Process transactions; Maintain store presentation; Achieve individual sales targets; Handle customer enquiries and complaints,retail sales customer service POS merchandise cash handling,Junior,0,Indeed,"['Customer Service', 'POS Systems', 'Product Knowledge', 'Merchandising', 'Cash Handling']","['retail', 'sales', 'customer', 'service', 'POS', 'merchandise', 'cash', 'handling']",customer service pos systems product knowledge merchandising cash handling,SALES Retail Sales Associate customer service pos systems product knowledge merchandising cash handling junior 0 years,"Customer Service, POS Systems, Product Knowledge, Merchandising, Cash Handling",,,HR
DM003,Content Strategist,DIGITAL-MEDIA,"Content Strategy, SEO, Editorial Planning, Analytics, Copywriting, CMS",Develop content strategy aligned to business goals; Create editorial calendars; Oversee content production; Measure content performance; Drive SEO improvements,content strategy SEO editorial analytics copywriting CMS,Mid,3,LinkedIn,"['Content Strategy', 'SEO', 'Editorial Planning', 'Analytics', 'Copywriting', 'CMS']","['content', 'strategy', 'SEO', 'editorial', 'analytics', 'copywriting', 'CMS']",content strategy seo editorial planning analytics copywriting cms,DIGITAL-MEDIA Content Strategist content strategy seo editorial planning analytics copywriting cms mid 3 years,"Content Strategy, SEO, Editorial Planning, Analytics, Copywriting, CMS",,,TEACHER
ENG001,Mechanical Engineer,ENGINEERING,"CAD, SolidWorks, ANSYS, FEA, Thermodynamics, Manufacturing Processes, AutoCAD, MATLAB, Project Management, GD&T",Design mechanical components; Perform simulations; Supervise manufacturing; Write technical reports; Optimize designs,mechanical engineer cad solidworks ansys fea thermodynamics manufacturing autocad matlab project management gdt,Mid,4,LinkedIn,"['CAD', 'SolidWorks', 'ANSYS', 'FEA', 'Thermodynamics', 'Manufacturing Processes', 'AutoCAD', 'MATLAB', 'Project Management', 'GD&T']","['mechanical engineer', 'cad', 'solidworks', 'ansys', 'fea', 'thermodynamics', 'manufacturing', 'autocad', 'matlab', 'project management', 'gdt']",cad solidworks ansys fea thermodynamics manufacturing processes autocad matlab project management gdt,ENGINEERING Mechanical Engineer cad solidworks ansys fea thermodynamics manufacturing processes autocad matlab project management gdt mid 4 years,"CAD, SolidWorks, ANSYS, FEA, Thermodynamics, Manufacturing Processes, AutoCAD, MATLAB, Project Management, GD&T",,,DESIGNER
ART005,Creative Director,ARTS,"Creative Leadership, Brand Identity, Campaign Development, Team Management, Pitching, Multi-channel",Lead creative output across all channels; Set creative vision and standards; Manage creative teams; Present and pitch to clients; Oversee campaign production,creative director leadership brand campaign multi-channel pitch creative vision,Senior,10,LinkedIn,"['Creative Leadership', 'Brand Identity', 'Campaign Development', 'Team Management', 'Pitching', 'Multi-channel']","['creative', 'director', 'leadership', 'brand', 'campaign', 'multi-channel', 'pitch', 'creative', 'vision']",creative leadership brand identity campaign development team management pitching multi-channel,ARTS Creative Director creative leadership brand identity campaign development team management pitching multi-channel senior 10 years,"Creative Leadership, Brand Identity, Campaign Development, Team Management, Pitching, Multi-channel",,,TEACHER
AVI004,Aviation Safety Officer,AVIATION,"Safety Management Systems, ICAO Annex 19, Risk Assessment, Incident Investigation, Regulatory Compliance",Implement safety management systems; Investigate incidents and accidents; Conduct safety audits; Report to civil aviation authority; Develop safety training,aviation safety SMS ICAO risk assessment incident investigation compliance,Mid,4,Indeed,"['Safety Management Systems', 'ICAO Annex 19', 'Risk Assessment', 'Incident Investigation', 'Regulatory Compliance']","['aviation', 'safety', 'SMS', 'ICAO', 'risk', 'assessment', 'incident', 'investigation', 'compliance']",safety management systems icao annex 19 risk assessment incident investigation regulatory compliance,AVIATION Aviation Safety Officer safety management systems icao annex 19 risk assessment incident investigation regulatory compliance mid 4 years,"Safety Management Systems, ICAO Annex 19, Risk Assessment, Incident Investigation, Regulatory Compliance",,,INFORMATION-TECHNOLOGY
ENG006,Process Engineer,ENGINEERING,"Process Optimisation, Six Sigma, Chemical Engineering, HAZOP, AutoCAD, Lean Manufacturing",Analyse and improve manufacturing processes; Conduct HAZOP studies; Identify waste and inefficiency; Implement lean methodologies; Collaborate with operations,process engineering optimisation six sigma HAZOP lean manufacturing chemical,Mid,3,LinkedIn,"['Process Optimisation', 'Six Sigma', 'Chemical Engineering', 'HAZOP', 'AutoCAD', 'Lean Manufacturing']","['process', 'engineering', 'optimisation', 'six', 'sigma', 'HAZOP', 'lean', 'manufacturing', 'chemical']",process optimisation six sigma chemical engineering hazop autocad lean manufacturing,ENGINEERING Process Engineer process optimisation six sigma chemical engineering hazop autocad lean manufacturing mid 3 years,"Process Optimisation, Six Sigma, Chemical Engineering, HAZOP, AutoCAD, Lean Manufacturing",,,ADVOCATE
HC001,Registered Nurse,HEALTHCARE,"Patient Care, Clinical Assessment, Medication Administration, EMR, IV Therapy, Communication, BLS, ACLS, Wound Care",Provide patient care; Monitor vitals; Administer medications; Coordinate with physicians; Educate patients and families,nurse patient care clinical assessment medication emr iv therapy communication bls acls wound care,Mid,3,Hospital Jobs,"['Patient Care', 'Clinical Assessment', 'Medication Administration', 'EMR', 'IV Therapy', 'Communication', 'BLS', 'ACLS', 'Wound Care']","['nurse', 'patient care', 'clinical assessment', 'medication', 'emr', 'iv therapy', 'communication', 'bls', 'acls', 'wound care']",patient care clinical assessment medication administration emr iv therapy communication bls acls wound care,HEALTHCARE Registered Nurse patient care clinical assessment medication administration emr iv therapy communication bls acls wound care mid 3 years,"Patient Care, Clinical Assessment, Medication Administration, EMR, IV Therapy, Communication, BLS, ACLS, Wound Care",,,INFORMATION-TECHNOLOGY
DM005,Head of Digital Marketing,DIGITAL-MEDIA,"Digital Strategy, Paid Media, SEO/SEM, Marketing Analytics, Brand Management, Leadership",Lead digital marketing strategy; Oversee paid and organic channels; Manage agency relationships; Analyse performance across all digital touchpoints; Report to C-suite,digital marketing strategy paid media SEO SEM analytics brand leadership,Senior,9,LinkedIn,"['Digital Strategy', 'Paid Media', 'SEO/SEM', 'Marketing Analytics', 'Brand Management', 'Leadership']","['digital', 'marketing', 'strategy', 'paid', 'media', 'SEO', 'SEM', 'analytics', 'brand', 'leadership']",digital strategy paid media seo/sem marketing analytics brand management leadership,DIGITAL-MEDIA Head of Digital Marketing digital strategy paid media seo/sem marketing analytics brand management leadership senior 9 years,"Digital Strategy, Paid Media, SEO/SEM, Marketing Analytics, Brand Management, Leadership",,,HR
HC003,Pharmacist,HEALTHCARE,"Pharmaceutical Knowledge, Drug Interactions, Patient Counselling, Prescription Verification, Inventory Management",Dispense medications accurately; Counsel patients on drug use; Check for drug interactions; Collaborate with physicians; Manage pharmacy inventory,pharmacy pharmaceutical drug interaction patient counselling prescription,Mid,3,LinkedIn,"['Pharmaceutical Knowledge', 'Drug Interactions', 'Patient Counselling', 'Prescription Verification', 'Inventory Management']","['pharmacy', 'pharmaceutical', 'drug', 'interaction', 'patient', 'counselling', 'prescription']",pharmaceutical knowledge drug interactions patient counselling prescription verification inventory management,HEALTHCARE Pharmacist pharmaceutical knowledge drug interactions patient counselling prescription verification inventory management mid 3 years,"Pharmaceutical Knowledge, Drug Interactions, Patient Counselling, Prescription Verification, Inventory Management",,,TEACHER
ACC004,Forensic Accountant,ACCOUNTANT,"Fraud Investigation, Financial Analysis, Litigation Support, CPA, Excel, Data Analytics",Investigate financial fraud and irregularities; Prepare expert reports for litigation; Analyse complex financial data; Liaise with legal teams; Support regulatory investigations,forensic accounting fraud investigation litigation financial analysis CPA,Senior,7,Indeed,"['Fraud Investigation', 'Financial Analysis', 'Litigation Support', 'CPA', 'Excel', 'Data Analytics']","['forensic', 'accounting', 'fraud', 'investigation', 'litigation', 'financial', 'analysis', 'CPA']",fraud investigation financial analysis litigation support cpa excel data analytics,ACCOUNTANT Forensic Accountant fraud investigation financial analysis litigation support cpa excel data analytics senior 7 years,"Fraud Investigation, Financial Analysis, Litigation Support, CPA, Excel, Data Analytics",,,INFORMATION-TECHNOLOGY
ADV004,Paralegal,ADVOCATE,"Legal Research, Document Drafting, Case Management Software, Contract Review, Filing",Assist lawyers with case preparation; Conduct legal research; Draft legal documents; Manage case files; Liaise with courts and clients,paralegal legal research document drafting case management court filing,Junior,1,Indeed,"['Legal Research', 'Document Drafting', 'Case Management Software', 'Contract Review', 'Filing']","['paralegal', 'legal', 'research', 'document', 'drafting', 'case', 'management', 'court', 'filing']",legal research document drafting case management software contract review filing,ADVOCATE Paralegal legal research document drafting case management software contract review filing junior 1 year,"Legal Research, Document Drafting, Case Management Software, Contract Review, Filing",,,DESIGNER
AGR001,Agronomist,AGRICULTURE,"Soil Science, Crop Management, Irrigation, Pest Control, GIS, Agricultural Software, Data Analysis, Research, Communication",Advise on crop production; Conduct soil testing; Recommend pest management; Analyze agricultural data; Develop farm plans,agronomist soil science crop management irrigation pest control gis agricultural software data analysis research,Mid,4,AgriJobs,"['Soil Science', 'Crop Management', 'Irrigation', 'Pest Control', 'GIS', 'Agricultural Software', 'Data Analysis', 'Research', 'Communication']","['agronomist', 'soil science', 'crop management', 'irrigation', 'pest control', 'gis', 'agricultural software', 'data analysis', 'research']",soil science crop management irrigation pest control gis agricultural software data analysis research communication,AGRICULTURE Agronomist soil science crop management irrigation pest control gis agricultural software data analysis research communication mid 4 years,"Soil Science, Crop Management, Irrigation, Pest Control, GIS, Agricultural Software, Data Analysis, Research, Communication",,,HR
AGR002,Farm Manager,AGRICULTURE,"Farm Operations, Crop Planning, Staff Management, Equipment Maintenance, Budget Management, Supply Chain, Agricultural Law, Communication",Manage farm operations; Plan crop cycles; Supervise workers; Maintain equipment; Control budget,farm manager operations crop planning staff management equipment maintenance budget supply chain agricultural law,Senior,6,Indeed,"['Farm Operations', 'Crop Planning', 'Staff Management', 'Equipment Maintenance', 'Budget Management', 'Supply Chain', 'Agricultural Law', 'Communication']","['farm manager', 'operations', 'crop planning', 'staff management', 'equipment maintenance', 'budget', 'supply chain', 'agricultural law']",farm operations crop planning staff management equipment maintenance budget management supply chain agricultural law communication,AGRICULTURE Farm Manager farm operations crop planning staff management equipment maintenance budget management supply chain agricultural law communication senior 6 years,"Farm Operations, Crop Planning, Staff Management, Equipment Maintenance, Budget Management, Supply Chain, Agricultural Law, Communication",,,DESIGNER
TEA002,Primary School Teacher,TEACHER,"Child Development, Lesson Planning, Creative Teaching, Communication, Patience, MS Office, Activity Design, Phonics",Teach foundational subjects; Design age-appropriate activities; Monitor child development; Engage parents; Maintain records,primary teacher child development lesson planning creative communication patience ms office activity phonics,Junior,1,LinkedIn,"['Child Development', 'Lesson Planning', 'Creative Teaching', 'Communication', 'Patience', 'MS Office', 'Activity Design', 'Phonics']","['primary teacher', 'child development', 'lesson planning', 'creative', 'communication', 'patience', 'ms office', 'activity', 'phonics']",child development lesson planning creative teaching communication patience ms office activity design phonics,TEACHER Primary School Teacher child development lesson planning creative teaching communication patience ms office activity design phonics junior 1 year,"Child Development, Lesson Planning, Creative Teaching, Communication, Patience, MS Office, Activity Design, Phonics",,,HR
AGR001,Agronomist,AGRICULTURE,"Soil Science, Crop Management, Irrigation, Pest Control, GIS, Agricultural Software, Data Analysis, Research, Communication",Advise on crop production; Conduct soil testing; Recommend pest management; Analyze agricultural data; Develop farm plans,agronomist soil science crop management irrigation pest control gis agricultural software data analysis research,Mid,4,AgriJobs,"['Soil Science', 'Crop Management', 'Irrigation', 'Pest Control', 'GIS', 'Agricultural Software', 'Data Analysis', 'Research', 'Communication']","['agronomist', 'soil science', 'crop management', 'irrigation', 'pest control', 'gis', 'agricultural software', 'data analysis', 'research']",soil science crop management irrigation pest control gis agricultural software data analysis research communication,AGRICULTURE Agronomist soil science crop management irrigation pest control gis agricultural software data analysis research communication mid 4 years,"Soil Science, Crop Management, Irrigation, Pest Control, GIS, Agricultural Software, Data Analysis, Research, Communication",,,HR
AGR005,Agricultural Director,AGRICULTURE,"Agricultural Policy, Budget Management, Supply Chain, Stakeholder Relations, Strategic Planning, Sustainability",Lead agricultural programmes at regional level; Develop policy recommendations; Manage large budgets; Build government and NGO partnerships; Oversee sustainability initiatives,agriculture director policy budget supply chain sustainability leadership,Senior,12,LinkedIn,"['Agricultural Policy', 'Budget Management', 'Supply Chain', 'Stakeholder Relations', 'Strategic Planning', 'Sustainability']","['agriculture', 'director', 'policy', 'budget', 'supply', 'chain', 'sustainability', 'leadership']",agricultural policy budget management supply chain stakeholder relations strategic planning sustainability,AGRICULTURE Agricultural Director agricultural policy budget management supply chain stakeholder relations strategic planning sustainability senior 12 years,"Agricultural Policy, Budget Management, Supply Chain, Stakeholder Relations, Strategic Planning, Sustainability",,,ADVOCATE
AUTO005,Automotive Plant Manager,AUTOMOBILE,"Manufacturing Operations, Lean Manufacturing, Six Sigma, P&L, Supply Chain, Quality Management",Oversee all plant operations; Drive lean manufacturing initiatives; Manage production budget; Lead quality programmes; Ensure health and safety compliance,plant manager automotive manufacturing lean six sigma quality supply chain,Senior,10,LinkedIn,"['Manufacturing Operations', 'Lean Manufacturing', 'Six Sigma', 'P&L', 'Supply Chain', 'Quality Management']","['plant', 'manager', 'automotive', 'manufacturing', 'lean', 'six', 'sigma', 'quality', 'supply', 'chain']",manufacturing operations lean manufacturing six sigma p&l supply chain quality management,AUTOMOBILE Automotive Plant Manager manufacturing operations lean manufacturing six sigma p&l supply chain quality management senior 10 years,"Manufacturing Operations, Lean Manufacturing, Six Sigma, P&L, Supply Chain, Quality Management",,,TEACHER
AUTO005,Automotive Plant Manager,AUTOMOBILE,"Manufacturing Operations, Lean Manufacturing, Six Sigma, P&L, Supply Chain, Quality Management",Oversee all plant operations; Drive lean manufacturing initiatives; Manage production budget; Lead quality programmes; Ensure health and safety compliance,plant manager automotive manufacturing lean six sigma quality supply chain,Senior,10,LinkedIn,"['Manufacturing Operations', 'Lean Manufacturing', 'Six Sigma', 'P&L', 'Supply Chain', 'Quality Management']","['plant', 'manager', 'automotive', 'manufacturing', 'lean', 'six', 'sigma', 'quality', 'supply', 'chain']",manufacturing operations lean manufacturing six sigma p&l supply chain quality management,AUTOMOBILE Automotive Plant Manager manufacturing operations lean manufacturing six sigma p&l supply chain quality management senior 10 years,"Manufacturing Operations, Lean Manufacturing, Six Sigma, P&L, Supply Chain, Quality Management",,,ADVOCATE
ADV004,Paralegal,ADVOCATE,"Legal Research, Document Drafting, Case Management Software, Contract Review, Filing",Assist lawyers with case preparation; Conduct legal research; Draft legal documents; Manage case files; Liaise with courts and clients,paralegal legal research document drafting case management court filing,Junior,1,Indeed,"['Legal Research', 'Document Drafting', 'Case Management Software', 'Contract Review', 'Filing']","['paralegal', 'legal', 'research', 'document', 'drafting', 'case', 'management', 'court', 'filing']",legal research document drafting case management software contract review filing,ADVOCATE Paralegal legal research document drafting case management software contract review filing junior 1 year,"Legal Research, Document Drafting, Case Management Software, Contract Review, Filing",,,TEACHER
BNK004,Branch Manager,BANKING,"Team Leadership, Retail Banking, Sales Targets, Customer Service, Regulatory Compliance, P&L",Manage day-to-day branch operations; Drive sales performance; Lead branch team; Ensure regulatory compliance; Handle escalated customer issues,branch manager retail banking leadership sales compliance customer service,Mid,5,Indeed,"['Team Leadership', 'Retail Banking', 'Sales Targets', 'Customer Service', 'Regulatory Compliance', 'P&L']","['branch', 'manager', 'retail', 'banking', 'leadership', 'sales', 'compliance', 'customer', 'service']",team leadership retail banking sales targets customer service regulatory compliance p&l,BANKING Branch Manager team leadership retail banking sales targets customer service regulatory compliance p&l mid 5 years,"Team Leadership, Retail Banking, Sales Targets, Customer Service, Regulatory Compliance, P&L",,,TEACHER
BD004,Sales Development Representative,BUSINESS-DEVELOPMENT,"Lead Generation, Cold Calling, CRM, Email Outreach, LinkedIn Sales Navigator, Objection Handling",Generate and qualify new sales leads; Conduct outreach via phone and email; Book discovery meetings; Maintain CRM data; Collaborate with account executives,sales development lead generation CRM outreach prospecting sdR,Junior,1,Indeed,"['Lead Generation', 'Cold Calling', 'CRM', 'Email Outreach', 'LinkedIn Sales Navigator', 'Objection Handling']","['sales', 'development', 'lead', 'generation', 'CRM', 'outreach', 'prospecting', 'sdR']",lead generation cold calling crm email outreach linkedin sales navigator objection handling,BUSINESS-DEVELOPMENT Sales Development Representative lead generation cold calling crm email outreach linkedin sales navigator objection handling junior 1 year,"Lead Generation, Cold Calling, CRM, Email Outreach, LinkedIn Sales Navigator, Objection Handling",,,ADVOCATE
HR001,HR Business Partner,HR,"Employee Relations, HR Strategy, Talent Management, Organisational Design, Coaching, Employment Law",Partner with business leaders to align HR strategy; Manage complex employee relations cases; Support organisational design; Drive talent programmes; Ensure policy compliance,HR business partner employee relations talent management organisational design coaching,Senior,7,LinkedIn,"['Employee Relations', 'HR Strategy', 'Talent Management', 'Organisational Design', 'Coaching', 'Employment Law']","['HR', 'business', 'partner', 'employee', 'relations', 'talent', 'management', 'organisational', 'design', 'coaching']",employee relations hr strategy talent management organisational design coaching employment law,HR HR Business Partner employee relations hr strategy talent management organisational design coaching employment law senior 7 years,"Employee Relations, HR Strategy, Talent Management, Organisational Design, Coaching, Employment Law",,,DESIGNER
ART002,Art Director,ARTS,"Creative Direction, Visual Storytelling, Adobe Creative Suite, Team Leadership, Brand Identity, Typography, Photography, Video Production",Lead creative projects; Direct visual output; Collaborate with designers; Develop brand identities; Review creative work,art director creative direction visual storytelling adobe creative suite team leadership brand identity typography photography video,Senior,7,LinkedIn,"['Creative Direction', 'Visual Storytelling', 'Adobe Creative Suite', 'Team Leadership', 'Brand Identity', 'Typography', 'Photography', 'Video Production']","['art director', 'creative direction', 'visual storytelling', 'adobe creative suite', 'team leadership', 'brand identity', 'typography', 'photography', 'video']",creative direction visual storytelling adobe creative suite team leadership brand identity typography photography video production,ARTS Art Director creative direction visual storytelling adobe creative suite team leadership brand identity typography photography video production senior 7 years,"Creative Direction, Visual Storytelling, Adobe Creative Suite, Team Leadership, Brand Identity, Typography, Photography, Video Production",,,INFORMATION-TECHNOLOGY
DM006,Social Media Coordinator,DIGITAL-MEDIA,"Social Media, Content Creation, Canva, Scheduling Tools, Community Management, Copywriting",Create and schedule social media content; Engage with online community; Track social analytics; Support campaigns; Report on performance metrics,social media content creation community management copywriting analytics,Junior,1,LinkedIn,"['Social Media', 'Content Creation', 'Canva', 'Scheduling Tools', 'Community Management', 'Copywriting']","['social', 'media', 'content', 'creation', 'community', 'management', 'copywriting', 'analytics']",social media content creation canva scheduling tools community management copywriting,DIGITAL-MEDIA Social Media Coordinator social media content creation canva scheduling tools community management copywriting junior 1 year,"Social Media, Content Creation, Canva, Scheduling Tools, Community Management, Copywriting",,,HR
DM006,Social Media Coordinator,DIGITAL-MEDIA,"Social Media, Content Creation, Canva, Scheduling Tools, Community Management, Copywriting",Create and schedule social media content; Engage with online community; Track social analytics; Support campaigns; Report on performance metrics,social media content creation community management copywriting analytics,Junior,1,LinkedIn,"['Social Media', 'Content Creation', 'Canva', 'Scheduling Tools', 'Community Management', 'Copywriting']","['social', 'media', 'content', 'creation', 'community', 'management', 'copywriting', 'analytics']",social media content creation canva scheduling tools community management copywriting,DIGITAL-MEDIA Social Media Coordinator social media content creation canva scheduling tools community management copywriting junior 1 year,"Social Media, Content Creation, Canva, Scheduling Tools, Community Management, Copywriting",,,INFORMATION-TECHNOLOGY
BPO005,Data Entry Specialist,BPO,"Typing (70+ WPM), MS Excel, Data Validation, Attention to Detail, CRM Systems",Enter and verify data accurately; Maintain data integrity; Update databases and CRM; Generate data reports; Support back-office operations,data entry typing accuracy excel CRM back office operations,Junior,0,LinkedIn,"['Typing (70+ WPM)', 'MS Excel', 'Data Validation', 'Attention to Detail', 'CRM Systems']","['data', 'entry', 'typing', 'accuracy', 'excel', 'CRM', 'back', 'office', 'operations']",typing (70+ wpm) ms excel data validation attention to detail crm systems,BPO Data Entry Specialist typing (70+ wpm) ms excel data validation attention to detail crm systems junior 0 years,"Typing (70+ WPM), MS Excel, Data Validation, Attention to Detail, CRM Systems",,,DESIGNER
IT006,Frontend Developer,INFORMATION-TECHNOLOGY,"React, TypeScript, CSS, HTML, REST APIs, Jest, Git, Webpack",Build responsive web interfaces; Implement UI from designs; Write unit tests; Optimise performance; Review code,frontend react typescript javascript css html web development testing,Junior,2,LinkedIn,"['React', 'TypeScript', 'CSS', 'HTML', 'REST APIs', 'Jest', 'Git', 'Webpack']","['frontend', 'react', 'typescript', 'javascript', 'css', 'html', 'web', 'development', 'testing']",react typescript css html rest apis jest git webpack,INFORMATION-TECHNOLOGY Frontend Developer react typescript css html rest apis jest git webpack junior 2 years,"React, TypeScript, CSS, HTML, REST APIs, Jest, Git, Webpack",,,HR
DES003,Motion Graphics Designer,DESIGNER,"After Effects, Premiere Pro, Cinema 4D, Illustrator, Photoshop, Storyboarding",Create animated content; Produce motion graphics for digital campaigns; Collaborate with creative team; Deliver video assets on schedule,motion graphics animation after effects cinema 4d video production creative,Mid,3,LinkedIn,"['After Effects', 'Premiere Pro', 'Cinema 4D', 'Illustrator', 'Photoshop', 'Storyboarding']","['motion', 'graphics', 'animation', 'after', 'effects', 'cinema', '4d', 'video', 'production', 'creative']",after effects premiere pro cinema 4d illustrator photoshop storyboarding,DESIGNER Motion Graphics Designer after effects premiere pro cinema 4d illustrator photoshop storyboarding mid 3 years,"After Effects, Premiere Pro, Cinema 4D, Illustrator, Photoshop, Storyboarding",,,TEACHER
BD001,Business Development Manager,BUSINESS-DEVELOPMENT,"Sales Strategy, CRM, Negotiation, Market Research, Lead Generation, Presentation, Networking, Excel, Salesforce",Identify new business opportunities; Build client relationships; Develop growth strategies; Negotiate partnerships; Achieve revenue targets,business development sales strategy crm negotiation market research lead generation presentation networking excel salesforce,Senior,6,LinkedIn,"['Sales Strategy', 'CRM', 'Negotiation', 'Market Research', 'Lead Generation', 'Presentation', 'Networking', 'Excel', 'Salesforce']","['business development', 'sales strategy', 'crm', 'negotiation', 'market research', 'lead generation', 'presentation', 'networking', 'salesforce']",sales strategy crm negotiation market research lead generation presentation networking excel salesforce,BUSINESS-DEVELOPMENT Business Development Manager sales strategy crm negotiation market research lead generation presentation networking excel salesforce senior 6 years,"Sales Strategy, CRM, Negotiation, Market Research, Lead Generation, Presentation, Networking, Excel, Salesforce",,,ADVOCATE
CHF005,Food and Beverage Director,CHEF,"F&B Operations, P&L Management, Menu Engineering, Team Leadership, Vendor Management, Revenue Optimisation",Oversee all food and beverage operations; Develop menus and pricing; Manage multiple outlets; Drive revenue and control costs; Lead F&B teams,food beverage director operations P&L menu leadership revenue,Senior,10,LinkedIn,"['F&B Operations', 'P&L Management', 'Menu Engineering', 'Team Leadership', 'Vendor Management', 'Revenue Optimisation']","['food', 'beverage', 'director', 'operations', 'P&L', 'menu', 'leadership', 'revenue']",f&b operations p&l management menu engineering team leadership vendor management revenue optimisation,CHEF Food and Beverage Director f&b operations p&l management menu engineering team leadership vendor management revenue optimisation senior 10 years,"F&B Operations, P&L Management, Menu Engineering, Team Leadership, Vendor Management, Revenue Optimisation",,,INFORMATION-TECHNOLOGY
HR005,Compensation and Benefits Manager,HR,"Compensation Design, Benefits Benchmarking, Job Evaluation, Payroll, HRIS, Reward Strategy",Design and manage compensation frameworks; Conduct market benchmarking; Manage annual pay review; Oversee benefits programmes; Ensure regulatory compliance,compensation benefits reward benchmarking job evaluation payroll HRIS,Mid,5,Indeed,"['Compensation Design', 'Benefits Benchmarking', 'Job Evaluation', 'Payroll', 'HRIS', 'Reward Strategy']","['compensation', 'benefits', 'reward', 'benchmarking', 'job', 'evaluation', 'payroll', 'HRIS']",compensation design benefits benchmarking job evaluation payroll hris reward strategy,HR Compensation and Benefits Manager compensation design benefits benchmarking job evaluation payroll hris reward strategy mid 5 years,"Compensation Design, Benefits Benchmarking, Job Evaluation, Payroll, HRIS, Reward Strategy",,,TEACHER
ENG001,Mechanical Engineer,ENGINEERING,"CAD, SolidWorks, ANSYS, FEA, Thermodynamics, Manufacturing Processes, AutoCAD, MATLAB, Project Management, GD&T",Design mechanical components; Perform simulations; Supervise manufacturing; Write technical reports; Optimize designs,mechanical engineer cad solidworks ansys fea thermodynamics manufacturing autocad matlab project management gdt,Mid,4,LinkedIn,"['CAD', 'SolidWorks', 'ANSYS', 'FEA', 'Thermodynamics', 'Manufacturing Processes', 'AutoCAD', 'MATLAB', 'Project Management', 'GD&T']","['mechanical engineer', 'cad', 'solidworks', 'ansys', 'fea', 'thermodynamics', 'manufacturing', 'autocad', 'matlab', 'project management', 'gdt']",cad solidworks ansys fea thermodynamics manufacturing processes autocad matlab project management gdt,ENGINEERING Mechanical Engineer cad solidworks ansys fea thermodynamics manufacturing processes autocad matlab project management gdt mid 4 years,"CAD, SolidWorks, ANSYS, FEA, Thermodynamics, Manufacturing Processes, AutoCAD, MATLAB, Project Management, GD&T",,,DESIGNER
ADV002,Civil Rights Advocate,ADVOCATE,"Legal Research, Public Speaking, Policy Analysis, Advocacy, Community Outreach, Report Writing, NGO Management, Negotiation",Advocate for civil rights; Conduct legal research; Engage with communities; Draft policy briefs; Represent marginalized groups,civil rights legal research public speaking policy advocacy community outreach report writing ngo negotiation,Mid,4,NGO Portal,"['Legal Research', 'Public Speaking', 'Policy Analysis', 'Advocacy', 'Community Outreach', 'Report Writing', 'NGO Management', 'Negotiation']","['civil rights', 'legal research', 'public speaking', 'policy', 'advocacy', 'community outreach', 'report writing', 'ngo', 'negotiation']",legal research public speaking policy analysis advocacy community outreach report writing ngo management negotiation,ADVOCATE Civil Rights Advocate legal research public speaking policy analysis advocacy community outreach report writing ngo management negotiation mid 4 years,"Legal Research, Public Speaking, Policy Analysis, Advocacy, Community Outreach, Report Writing, NGO Management, Negotiation",,,ADVOCATE
DES002,Graphic Designer,DESIGNER,"Adobe Creative Suite, Typography, Branding, Print Design, Logo Design, Illustration, InDesign, Corel Draw",Create visual content; Develop brand identities; Design print and digital materials; Present design concepts to clients,graphic design branding typography logo print digital creative suite illustrator,Junior,1,Indeed,"['Adobe Creative Suite', 'Typography', 'Branding', 'Print Design', 'Logo Design', 'Illustration', 'InDesign', 'Corel Draw']","['graphic design', 'branding', 'typography', 'logo', 'print', 'digital', 'creative suite', 'illustrator']",adobe creative suite typography branding print design logo design illustration indesign corel draw,DESIGNER Graphic Designer adobe creative suite typography branding print design logo design illustration indesign corel draw junior 1 year,"Adobe Creative Suite, Typography, Branding, Print Design, Logo Design, Illustration, InDesign, Corel Draw",,,ADVOCATE
IT005,Cybersecurity Analyst,INFORMATION-TECHNOLOGY,"SIEM, Penetration Testing, Firewalls, IDS/IPS, Python, OWASP, Network Security, SOC",Monitor security events; Conduct vulnerability assessments; Respond to incidents; Develop security policies; Perform threat modelling,cybersecurity siem penetration testing network security vulnerability incident response,Mid,3,Indeed,"['SIEM', 'Penetration Testing', 'Firewalls', 'IDS/IPS', 'Python', 'OWASP', 'Network Security', 'SOC']","['cybersecurity', 'siem', 'penetration', 'testing', 'network', 'security', 'vulnerability', 'incident', 'response']",siem penetration testing firewalls ids/ips python owasp network security soc,INFORMATION-TECHNOLOGY Cybersecurity Analyst siem penetration testing firewalls ids/ips python owasp network security soc mid 3 years,"SIEM, Penetration Testing, Firewalls, IDS/IPS, Python, OWASP, Network Security, SOC",,,DESIGNER
APP003,Garment Technologist,APPAREL,"Garment Construction, Pattern Grading, Quality Assurance, Technical Packs, Fit Sessions, Fabric Knowledge",Develop technical packs for production; Oversee fit sessions; Liaise with manufacturers; Ensure quality and compliance standards; Solve construction issues,garment technology pattern grading quality assurance technical pack fit manufacturing,Mid,3,Indeed,"['Garment Construction', 'Pattern Grading', 'Quality Assurance', 'Technical Packs', 'Fit Sessions', 'Fabric Knowledge']","['garment', 'technology', 'pattern', 'grading', 'quality', 'assurance', 'technical', 'pack', 'fit', 'manufacturing']",garment construction pattern grading quality assurance technical packs fit sessions fabric knowledge,APPAREL Garment Technologist garment construction pattern grading quality assurance technical packs fit sessions fabric knowledge mid 3 years,"Garment Construction, Pattern Grading, Quality Assurance, Technical Packs, Fit Sessions, Fabric Knowledge",,,INFORMATION-TECHNOLOGY
ENG002,Civil Engineer,ENGINEERING,"AutoCAD, Structural Analysis, Project Management, Site Supervision, Surveying, STAAD Pro, MS Project, Soil Mechanics, Building Codes",Design civil structures; Supervise construction sites; Conduct surveys; Prepare cost estimates; Ensure compliance with codes,civil engineer autocad structural analysis project management site supervision surveying staad ms project soil mechanics building codes,Mid,5,Indeed,"['AutoCAD', 'Structural Analysis', 'Project Management', 'Site Supervision', 'Surveying', 'STAAD Pro', 'MS Project', 'Soil Mechanics', 'Building Codes']","['civil engineer', 'autocad', 'structural analysis', 'project management', 'site supervision', 'surveying', 'staad', 'ms project', 'soil mechanics', 'building codes']",autocad structural analysis project management site supervision surveying staad pro ms project soil mechanics building codes,ENGINEERING Civil Engineer autocad structural analysis project management site supervision surveying staad pro ms project soil mechanics building codes mid 5 years,"AutoCAD, Structural Analysis, Project Management, Site Supervision, Surveying, STAAD Pro, MS Project, Soil Mechanics, Building Codes",,,DESIGNER
SAL002,Sales Manager,SALES,"Sales Strategy, Team Leadership, Forecasting, CRM, P&L Management, Territory Management, Coaching, Negotiation, Market Analysis",Lead sales team; Develop sales strategies; Monitor targets; Train sales reps; Manage key accounts; Report to leadership,sales manager strategy team leadership forecasting crm pl management territory coaching negotiation market analysis,Senior,7,LinkedIn,"['Sales Strategy', 'Team Leadership', 'Forecasting', 'CRM', 'P&L Management', 'Territory Management', 'Coaching', 'Negotiation', 'Market Analysis']","['sales manager', 'strategy', 'team leadership', 'forecasting', 'crm', 'pl management', 'territory', 'coaching', 'negotiation', 'market analysis']",sales strategy team leadership forecasting crm pl management territory management coaching negotiation market analysis,SALES Sales Manager sales strategy team leadership forecasting crm pl management territory management coaching negotiation market analysis senior 7 years,"Sales Strategy, Team Leadership, Forecasting, CRM, P&L Management, Territory Management, Coaching, Negotiation, Market Analysis",,,TEACHER
AGR002,Farm Manager,AGRICULTURE,"Farm Operations, Crop Planning, Staff Management, Equipment Maintenance, Budget Management, Supply Chain, Agricultural Law, Communication",Manage farm operations; Plan crop cycles; Supervise workers; Maintain equipment; Control budget,farm manager operations crop planning staff management equipment maintenance budget supply chain agricultural law,Senior,6,Indeed,"['Farm Operations', 'Crop Planning', 'Staff Management', 'Equipment Maintenance', 'Budget Management', 'Supply Chain', 'Agricultural Law', 'Communication']","['farm manager', 'operations', 'crop planning', 'staff management', 'equipment maintenance', 'budget', 'supply chain', 'agricultural law']",farm operations crop planning staff management equipment maintenance budget management supply chain agricultural law communication,AGRICULTURE Farm Manager farm operations crop planning staff management equipment maintenance budget management supply chain agricultural law communication senior 6 years,"Farm Operations, Crop Planning, Staff Management, Equipment Maintenance, Budget Management, Supply Chain, Agricultural Law, Communication",,,ADVOCATE
FIN002,Investment Banker,FINANCE,"M&A, DCF Valuation, Pitch Books, Financial Modeling, Capital Markets, Excel, Bloomberg, Due Diligence, Client Relations, CFA",Execute M&A transactions; Build valuation models; Prepare pitch books; Conduct due diligence; Manage client relationships,investment banker ma dcf valuation pitch books financial modeling capital markets excel bloomberg due diligence client relations cfa,Senior,7,Financial Times Jobs,"['M&A', 'DCF Valuation', 'Pitch Books', 'Financial Modeling', 'Capital Markets', 'Excel', 'Bloomberg', 'Due Diligence', 'Client Relations', 'CFA']","['investment banker', 'ma', 'dcf valuation', 'pitch books', 'financial modeling', 'capital markets', 'excel', 'bloomberg', 'due diligence', 'client relations', 'cfa']",m a dcf valuation pitch books financial modeling capital markets excel bloomberg due diligence client relations cfa,FINANCE Investment Banker m a dcf valuation pitch books financial modeling capital markets excel bloomberg due diligence client relations cfa senior 7 years,"M&A, DCF Valuation, Pitch Books, Financial Modeling, Capital Markets, Excel, Bloomberg, Due Diligence, Client Relations, CFA",,,INFORMATION-TECHNOLOGY
CON005,Junior Analyst – Consulting,CONSULTANT,"Data Analysis, Excel, PowerPoint, Research, Problem Solving, Communication",Conduct quantitative and qualitative research; Build Excel models; Prepare client presentations; Support senior consultants in delivering projects,consulting analyst research data analysis excel presentations problem solving,Junior,1,LinkedIn,"['Data Analysis', 'Excel', 'PowerPoint', 'Research', 'Problem Solving', 'Communication']","['consulting', 'analyst', 'research', 'data', 'analysis', 'excel', 'presentations', 'problem', 'solving']",data analysis excel powerpoint research problem solving communication,CONSULTANT Junior Analyst – Consulting data analysis excel powerpoint research problem solving communication junior 1 year,"Data Analysis, Excel, PowerPoint, Research, Problem Solving, Communication",,,TEACHER
IT001,Software Engineer,INFORMATION-TECHNOLOGY,"Python, Java, SQL, REST APIs, Git, Docker, Kubernetes, Agile, AWS, Linux",Develop software applications; Write clean code; Review code; Debug and troubleshoot; Collaborate with cross-functional teams,software engineer python java sql rest api git docker kubernetes agile aws linux backend,Mid,3,LinkedIn,"['Python', 'Java', 'SQL', 'REST APIs', 'Git', 'Docker', 'Kubernetes', 'Agile', 'AWS', 'Linux']","['software engineer', 'python', 'java', 'sql', 'rest api', 'git', 'docker', 'kubernetes', 'agile', 'aws']",python java sql rest apis git docker kubernetes agile aws linux,INFORMATION-TECHNOLOGY Software Engineer python java sql rest apis git docker kubernetes agile aws linux mid 3 years,"Python, Java, SQL, REST APIs, Git, Docker, Kubernetes, Agile, AWS, Linux",,,HR
AVI003,Air Traffic Controller,AVIATION,"ATC Operations, Radar Systems, Communication, Decision Making, ICAO Standards, Emergency Procedures",Direct aircraft movements in controlled airspace; Coordinate with pilots and other controllers; Apply ICAO separation standards; Handle emergency situations; Maintain logs,air traffic control ATC radar ICAO communication airspace safety,Mid,3,LinkedIn,"['ATC Operations', 'Radar Systems', 'Communication', 'Decision Making', 'ICAO Standards', 'Emergency Procedures']","['air', 'traffic', 'control', 'ATC', 'radar', 'ICAO', 'communication', 'airspace', 'safety']",atc operations radar systems communication decision making icao standards emergency procedures,AVIATION Air Traffic Controller atc operations radar systems communication decision making icao standards emergency procedures mid 3 years,"ATC Operations, Radar Systems, Communication, Decision Making, ICAO Standards, Emergency Procedures",,,TEACHER
IT001,Software Engineer,INFORMATION-TECHNOLOGY,"Python, Java, SQL, REST APIs, Git, Docker, Kubernetes, Agile, AWS, Linux",Develop software applications; Write clean code; Review code; Debug and troubleshoot; Collaborate with cross-functional teams,software engineer python java sql rest api git docker kubernetes agile aws linux backend,Mid,3,LinkedIn,"['Python', 'Java', 'SQL', 'REST APIs', 'Git', 'Docker', 'Kubernetes', 'Agile', 'AWS', 'Linux']","['software engineer', 'python', 'java', 'sql', 'rest api', 'git', 'docker', 'kubernetes', 'agile', 'aws']",python java sql rest apis git docker kubernetes agile aws linux,INFORMATION-TECHNOLOGY Software Engineer python java sql rest apis git docker kubernetes agile aws linux mid 3 years,"Python, Java, SQL, REST APIs, Git, Docker, Kubernetes, Agile, AWS, Linux",,,ADVOCATE
DES003,Motion Graphics Designer,DESIGNER,"After Effects, Premiere Pro, Cinema 4D, Illustrator, Photoshop, Storyboarding",Create animated content; Produce motion graphics for digital campaigns; Collaborate with creative team; Deliver video assets on schedule,motion graphics animation after effects cinema 4d video production creative,Mid,3,LinkedIn,"['After Effects', 'Premiere Pro', 'Cinema 4D', 'Illustrator', 'Photoshop', 'Storyboarding']","['motion', 'graphics', 'animation', 'after', 'effects', 'cinema', '4d', 'video', 'production', 'creative']",after effects premiere pro cinema 4d illustrator photoshop storyboarding,DESIGNER Motion Graphics Designer after effects premiere pro cinema 4d illustrator photoshop storyboarding mid 3 years,"After Effects, Premiere Pro, Cinema 4D, Illustrator, Photoshop, Storyboarding",,,DESIGNER
FIN005,CFO,FINANCE,"Financial Strategy, IFRS, M&A, Investor Relations, P&L, Capital Markets, Leadership",Lead financial strategy and planning; Manage investor relations; Oversee financial reporting; Drive M&A transactions; Ensure regulatory compliance,CFO financial strategy IFRS M&A investor relations capital markets leadership,Senior,15,LinkedIn,"['Financial Strategy', 'IFRS', 'M&A', 'Investor Relations', 'P&L', 'Capital Markets', 'Leadership']","['CFO', 'financial', 'strategy', 'IFRS', 'M&A', 'investor', 'relations', 'capital', 'markets', 'leadership']",financial strategy ifrs m&a investor relations p&l capital markets leadership,FINANCE CFO financial strategy ifrs m&a investor relations p&l capital markets leadership senior 15 years,"Financial Strategy, IFRS, M&A, Investor Relations, P&L, Capital Markets, Leadership",,,DESIGNER
BD006,Market Research Analyst,BUSINESS-DEVELOPMENT,"Market Analysis, Surveys, SPSS, Excel, Data Visualisation, Competitive Intelligence",Conduct primary and secondary market research; Analyse competitor landscape; Produce research reports; Present findings to leadership; Track industry trends,market research competitive intelligence analysis surveys data reporting,Junior,2,LinkedIn,"['Market Analysis', 'Surveys', 'SPSS', 'Excel', 'Data Visualisation', 'Competitive Intelligence']","['market', 'research', 'competitive', 'intelligence', 'analysis', 'surveys', 'data', 'reporting']",market analysis surveys spss excel data visualisation competitive intelligence,BUSINESS-DEVELOPMENT Market Research Analyst market analysis surveys spss excel data visualisation competitive intelligence junior 2 years,"Market Analysis, Surveys, SPSS, Excel, Data Visualisation, Competitive Intelligence",,,TEACHER
BNK002,Credit Analyst,BANKING,"Credit Assessment, Financial Modeling, Risk Analysis, Excel, Bloomberg, Loan Structuring, Regulatory Compliance, Report Writing, Communication",Assess creditworthiness; Analyze financial statements; Prepare credit reports; Monitor loan portfolios; Ensure compliance,credit analyst credit assessment financial modeling risk analysis excel bloomberg loan structuring regulatory compliance report writing,Mid,3,Naukri,"['Credit Assessment', 'Financial Modeling', 'Risk Analysis', 'Excel', 'Bloomberg', 'Loan Structuring', 'Regulatory Compliance', 'Report Writing', 'Communication']","['credit analyst', 'credit assessment', 'financial modeling', 'risk analysis', 'excel', 'bloomberg', 'loan structuring', 'regulatory compliance', 'report writing']",credit assessment financial modeling risk analysis excel bloomberg loan structuring regulatory compliance report writing communication,BANKING Credit Analyst credit assessment financial modeling risk analysis excel bloomberg loan structuring regulatory compliance report writing communication mid 3 years,"Credit Assessment, Financial Modeling, Risk Analysis, Excel, Bloomberg, Loan Structuring, Regulatory Compliance, Report Writing, Communication",,,DESIGNER
IT004,Machine Learning Engineer,INFORMATION-TECHNOLOGY,"Python, TensorFlow, PyTorch, Scikit-learn, MLflow, SQL, Spark, Docker",Build and deploy ML models; Design data pipelines; Collaborate with data scientists; Monitor model performance; Optimise inference latency,machine learning python tensorflow pytorch deep learning data pipeline mlops,Senior,6,LinkedIn,"['Python', 'TensorFlow', 'PyTorch', 'Scikit-learn', 'MLflow', 'SQL', 'Spark', 'Docker']","['machine', 'learning', 'python', 'tensorflow', 'pytorch', 'deep', 'learning', 'data', 'pipeline', 'mlops']",python tensorflow pytorch scikit-learn mlflow sql spark docker,INFORMATION-TECHNOLOGY Machine Learning Engineer python tensorflow pytorch scikit-learn mlflow sql spark docker senior 6 years,"Python, TensorFlow, PyTorch, Scikit-learn, MLflow, SQL, Spark, Docker",,,HR
AVI005,Director of Flight Operations,AVIATION,"Flight Operations, EASA/FAA Regulations, Fleet Management, Strategic Planning, Leadership, AOC Compliance",Oversee all flight operations; Ensure regulatory compliance; Manage fleet and crew resources; Drive operational efficiency; Report to airline board,flight operations director EASA FAA fleet management leadership AOC strategic,Senior,12,LinkedIn,"['Flight Operations', 'EASA/FAA Regulations', 'Fleet Management', 'Strategic Planning', 'Leadership', 'AOC Compliance']","['flight', 'operations', 'director', 'EASA', 'FAA', 'fleet', 'management', 'leadership', 'AOC', 'strategic']",flight operations easa/faa regulations fleet management strategic planning leadership aoc compliance,AVIATION Director of Flight Operations flight operations easa/faa regulations fleet management strategic planning leadership aoc compliance senior 12 years,"Flight Operations, EASA/FAA Regulations, Fleet Management, Strategic Planning, Leadership, AOC Compliance",,,ADVOCATE
SAL006,Inside Sales Representative,SALES,"Telephone Sales, CRM, Objection Handling, Lead Qualification, Product Demo, Quota Management",Manage inbound leads and convert to customers; Conduct product demonstrations; Handle objections; Maintain CRM; Consistently hit monthly quotas,inside sales telephone CRM demos lead qualification quota,Junior,2,LinkedIn,"['Telephone Sales', 'CRM', 'Objection Handling', 'Lead Qualification', 'Product Demo', 'Quota Management']","['inside', 'sales', 'telephone', 'CRM', 'demos', 'lead', 'qualification', 'quota']",telephone sales crm objection handling lead qualification product demo quota management,SALES Inside Sales Representative telephone sales crm objection handling lead qualification product demo quota management junior 2 years,"Telephone Sales, CRM, Objection Handling, Lead Qualification, Product Demo, Quota Management",,,INFORMATION-TECHNOLOGY
CON005,Junior Analyst – Consulting,CONSULTANT,"Data Analysis, Excel, PowerPoint, Research, Problem Solving, Communication",Conduct quantitative and qualitative research; Build Excel models; Prepare client presentations; Support senior consultants in delivering projects,consulting analyst research data analysis excel presentations problem solving,Junior,1,LinkedIn,"['Data Analysis', 'Excel', 'PowerPoint', 'Research', 'Problem Solving', 'Communication']","['consulting', 'analyst', 'research', 'data', 'analysis', 'excel', 'presentations', 'problem', 'solving']",data analysis excel powerpoint research problem solving communication,CONSULTANT Junior Analyst – Consulting data analysis excel powerpoint research problem solving communication junior 1 year,"Data Analysis, Excel, PowerPoint, Research, Problem Solving, Communication",,,HR
HC003,Pharmacist,HEALTHCARE,"Pharmaceutical Knowledge, Drug Interactions, Patient Counselling, Prescription Verification, Inventory Management",Dispense medications accurately; Counsel patients on drug use; Check for drug interactions; Collaborate with physicians; Manage pharmacy inventory,pharmacy pharmaceutical drug interaction patient counselling prescription,Mid,3,LinkedIn,"['Pharmaceutical Knowledge', 'Drug Interactions', 'Patient Counselling', 'Prescription Verification', 'Inventory Management']","['pharmacy', 'pharmaceutical', 'drug', 'interaction', 'patient', 'counselling', 'prescription']",pharmaceutical knowledge drug interactions patient counselling prescription verification inventory management,HEALTHCARE Pharmacist pharmaceutical knowledge drug interactions patient counselling prescription verification inventory management mid 3 years,"Pharmaceutical Knowledge, Drug Interactions, Patient Counselling, Prescription Verification, Inventory Management",,,ADVOCATE
APP005,Head of Design – Apparel,APPAREL,"Creative Direction, Range Planning, Team Leadership, CAD, Trend Forecasting, Brand Identity",Lead seasonal design direction; Manage design team; Build commercial range plans; Present collections to stakeholders; Develop brand aesthetic,head design apparel creative direction leadership trend forecasting brand range,Senior,10,LinkedIn,"['Creative Direction', 'Range Planning', 'Team Leadership', 'CAD', 'Trend Forecasting', 'Brand Identity']","['head', 'design', 'apparel', 'creative', 'direction', 'leadership', 'trend', 'forecasting', 'brand', 'range']",creative direction range planning team leadership cad trend forecasting brand identity,APPAREL Head of Design – Apparel creative direction range planning team leadership cad trend forecasting brand identity senior 10 years,"Creative Direction, Range Planning, Team Leadership, CAD, Trend Forecasting, Brand Identity",,,DESIGNER
FIT005,Head of Performance,FITNESS,"Elite Athlete Management, Programme Design, Sports Psychology, Budget Management, Team Leadership",Lead performance department; Oversee all S&C and sports science staff; Drive high-performance culture; Manage department budget; Liaise with board and coaching staff,head performance elite athletes leadership sports science management,Senior,10,LinkedIn,"['Elite Athlete Management', 'Programme Design', 'Sports Psychology', 'Budget Management', 'Team Leadership']","['head', 'performance', 'elite', 'athletes', 'leadership', 'sports', 'science', 'management']",elite athlete management programme design sports psychology budget management team leadership,FITNESS Head of Performance elite athlete management programme design sports psychology budget management team leadership senior 10 years,"Elite Athlete Management, Programme Design, Sports Psychology, Budget Management, Team Leadership",,,HR
CON003,Strategy Consultant,CONSULTANT,"Strategic Analysis, Business Case Development, Stakeholder Management, PowerPoint, Financial Modelling",Conduct strategic assessments; Develop business cases; Facilitate client workshops; Present recommendations to senior leadership; Support implementation,strategy consulting analysis business case financial modelling stakeholder,Mid,4,LinkedIn,"['Strategic Analysis', 'Business Case Development', 'Stakeholder Management', 'PowerPoint', 'Financial Modelling']","['strategy', 'consulting', 'analysis', 'business', 'case', 'financial', 'modelling', 'stakeholder']",strategic analysis business case development stakeholder management powerpoint financial modelling,CONSULTANT Strategy Consultant strategic analysis business case development stakeholder management powerpoint financial modelling mid 4 years,"Strategic Analysis, Business Case Development, Stakeholder Management, PowerPoint, Financial Modelling",,,ADVOCATE
APP005,Head of Design – Apparel,APPAREL,"Creative Direction, Range Planning, Team Leadership, CAD, Trend Forecasting, Brand Identity",Lead seasonal design direction; Manage design team; Build commercial range plans; Present collections to stakeholders; Develop brand aesthetic,head design apparel creative direction leadership trend forecasting brand range,Senior,10,LinkedIn,"['Creative Direction', 'Range Planning', 'Team Leadership', 'CAD', 'Trend Forecasting', 'Brand Identity']","['head', 'design', 'apparel', 'creative', 'direction', 'leadership', 'trend', 'forecasting', 'brand', 'range']",creative direction range planning team leadership cad trend forecasting brand identity,APPAREL Head of Design – Apparel creative direction range planning team leadership cad trend forecasting brand identity senior 10 years,"Creative Direction, Range Planning, Team Leadership, CAD, Trend Forecasting, Brand Identity",,,INFORMATION-TECHNOLOGY
ACC002,Accounts Executive,ACCOUNTANT,"Bookkeeping, Accounts Payable, Accounts Receivable, Tally, Excel, Bank Reconciliation, TDS, GST, Invoicing, Communication",Maintain ledgers; Process invoices; Reconcile accounts; Handle vendor payments; Prepare monthly reports,accounts executive bookkeeping accounts payable receivable tally excel bank reconciliation tds gst invoicing communication,Junior,2,Indeed,"['Bookkeeping', 'Accounts Payable', 'Accounts Receivable', 'Tally', 'Excel', 'Bank Reconciliation', 'TDS', 'GST', 'Invoicing', 'Communication']","['accounts executive', 'bookkeeping', 'accounts payable', 'accounts receivable', 'tally', 'excel', 'bank reconciliation', 'tds', 'gst', 'invoicing', 'communication']",bookkeeping accounts payable accounts receivable tally excel bank reconciliation tds gst invoicing communication,ACCOUNTANT Accounts Executive bookkeeping accounts payable accounts receivable tally excel bank reconciliation tds gst invoicing communication junior 2 years,"Bookkeeping, Accounts Payable, Accounts Receivable, Tally, Excel, Bank Reconciliation, TDS, GST, Invoicing, Communication",,,INFORMATION-TECHNOLOGY
BNK002,Credit Analyst,BANKING,"Credit Assessment, Financial Modeling, Risk Analysis, Excel, Bloomberg, Loan Structuring, Regulatory Compliance, Report Writing, Communication",Assess creditworthiness; Analyze financial statements; Prepare credit reports; Monitor loan portfolios; Ensure compliance,credit analyst credit assessment financial modeling risk analysis excel bloomberg loan structuring regulatory compliance report writing,Mid,3,Naukri,"['Credit Assessment', 'Financial Modeling', 'Risk Analysis', 'Excel', 'Bloomberg', 'Loan Structuring', 'Regulatory Compliance', 'Report Writing', 'Communication']","['credit analyst', 'credit assessment', 'financial modeling', 'risk analysis', 'excel', 'bloomberg', 'loan structuring', 'regulatory compliance', 'report writing']",credit assessment financial modeling risk analysis excel bloomberg loan structuring regulatory compliance report writing communication,BANKING Credit Analyst credit assessment financial modeling risk analysis excel bloomberg loan structuring regulatory compliance report writing communication mid 3 years,"Credit Assessment, Financial Modeling, Risk Analysis, Excel, Bloomberg, Loan Structuring, Regulatory Compliance, Report Writing, Communication",,,TEACHER
DM003,Content Strategist,DIGITAL-MEDIA,"Content Strategy, SEO, Editorial Planning, Analytics, Copywriting, CMS",Develop content strategy aligned to business goals; Create editorial calendars; Oversee content production; Measure content performance; Drive SEO improvements,content strategy SEO editorial analytics copywriting CMS,Mid,3,LinkedIn,"['Content Strategy', 'SEO', 'Editorial Planning', 'Analytics', 'Copywriting', 'CMS']","['content', 'strategy', 'SEO', 'editorial', 'analytics', 'copywriting', 'CMS']",content strategy seo editorial planning analytics copywriting cms,DIGITAL-MEDIA Content Strategist content strategy seo editorial planning analytics copywriting cms mid 3 years,"Content Strategy, SEO, Editorial Planning, Analytics, Copywriting, CMS",,,TEACHER
TEA002,Primary School Teacher,TEACHER,"Child Development, Lesson Planning, Creative Teaching, Communication, Patience, MS Office, Activity Design, Phonics",Teach foundational subjects; Design age-appropriate activities; Monitor child development; Engage parents; Maintain records,primary teacher child development lesson planning creative communication patience ms office activity phonics,Junior,1,LinkedIn,"['Child Development', 'Lesson Planning', 'Creative Teaching', 'Communication', 'Patience', 'MS Office', 'Activity Design', 'Phonics']","['primary teacher', 'child development', 'lesson planning', 'creative', 'communication', 'patience', 'ms office', 'activity', 'phonics']",child development lesson planning creative teaching communication patience ms office activity design phonics,TEACHER Primary School Teacher child development lesson planning creative teaching communication patience ms office activity design phonics junior 1 year,"Child Development, Lesson Planning, Creative Teaching, Communication, Patience, MS Office, Activity Design, Phonics",,,ADVOCATE
IT003,DevOps Engineer,INFORMATION-TECHNOLOGY,"Docker, Kubernetes, CI/CD, Terraform, AWS, Linux, Python, Monitoring",Manage cloud infrastructure; Build and maintain CI/CD pipelines; Automate deployments; Monitor system health; Implement security best practices,devops docker kubernetes aws terraform cicd linux automation infrastructure,Mid,4,LinkedIn,"['Docker', 'Kubernetes', 'CI/CD', 'Terraform', 'AWS', 'Linux', 'Python', 'Monitoring']","['devops', 'docker', 'kubernetes', 'aws', 'terraform', 'cicd', 'linux', 'automation', 'infrastructure']",docker kubernetes ci/cd terraform aws linux python monitoring,INFORMATION-TECHNOLOGY DevOps Engineer docker kubernetes ci/cd terraform aws linux python monitoring mid 4 years,"Docker, Kubernetes, CI/CD, Terraform, AWS, Linux, Python, Monitoring",,,ADVOCATE
APP005,Head of Design – Apparel,APPAREL,"Creative Direction, Range Planning, Team Leadership, CAD, Trend Forecasting, Brand Identity",Lead seasonal design direction; Manage design team; Build commercial range plans; Present collections to stakeholders; Develop brand aesthetic,head design apparel creative direction leadership trend forecasting brand range,Senior,10,LinkedIn,"['Creative Direction', 'Range Planning', 'Team Leadership', 'CAD', 'Trend Forecasting', 'Brand Identity']","['head', 'design', 'apparel', 'creative', 'direction', 'leadership', 'trend', 'forecasting', 'brand', 'range']",creative direction range planning team leadership cad trend forecasting brand identity,APPAREL Head of Design – Apparel creative direction range planning team leadership cad trend forecasting brand identity senior 10 years,"Creative Direction, Range Planning, Team Leadership, CAD, Trend Forecasting, Brand Identity",,,HR
CON002,IT Consultant,CONSULTANT,"Systems Analysis, IT Strategy, Cloud Solutions, Project Management, ITIL, Cybersecurity, Communication, Vendor Management, SQL",Assess IT infrastructure; Recommend solutions; Manage implementations; Advise on IT strategy; Support digital transformation,it consultant systems analysis it strategy cloud solutions project management itil cybersecurity vendor management sql,Senior,6,Naukri,"['Systems Analysis', 'IT Strategy', 'Cloud Solutions', 'Project Management', 'ITIL', 'Cybersecurity', 'Communication', 'Vendor Management', 'SQL']","['it consultant', 'systems analysis', 'it strategy', 'cloud solutions', 'project management', 'itil', 'cybersecurity', 'vendor management', 'sql']",systems analysis it strategy cloud solutions project management itil cybersecurity communication vendor management sql,CONSULTANT IT Consultant systems analysis it strategy cloud solutions project management itil cybersecurity communication vendor management sql senior 6 years,"Systems Analysis, IT Strategy, Cloud Solutions, Project Management, ITIL, Cybersecurity, Communication, Vendor Management, SQL",,,INFORMATION-TECHNOLOGY
CHF004,Commis Chef,CHEF,"Basic Culinary Techniques, Knife Skills, Food Hygiene, Mise en Place, Stock Preparation",Assist with food preparation; Maintain cleanliness and hygiene; Follow recipes accurately; Prepare mise en place; Support all sections of the kitchen,commis chef culinary food preparation hygiene mise en place kitchen,Junior,0,Indeed,"['Basic Culinary Techniques', 'Knife Skills', 'Food Hygiene', 'Mise en Place', 'Stock Preparation']","['commis', 'chef', 'culinary', 'food', 'preparation', 'hygiene', 'mise', 'en', 'place', 'kitchen']",basic culinary techniques knife skills food hygiene mise en place stock preparation,CHEF Commis Chef basic culinary techniques knife skills food hygiene mise en place stock preparation junior 0 years,"Basic Culinary Techniques, Knife Skills, Food Hygiene, Mise en Place, Stock Preparation",,,ADVOCATE
HR001,HR Business Partner,HR,"Employee Relations, HR Strategy, Talent Management, Organisational Design, Coaching, Employment Law",Partner with business leaders to align HR strategy; Manage complex employee relations cases; Support organisational design; Drive talent programmes; Ensure policy compliance,HR business partner employee relations talent management organisational design coaching,Senior,7,LinkedIn,"['Employee Relations', 'HR Strategy', 'Talent Management', 'Organisational Design', 'Coaching', 'Employment Law']","['HR', 'business', 'partner', 'employee', 'relations', 'talent', 'management', 'organisational', 'design', 'coaching']",employee relations hr strategy talent management organisational design coaching employment law,HR HR Business Partner employee relations hr strategy talent management organisational design coaching employment law senior 7 years,"Employee Relations, HR Strategy, Talent Management, Organisational Design, Coaching, Employment Law",,,ADVOCATE
ENG004,Graduate Engineer,ENGINEERING,"Engineering Fundamentals, AutoCAD, MATLAB, Problem Solving, Technical Report Writing, Teamwork",Support senior engineers on projects; Conduct design calculations; Prepare technical documentation; Assist in site inspections; Learn and apply engineering standards,graduate engineer design calculations technical documentation engineering standards,Junior,0,Indeed,"['Engineering Fundamentals', 'AutoCAD', 'MATLAB', 'Problem Solving', 'Technical Report Writing', 'Teamwork']","['graduate', 'engineer', 'design', 'calculations', 'technical', 'documentation', 'engineering', 'standards']",engineering fundamentals autocad matlab problem solving technical report writing teamwork,ENGINEERING Graduate Engineer engineering fundamentals autocad matlab problem solving technical report writing teamwork junior 0 years,"Engineering Fundamentals, AutoCAD, MATLAB, Problem Solving, Technical Report Writing, Teamwork",,,ADVOCATE
FIT004,Strength and Conditioning Coach,FITNESS,"Strength Training, Periodisation, Athlete Assessment, Sports Science, Recovery Protocols, Video Analysis",Design strength and conditioning programmes for athletes; Monitor athlete performance; Analyse training data; Collaborate with medical staff; Implement injury prevention protocols,strength conditioning athlete training periodisation sports science recovery,Mid,4,LinkedIn,"['Strength Training', 'Periodisation', 'Athlete Assessment', 'Sports Science', 'Recovery Protocols', 'Video Analysis']","['strength', 'conditioning', 'athlete', 'training', 'periodisation', 'sports', 'science', 'recovery']",strength training periodisation athlete assessment sports science recovery protocols video analysis,FITNESS Strength and Conditioning Coach strength training periodisation athlete assessment sports science recovery protocols video analysis mid 4 years,"Strength Training, Periodisation, Athlete Assessment, Sports Science, Recovery Protocols, Video Analysis",,,HR
AUTO001,Automotive Engineer,AUTOMOBILE,"CAD, MATLAB, Vehicle Dynamics, Engine Design, AutoCAD, CATIA, Project Management, Mechanical Engineering, Testing & Validation",Design vehicle systems; Test components; Troubleshoot engineering issues; Collaborate with production teams; Write technical reports,automotive engineer cad matlab vehicle dynamics engine design autocad catia project management mechanical testing,Mid,4,LinkedIn,"['CAD', 'MATLAB', 'Vehicle Dynamics', 'Engine Design', 'AutoCAD', 'CATIA', 'Project Management', 'Mechanical Engineering', 'Testing & Validation']","['automotive engineer', 'cad', 'matlab', 'vehicle dynamics', 'engine design', 'autocad', 'catia', 'project management', 'mechanical engineering', 'testing']",cad matlab vehicle dynamics engine design autocad catia project management mechanical engineering testing validation,AUTOMOBILE Automotive Engineer cad matlab vehicle dynamics engine design autocad catia project management mechanical engineering testing validation mid 4 years,"CAD, MATLAB, Vehicle Dynamics, Engine Design, AutoCAD, CATIA, Project Management, Mechanical Engineering, Testing & Validation",,,DESIGNER
DES002,Graphic Designer,DESIGNER,"Adobe Creative Suite, Typography, Branding, Print Design, Logo Design, Illustration, InDesign, Corel Draw",Create visual content; Develop brand identities; Design print and digital materials; Present design concepts to clients,graphic design branding typography logo print digital creative suite illustrator,Junior,1,Indeed,"['Adobe Creative Suite', 'Typography', 'Branding', 'Print Design', 'Logo Design', 'Illustration', 'InDesign', 'Corel Draw']","['graphic design', 'branding', 'typography', 'logo', 'print', 'digital', 'creative suite', 'illustrator']",adobe creative suite typography branding print design logo design illustration indesign corel draw,DESIGNER Graphic Designer adobe creative suite typography branding print design logo design illustration indesign corel draw junior 1 year,"Adobe Creative Suite, Typography, Branding, Print Design, Logo Design, Illustration, InDesign, Corel Draw",,,INFORMATION-TECHNOLOGY
AVI005,Director of Flight Operations,AVIATION,"Flight Operations, EASA/FAA Regulations, Fleet Management, Strategic Planning, Leadership, AOC Compliance",Oversee all flight operations; Ensure regulatory compliance; Manage fleet and crew resources; Drive operational efficiency; Report to airline board,flight operations director EASA FAA fleet management leadership AOC strategic,Senior,12,LinkedIn,"['Flight Operations', 'EASA/FAA Regulations', 'Fleet Management', 'Strategic Planning', 'Leadership', 'AOC Compliance']","['flight', 'operations', 'director', 'EASA', 'FAA', 'fleet', 'management', 'leadership', 'AOC', 'strategic']",flight operations easa/faa regulations fleet management strategic planning leadership aoc compliance,AVIATION Director of Flight Operations flight operations easa/faa regulations fleet management strategic planning leadership aoc compliance senior 12 years,"Flight Operations, EASA/FAA Regulations, Fleet Management, Strategic Planning, Leadership, AOC Compliance",,,INFORMATION-TECHNOLOGY
PR002,PR Executive,PUBLIC-RELATIONS,"Media Monitoring, Press Release Writing, Social Media, Event Coordination, Research, Communication, MS Office, Networking",Monitor media coverage; Draft press materials; Assist in events; Support senior PR team; Maintain media contacts,pr executive media monitoring press release writing social media event coordination research communication ms office networking,Junior,1,Indeed,"['Media Monitoring', 'Press Release Writing', 'Social Media', 'Event Coordination', 'Research', 'Communication', 'MS Office', 'Networking']","['pr executive', 'media monitoring', 'press release writing', 'social media', 'event coordination', 'research', 'communication', 'ms office', 'networking']",media monitoring press release writing social media event coordination research communication ms office networking,PUBLIC-RELATIONS PR Executive media monitoring press release writing social media event coordination research communication ms office networking junior 1 year,"Media Monitoring, Press Release Writing, Social Media, Event Coordination, Research, Communication, MS Office, Networking",,,DESIGNER
IT007,Cloud Architect,INFORMATION-TECHNOLOGY,"AWS, Azure, GCP, Terraform, Kubernetes, Security, Cost Optimisation, Microservices",Design cloud-native architectures; Lead migration projects; Define infrastructure standards; Mentor engineering teams; Ensure compliance,cloud architecture aws azure gcp terraform microservices infrastructure,Senior,8,LinkedIn,"['AWS', 'Azure', 'GCP', 'Terraform', 'Kubernetes', 'Security', 'Cost Optimisation', 'Microservices']","['cloud', 'architecture', 'aws', 'azure', 'gcp', 'terraform', 'microservices', 'infrastructure']",aws azure gcp terraform kubernetes security cost optimisation microservices,INFORMATION-TECHNOLOGY Cloud Architect aws azure gcp terraform kubernetes security cost optimisation microservices senior 8 years,"AWS, Azure, GCP, Terraform, Kubernetes, Security, Cost Optimisation, Microservices",,,HR
CON001,Management Consultant,CONSULTANT,"Business Analysis, Strategy, Problem Solving, Data Analysis, Excel, PowerPoint, Stakeholder Management, Project Management, Consulting Frameworks",Advise clients on business strategy; Conduct research; Develop recommendations; Present findings; Manage project timelines,management consultant business analysis strategy problem solving data analysis excel powerpoint stakeholder project management,Mid,4,LinkedIn,"['Business Analysis', 'Strategy', 'Problem Solving', 'Data Analysis', 'Excel', 'PowerPoint', 'Stakeholder Management', 'Project Management', 'Consulting Frameworks']","['management consultant', 'business analysis', 'strategy', 'problem solving', 'data analysis', 'excel', 'powerpoint', 'stakeholder', 'project management']",business analysis strategy problem solving data analysis excel powerpoint stakeholder management project management consulting frameworks,CONSULTANT Management Consultant business analysis strategy problem solving data analysis excel powerpoint stakeholder management project management consulting frameworks mid 4 years,"Business Analysis, Strategy, Problem Solving, Data Analysis, Excel, PowerPoint, Stakeholder Management, Project Management, Consulting Frameworks",,,DESIGNER
DES003,Motion Graphics Designer,DESIGNER,"After Effects, Premiere Pro, Cinema 4D, Illustrator, Photoshop, Storyboarding",Create animated content; Produce motion graphics for digital campaigns; Collaborate with creative team; Deliver video assets on schedule,motion graphics animation after effects cinema 4d video production creative,Mid,3,LinkedIn,"['After Effects', 'Premiere Pro', 'Cinema 4D', 'Illustrator', 'Photoshop', 'Storyboarding']","['motion', 'graphics', 'animation', 'after', 'effects', 'cinema', '4d', 'video', 'production', 'creative']",after effects premiere pro cinema 4d illustrator photoshop storyboarding,DESIGNER Motion Graphics Designer after effects premiere pro cinema 4d illustrator photoshop storyboarding mid 3 years,"After Effects, Premiere Pro, Cinema 4D, Illustrator, Photoshop, Storyboarding",,,INFORMATION-TECHNOLOGY
AUTO002,Service Technician,AUTOMOBILE,"Vehicle Diagnostics, Engine Repair, Transmission, Electrical Systems, OBD Tools, Customer Service, Documentation, Safety Protocols",Diagnose vehicle faults; Perform repairs; Service vehicles; Advise customers; Maintain service records,service technician vehicle diagnostics engine repair transmission electrical systems obd tools customer service documentation safety,Junior,2,Naukri,"['Vehicle Diagnostics', 'Engine Repair', 'Transmission', 'Electrical Systems', 'OBD Tools', 'Customer Service', 'Documentation', 'Safety Protocols']","['service technician', 'vehicle diagnostics', 'engine repair', 'transmission', 'electrical systems', 'obd tools', 'customer service', 'documentation', 'safety']",vehicle diagnostics engine repair transmission electrical systems obd tools customer service documentation safety protocols,AUTOMOBILE Service Technician vehicle diagnostics engine repair transmission electrical systems obd tools customer service documentation safety protocols junior 2 years,"Vehicle Diagnostics, Engine Repair, Transmission, Electrical Systems, OBD Tools, Customer Service, Documentation, Safety Protocols",,,ADVOCATE
CON005,Junior Analyst – Consulting,CONSULTANT,"Data Analysis, Excel, PowerPoint, Research, Problem Solving, Communication",Conduct quantitative and qualitative research; Build Excel models; Prepare client presentations; Support senior consultants in delivering projects,consulting analyst research data analysis excel presentations problem solving,Junior,1,LinkedIn,"['Data Analysis', 'Excel', 'PowerPoint', 'Research', 'Problem Solving', 'Communication']","['consulting', 'analyst', 'research', 'data', 'analysis', 'excel', 'presentations', 'problem', 'solving']",data analysis excel powerpoint research problem solving communication,CONSULTANT Junior Analyst – Consulting data analysis excel powerpoint research problem solving communication junior 1 year,"Data Analysis, Excel, PowerPoint, Research, Problem Solving, Communication",,,INFORMATION-TECHNOLOGY
AVI005,Director of Flight Operations,AVIATION,"Flight Operations, EASA/FAA Regulations, Fleet Management, Strategic Planning, Leadership, AOC Compliance",Oversee all flight operations; Ensure regulatory compliance; Manage fleet and crew resources; Drive operational efficiency; Report to airline board,flight operations director EASA FAA fleet management leadership AOC strategic,Senior,12,LinkedIn,"['Flight Operations', 'EASA/FAA Regulations', 'Fleet Management', 'Strategic Planning', 'Leadership', 'AOC Compliance']","['flight', 'operations', 'director', 'EASA', 'FAA', 'fleet', 'management', 'leadership', 'AOC', 'strategic']",flight operations easa/faa regulations fleet management strategic planning leadership aoc compliance,AVIATION Director of Flight Operations flight operations easa/faa regulations fleet management strategic planning leadership aoc compliance senior 12 years,"Flight Operations, EASA/FAA Regulations, Fleet Management, Strategic Planning, Leadership, AOC Compliance",,,INFORMATION-TECHNOLOGY
HC001,Registered Nurse,HEALTHCARE,"Patient Care, Clinical Assessment, Medication Administration, EMR, IV Therapy, Communication, BLS, ACLS, Wound Care",Provide patient care; Monitor vitals; Administer medications; Coordinate with physicians; Educate patients and families,nurse patient care clinical assessment medication emr iv therapy communication bls acls wound care,Mid,3,Hospital Jobs,"['Patient Care', 'Clinical Assessment', 'Medication Administration', 'EMR', 'IV Therapy', 'Communication', 'BLS', 'ACLS', 'Wound Care']","['nurse', 'patient care', 'clinical assessment', 'medication', 'emr', 'iv therapy', 'communication', 'bls', 'acls', 'wound care']",patient care clinical assessment medication administration emr iv therapy communication bls acls wound care,HEALTHCARE Registered Nurse patient care clinical assessment medication administration emr iv therapy communication bls acls wound care mid 3 years,"Patient Care, Clinical Assessment, Medication Administration, EMR, IV Therapy, Communication, BLS, ACLS, Wound Care",,,DESIGNER
BPO004,BPO Operations Manager,BPO,"Workforce Management, SLA Management, P&L, Team Leadership, Process Optimisation, Stakeholder Management",Manage day-to-day BPO operations; Ensure SLAs are met; Lead team leaders and agents; Analyse performance metrics; Drive process improvement initiatives,BPO operations management SLA workforce metrics process improvement leadership,Senior,7,LinkedIn,"['Workforce Management', 'SLA Management', 'P&L', 'Team Leadership', 'Process Optimisation', 'Stakeholder Management']","['BPO', 'operations', 'management', 'SLA', 'workforce', 'metrics', 'process', 'improvement', 'leadership']",workforce management sla management p&l team leadership process optimisation stakeholder management,BPO BPO Operations Manager workforce management sla management p&l team leadership process optimisation stakeholder management senior 7 years,"Workforce Management, SLA Management, P&L, Team Leadership, Process Optimisation, Stakeholder Management",,,ADVOCATE
BPO004,BPO Operations Manager,BPO,"Workforce Management, SLA Management, P&L, Team Leadership, Process Optimisation, Stakeholder Management",Manage day-to-day BPO operations; Ensure SLAs are met; Lead team leaders and agents; Analyse performance metrics; Drive process improvement initiatives,BPO operations management SLA workforce metrics process improvement leadership,Senior,7,LinkedIn,"['Workforce Management', 'SLA Management', 'P&L', 'Team Leadership', 'Process Optimisation', 'Stakeholder Management']","['BPO', 'operations', 'management', 'SLA', 'workforce', 'metrics', 'process', 'improvement', 'leadership']",workforce management sla management p&l team leadership process optimisation stakeholder management,BPO BPO Operations Manager workforce management sla management p&l team leadership process optimisation stakeholder management senior 7 years,"Workforce Management, SLA Management, P&L, Team Leadership, Process Optimisation, Stakeholder Management",,,DESIGNER
HR002,Talent Acquisition Specialist,HR,"Recruitment, LinkedIn Recruiter, ATS, Interviewing, Employer Branding, Boolean Search",Manage full-cycle recruitment; Source candidates via multiple channels; Conduct competency interviews; Build talent pipelines; Enhance employer brand,talent acquisition recruitment sourcing ATS interviewing employer branding,Mid,3,LinkedIn,"['Recruitment', 'LinkedIn Recruiter', 'ATS', 'Interviewing', 'Employer Branding', 'Boolean Search']","['talent', 'acquisition', 'recruitment', 'sourcing', 'ATS', 'interviewing', 'employer', 'branding']",recruitment linkedin recruiter ats interviewing employer branding boolean search,HR Talent Acquisition Specialist recruitment linkedin recruiter ats interviewing employer branding boolean search mid 3 years,"Recruitment, LinkedIn Recruiter, ATS, Interviewing, Employer Branding, Boolean Search",,,ADVOCATE
ACC003,Tax Accountant,ACCOUNTANT,"Corporate Tax, IFRS, Tax Planning, Compliance, SAP, Excel, VAT",Prepare and review corporate tax returns; Advise on tax planning strategies; Ensure compliance with local tax laws; Liaise with tax authorities; Support transfer pricing,tax accountant corporate tax compliance IFRS SAP VAT planning,Mid,3,LinkedIn,"['Corporate Tax', 'IFRS', 'Tax Planning', 'Compliance', 'SAP', 'Excel', 'VAT']","['tax', 'accountant', 'corporate', 'tax', 'compliance', 'IFRS', 'SAP', 'VAT', 'planning']",corporate tax ifrs tax planning compliance sap excel vat,ACCOUNTANT Tax Accountant corporate tax ifrs tax planning compliance sap excel vat mid 3 years,"Corporate Tax, IFRS, Tax Planning, Compliance, SAP, Excel, VAT",,,ADVOCATE
AGR005,Agricultural Director,AGRICULTURE,"Agricultural Policy, Budget Management, Supply Chain, Stakeholder Relations, Strategic Planning, Sustainability",Lead agricultural programmes at regional level; Develop policy recommendations; Manage large budgets; Build government and NGO partnerships; Oversee sustainability initiatives,agriculture director policy budget supply chain sustainability leadership,Senior,12,LinkedIn,"['Agricultural Policy', 'Budget Management', 'Supply Chain', 'Stakeholder Relations', 'Strategic Planning', 'Sustainability']","['agriculture', 'director', 'policy', 'budget', 'supply', 'chain', 'sustainability', 'leadership']",agricultural policy budget management supply chain stakeholder relations strategic planning sustainability,AGRICULTURE Agricultural Director agricultural policy budget management supply chain stakeholder relations strategic planning sustainability senior 12 years,"Agricultural Policy, Budget Management, Supply Chain, Stakeholder Relations, Strategic Planning, Sustainability",,,ADVOCATE
AUTO003,Automotive Sales Consultant,AUTOMOBILE,"Product Knowledge, Customer Service, CRM, Negotiation, Test Drive Management, Finance Products",Advise customers on vehicle selection; Arrange and lead test drives; Present finance options; Negotiate deals; Maintain customer database,automotive sales customer service crm negotiation test drive finance,Junior,1,Indeed,"['Product Knowledge', 'Customer Service', 'CRM', 'Negotiation', 'Test Drive Management', 'Finance Products']","['automotive', 'sales', 'customer', 'service', 'crm', 'negotiation', 'test', 'drive', 'finance']",product knowledge customer service crm negotiation test drive management finance products,AUTOMOBILE Automotive Sales Consultant product knowledge customer service crm negotiation test drive management finance products junior 1 year,"Product Knowledge, Customer Service, CRM, Negotiation, Test Drive Management, Finance Products",,,HR
ENG001,Mechanical Engineer,ENGINEERING,"CAD, SolidWorks, ANSYS, FEA, Thermodynamics, Manufacturing Processes, AutoCAD, MATLAB, Project Management, GD&T",Design mechanical components; Perform simulations; Supervise manufacturing; Write technical reports; Optimize designs,mechanical engineer cad solidworks ansys fea thermodynamics manufacturing autocad matlab project management gdt,Mid,4,LinkedIn,"['CAD', 'SolidWorks', 'ANSYS', 'FEA', 'Thermodynamics', 'Manufacturing Processes', 'AutoCAD', 'MATLAB', 'Project Management', 'GD&T']","['mechanical engineer', 'cad', 'solidworks', 'ansys', 'fea', 'thermodynamics', 'manufacturing', 'autocad', 'matlab', 'project management', 'gdt']",cad solidworks ansys fea thermodynamics manufacturing processes autocad matlab project management gdt,ENGINEERING Mechanical Engineer cad solidworks ansys fea thermodynamics manufacturing processes autocad matlab project management gdt mid 4 years,"CAD, SolidWorks, ANSYS, FEA, Thermodynamics, Manufacturing Processes, AutoCAD, MATLAB, Project Management, GD&T",,,INFORMATION-TECHNOLOGY
HC004,Physical Therapist,HEALTHCARE,"Rehabilitation, Manual Therapy, Exercise Prescription, Patient Assessment, EMR, Musculoskeletal",Assess and treat patients with physical impairments; Develop rehabilitation plans; Document patient progress; Educate patients on injury prevention,physical therapy rehabilitation musculoskeletal manual therapy exercise,Mid,4,Indeed,"['Rehabilitation', 'Manual Therapy', 'Exercise Prescription', 'Patient Assessment', 'EMR', 'Musculoskeletal']","['physical', 'therapy', 'rehabilitation', 'musculoskeletal', 'manual', 'therapy', 'exercise']",rehabilitation manual therapy exercise prescription patient assessment emr musculoskeletal,HEALTHCARE Physical Therapist rehabilitation manual therapy exercise prescription patient assessment emr musculoskeletal mid 4 years,"Rehabilitation, Manual Therapy, Exercise Prescription, Patient Assessment, EMR, Musculoskeletal",,,DESIGNER
DES003,Motion Graphics Designer,DESIGNER,"After Effects, Premiere Pro, Cinema 4D, Illustrator, Photoshop, Storyboarding",Create animated content; Produce motion graphics for digital campaigns; Collaborate with creative team; Deliver video assets on schedule,motion graphics animation after effects cinema 4d video production creative,Mid,3,LinkedIn,"['After Effects', 'Premiere Pro', 'Cinema 4D', 'Illustrator', 'Photoshop', 'Storyboarding']","['motion', 'graphics', 'animation', 'after', 'effects', 'cinema', '4d', 'video', 'production', 'creative']",after effects premiere pro cinema 4d illustrator photoshop storyboarding,DESIGNER Motion Graphics Designer after effects premiere pro cinema 4d illustrator photoshop storyboarding mid 3 years,"After Effects, Premiere Pro, Cinema 4D, Illustrator, Photoshop, Storyboarding",,,HR
BNK001,Relationship Manager,BANKING,"Client Relationship Management, Financial Products, Cross-Selling, KYC/AML, CRM, Banking Regulations, Excel, Communication, Credit Analysis",Manage client portfolios; Promote banking products; Ensure regulatory compliance; Conduct KYC; Grow revenue from existing clients,relationship manager client relationship financial products cross selling kyc aml crm banking regulations excel credit analysis,Mid,4,LinkedIn,"['Client Relationship Management', 'Financial Products', 'Cross-Selling', 'KYC/AML', 'CRM', 'Banking Regulations', 'Excel', 'Communication', 'Credit Analysis']","['relationship manager', 'client relationship', 'financial products', 'cross selling', 'kyc', 'aml', 'crm', 'banking regulations', 'excel', 'credit analysis']",client relationship management financial products cross selling kyc aml crm banking regulations excel communication credit analysis,BANKING Relationship Manager client relationship management financial products cross selling kyc aml crm banking regulations excel communication credit analysis mid 4 years,"Client Relationship Management, Financial Products, Cross-Selling, KYC/AML, CRM, Banking Regulations, Excel, Communication, Credit Analysis",,,HR
DES005,Visual Designer,DESIGNER,"Illustrator, Photoshop, Typography, Branding, Color Theory, InDesign",Create brand visuals; Design marketing collateral; Maintain visual consistency; Support campaigns with creative assets,visual design branding typography color illustrator photoshop indesign,Junior,1,Indeed,"['Illustrator', 'Photoshop', 'Typography', 'Branding', 'Color Theory', 'InDesign']","['visual', 'design', 'branding', 'typography', 'color', 'illustrator', 'photoshop', 'indesign']",illustrator photoshop typography branding color theory indesign,DESIGNER Visual Designer illustrator photoshop typography branding color theory indesign junior 1 year,"Illustrator, Photoshop, Typography, Branding, Color Theory, InDesign",,,DESIGNER
FIN005,CFO,FINANCE,"Financial Strategy, IFRS, M&A, Investor Relations, P&L, Capital Markets, Leadership",Lead financial strategy and planning; Manage investor relations; Oversee financial reporting; Drive M&A transactions; Ensure regulatory compliance,CFO financial strategy IFRS M&A investor relations capital markets leadership,Senior,15,LinkedIn,"['Financial Strategy', 'IFRS', 'M&A', 'Investor Relations', 'P&L', 'Capital Markets', 'Leadership']","['CFO', 'financial', 'strategy', 'IFRS', 'M&A', 'investor', 'relations', 'capital', 'markets', 'leadership']",financial strategy ifrs m&a investor relations p&l capital markets leadership,FINANCE CFO financial strategy ifrs m&a investor relations p&l capital markets leadership senior 15 years,"Financial Strategy, IFRS, M&A, Investor Relations, P&L, Capital Markets, Leadership",,,TEACHER
APP003,Garment Technologist,APPAREL,"Garment Construction, Pattern Grading, Quality Assurance, Technical Packs, Fit Sessions, Fabric Knowledge",Develop technical packs for production; Oversee fit sessions; Liaise with manufacturers; Ensure quality and compliance standards; Solve construction issues,garment technology pattern grading quality assurance technical pack fit manufacturing,Mid,3,Indeed,"['Garment Construction', 'Pattern Grading', 'Quality Assurance', 'Technical Packs', 'Fit Sessions', 'Fabric Knowledge']","['garment', 'technology', 'pattern', 'grading', 'quality', 'assurance', 'technical', 'pack', 'fit', 'manufacturing']",garment construction pattern grading quality assurance technical packs fit sessions fabric knowledge,APPAREL Garment Technologist garment construction pattern grading quality assurance technical packs fit sessions fabric knowledge mid 3 years,"Garment Construction, Pattern Grading, Quality Assurance, Technical Packs, Fit Sessions, Fabric Knowledge",,,TEACHER
ART001,Fine Artist,ARTS,"Oil Painting, Watercolor, Sculpture, Sketching, Composition, Art History, Exhibition Management, Digital Art, Adobe Photoshop",Create original artwork; Participate in exhibitions; Collaborate with galleries; Teach art workshops; Develop personal style,fine artist oil painting watercolor sculpture sketching composition art history exhibition digital art photoshop,Mid,3,Arts Council,"['Oil Painting', 'Watercolor', 'Sculpture', 'Sketching', 'Composition', 'Art History', 'Exhibition Management', 'Digital Art', 'Adobe Photoshop']","['fine artist', 'oil painting', 'watercolor', 'sculpture', 'sketching', 'composition', 'art history', 'exhibition', 'digital art', 'photoshop']",oil painting watercolor sculpture sketching composition art history exhibition management digital art adobe photoshop,ARTS Fine Artist oil painting watercolor sculpture sketching composition art history exhibition management digital art adobe photoshop mid 3 years,"Oil Painting, Watercolor, Sculpture, Sketching, Composition, Art History, Exhibition Management, Digital Art, Adobe Photoshop",,,DESIGNER
BNK003,Investment Analyst,BANKING,"Financial Modelling, DCF Valuation, Equity Research, Bloomberg, CFA, Excel",Conduct equity research; Build financial models; Write investment reports; Present investment thesis; Monitor portfolio companies,investment analysis equity research financial modelling DCF Bloomberg CFA,Junior,2,LinkedIn,"['Financial Modelling', 'DCF Valuation', 'Equity Research', 'Bloomberg', 'CFA', 'Excel']","['investment', 'analysis', 'equity', 'research', 'financial', 'modelling', 'DCF', 'Bloomberg', 'CFA']",financial modelling dcf valuation equity research bloomberg cfa excel,BANKING Investment Analyst financial modelling dcf valuation equity research bloomberg cfa excel junior 2 years,"Financial Modelling, DCF Valuation, Equity Research, Bloomberg, CFA, Excel",,,DESIGNER
IT003,DevOps Engineer,INFORMATION-TECHNOLOGY,"Docker, Kubernetes, CI/CD, Terraform, AWS, Linux, Python, Monitoring",Manage cloud infrastructure; Build and maintain CI/CD pipelines; Automate deployments; Monitor system health; Implement security best practices,devops docker kubernetes aws terraform cicd linux automation infrastructure,Mid,4,LinkedIn,"['Docker', 'Kubernetes', 'CI/CD', 'Terraform', 'AWS', 'Linux', 'Python', 'Monitoring']","['devops', 'docker', 'kubernetes', 'aws', 'terraform', 'cicd', 'linux', 'automation', 'infrastructure']",docker kubernetes ci/cd terraform aws linux python monitoring,INFORMATION-TECHNOLOGY DevOps Engineer docker kubernetes ci/cd terraform aws linux python monitoring mid 4 years,"Docker, Kubernetes, CI/CD, Terraform, AWS, Linux, Python, Monitoring",,,INFORMATION-TECHNOLOGY
HR002,Talent Acquisition Specialist,HR,"Recruitment, LinkedIn Recruiter, ATS, Interviewing, Employer Branding, Boolean Search",Manage full-cycle recruitment; Source candidates via multiple channels; Conduct competency interviews; Build talent pipelines; Enhance employer brand,talent acquisition recruitment sourcing ATS interviewing employer branding,Mid,3,LinkedIn,"['Recruitment', 'LinkedIn Recruiter', 'ATS', 'Interviewing', 'Employer Branding', 'Boolean Search']","['talent', 'acquisition', 'recruitment', 'sourcing', 'ATS', 'interviewing', 'employer', 'branding']",recruitment linkedin recruiter ats interviewing employer branding boolean search,HR Talent Acquisition Specialist recruitment linkedin recruiter ats interviewing employer branding boolean search mid 3 years,"Recruitment, LinkedIn Recruiter, ATS, Interviewing, Employer Branding, Boolean Search",,,ADVOCATE
DM001,Social Media Manager,DIGITAL-MEDIA,"Content Creation, Social Media Strategy, Analytics, SEO, Copywriting, Canva, Hootsuite, Engagement, Paid Ads, Community Management",Manage social media accounts; Create content calendars; Analyze performance; Run ad campaigns; Engage with audience,social media manager content creation strategy analytics seo copywriting canva hootsuite engagement paid ads community,Mid,3,LinkedIn,"['Content Creation', 'Social Media Strategy', 'Analytics', 'SEO', 'Copywriting', 'Canva', 'Hootsuite', 'Engagement', 'Paid Ads', 'Community Management']","['social media manager', 'content creation', 'strategy', 'analytics', 'seo', 'copywriting', 'canva', 'hootsuite', 'engagement', 'paid ads', 'community']",content creation social media strategy analytics seo copywriting canva hootsuite engagement paid ads community management,DIGITAL-MEDIA Social Media Manager content creation social media strategy analytics seo copywriting canva hootsuite engagement paid ads community management mid 3 years,"Content Creation, Social Media Strategy, Analytics, SEO, Copywriting, Canva, Hootsuite, Engagement, Paid Ads, Community Management",,,ADVOCATE
AUTO003,Automotive Sales Consultant,AUTOMOBILE,"Product Knowledge, Customer Service, CRM, Negotiation, Test Drive Management, Finance Products",Advise customers on vehicle selection; Arrange and lead test drives; Present finance options; Negotiate deals; Maintain customer database,automotive sales customer service crm negotiation test drive finance,Junior,1,Indeed,"['Product Knowledge', 'Customer Service', 'CRM', 'Negotiation', 'Test Drive Management', 'Finance Products']","['automotive', 'sales', 'customer', 'service', 'crm', 'negotiation', 'test', 'drive', 'finance']",product knowledge customer service crm negotiation test drive management finance products,AUTOMOBILE Automotive Sales Consultant product knowledge customer service crm negotiation test drive management finance products junior 1 year,"Product Knowledge, Customer Service, CRM, Negotiation, Test Drive Management, Finance Products",,,HR
FIN005,CFO,FINANCE,"Financial Strategy, IFRS, M&A, Investor Relations, P&L, Capital Markets, Leadership",Lead financial strategy and planning; Manage investor relations; Oversee financial reporting; Drive M&A transactions; Ensure regulatory compliance,CFO financial strategy IFRS M&A investor relations capital markets leadership,Senior,15,LinkedIn,"['Financial Strategy', 'IFRS', 'M&A', 'Investor Relations', 'P&L', 'Capital Markets', 'Leadership']","['CFO', 'financial', 'strategy', 'IFRS', 'M&A', 'investor', 'relations', 'capital', 'markets', 'leadership']",financial strategy ifrs m&a investor relations p&l capital markets leadership,FINANCE CFO financial strategy ifrs m&a investor relations p&l capital markets leadership senior 15 years,"Financial Strategy, IFRS, M&A, Investor Relations, P&L, Capital Markets, Leadership",,,DESIGNER
BD002,Business Analyst,BUSINESS-DEVELOPMENT,"Requirements Gathering, Process Mapping, SQL, Excel, JIRA, Stakeholder Management, Data Analysis, Agile, Tableau",Analyze business processes; Gather requirements; Document workflows; Support project management; Create business reports,business analyst requirements gathering process mapping sql excel jira stakeholder management data analysis agile tableau,Mid,3,Indeed,"['Requirements Gathering', 'Process Mapping', 'SQL', 'Excel', 'JIRA', 'Stakeholder Management', 'Data Analysis', 'Agile', 'Tableau']","['business analyst', 'requirements gathering', 'process mapping', 'sql', 'excel', 'jira', 'stakeholder management', 'data analysis', 'agile', 'tableau']",requirements gathering process mapping sql excel jira stakeholder management data analysis agile tableau,BUSINESS-DEVELOPMENT Business Analyst requirements gathering process mapping sql excel jira stakeholder management data analysis agile tableau mid 3 years,"Requirements Gathering, Process Mapping, SQL, Excel, JIRA, Stakeholder Management, Data Analysis, Agile, Tableau",,,TEACHER
AVI001,Commercial Pilot,AVIATION,"ATPL, Flight Operations, Navigation, Meteorology, Aircraft Systems, CRM, Emergency Procedures, Communication, FAA/DGCA Regulations",Operate commercial aircraft; File flight plans; Monitor weather; Communicate with ATC; Ensure passenger safety; Complete flight logs,commercial pilot atpl flight operations navigation meteorology aircraft systems crm emergency procedures communication faa dgca regulations,Senior,5,AviationJobs,"['ATPL', 'Flight Operations', 'Navigation', 'Meteorology', 'Aircraft Systems', 'CRM', 'Emergency Procedures', 'Communication', 'FAA/DGCA Regulations']","['commercial pilot', 'atpl', 'flight operations', 'navigation', 'meteorology', 'aircraft systems', 'crm', 'emergency procedures', 'communication', 'faa', 'dgca']",atpl flight operations navigation meteorology aircraft systems crm emergency procedures communication faa dgca regulations,AVIATION Commercial Pilot atpl flight operations navigation meteorology aircraft systems crm emergency procedures communication faa dgca regulations senior 5 years,"ATPL, Flight Operations, Navigation, Meteorology, Aircraft Systems, CRM, Emergency Procedures, Communication, FAA/DGCA Regulations",,,TEACHER
BD001,Business Development Manager,BUSINESS-DEVELOPMENT,"Sales Strategy, CRM, Negotiation, Market Research, Lead Generation, Presentation, Networking, Excel, Salesforce",Identify new business opportunities; Build client relationships; Develop growth strategies; Negotiate partnerships; Achieve revenue targets,business development sales strategy crm negotiation market research lead generation presentation networking excel salesforce,Senior,6,LinkedIn,"['Sales Strategy', 'CRM', 'Negotiation', 'Market Research', 'Lead Generation', 'Presentation', 'Networking', 'Excel', 'Salesforce']","['business development', 'sales strategy', 'crm', 'negotiation', 'market research', 'lead generation', 'presentation', 'networking', 'salesforce']",sales strategy crm negotiation market research lead generation presentation networking excel salesforce,BUSINESS-DEVELOPMENT Business Development Manager sales strategy crm negotiation market research lead generation presentation networking excel salesforce senior 6 years,"Sales Strategy, CRM, Negotiation, Market Research, Lead Generation, Presentation, Networking, Excel, Salesforce",,,TEACHER
TEA005,English Language Teacher (ESL),TEACHER,"TEFL/TESOL, Lesson Planning, IELTS/TOEFL Prep, Classroom Management, Differentiated Instruction",Teach English to non-native speakers; Prepare students for international exams; Design engaging lesson plans; Assess and provide feedback; Support language development,english esl tefl lesson planning language teaching classroom management,Junior,1,LinkedIn,"['TEFL/TESOL', 'Lesson Planning', 'IELTS/TOEFL Prep', 'Classroom Management', 'Differentiated Instruction']","['english', 'esl', 'tefl', 'lesson', 'planning', 'language', 'teaching', 'classroom', 'management']",tefl/tesol lesson planning ielts/toefl prep classroom management differentiated instruction,TEACHER English Language Teacher (ESL) tefl/tesol lesson planning ielts/toefl prep classroom management differentiated instruction junior 1 year,"TEFL/TESOL, Lesson Planning, IELTS/TOEFL Prep, Classroom Management, Differentiated Instruction",,,HR
APP004,Buying Assistant,APPAREL,"Range Planning, Supplier Management, Excel, Trend Research, Buying Process, Communication",Support buying team in range planning; Manage supplier communications; Monitor stock levels; Conduct trend research; Prepare sales reports,buying apparel retail range planning trend supplier excel,Junior,1,LinkedIn,"['Range Planning', 'Supplier Management', 'Excel', 'Trend Research', 'Buying Process', 'Communication']","['buying', 'apparel', 'retail', 'range', 'planning', 'trend', 'supplier', 'excel']",range planning supplier management excel trend research buying process communication,APPAREL Buying Assistant range planning supplier management excel trend research buying process communication junior 1 year,"Range Planning, Supplier Management, Excel, Trend Research, Buying Process, Communication",,,INFORMATION-TECHNOLOGY
ART005,Creative Director,ARTS,"Creative Leadership, Brand Identity, Campaign Development, Team Management, Pitching, Multi-channel",Lead creative output across all channels; Set creative vision and standards; Manage creative teams; Present and pitch to clients; Oversee campaign production,creative director leadership brand campaign multi-channel pitch creative vision,Senior,10,LinkedIn,"['Creative Leadership', 'Brand Identity', 'Campaign Development', 'Team Management', 'Pitching', 'Multi-channel']","['creative', 'director', 'leadership', 'brand', 'campaign', 'multi-channel', 'pitch', 'creative', 'vision']",creative leadership brand identity campaign development team management pitching multi-channel,ARTS Creative Director creative leadership brand identity campaign development team management pitching multi-channel senior 10 years,"Creative Leadership, Brand Identity, Campaign Development, Team Management, Pitching, Multi-channel",,,ADVOCATE
BPO005,Data Entry Specialist,BPO,"Typing (70+ WPM), MS Excel, Data Validation, Attention to Detail, CRM Systems",Enter and verify data accurately; Maintain data integrity; Update databases and CRM; Generate data reports; Support back-office operations,data entry typing accuracy excel CRM back office operations,Junior,0,LinkedIn,"['Typing (70+ WPM)', 'MS Excel', 'Data Validation', 'Attention to Detail', 'CRM Systems']","['data', 'entry', 'typing', 'accuracy', 'excel', 'CRM', 'back', 'office', 'operations']",typing (70+ wpm) ms excel data validation attention to detail crm systems,BPO Data Entry Specialist typing (70+ wpm) ms excel data validation attention to detail crm systems junior 0 years,"Typing (70+ WPM), MS Excel, Data Validation, Attention to Detail, CRM Systems",,,HR
SAL002,Sales Manager,SALES,"Sales Strategy, Team Leadership, Forecasting, CRM, P&L Management, Territory Management, Coaching, Negotiation, Market Analysis",Lead sales team; Develop sales strategies; Monitor targets; Train sales reps; Manage key accounts; Report to leadership,sales manager strategy team leadership forecasting crm pl management territory coaching negotiation market analysis,Senior,7,LinkedIn,"['Sales Strategy', 'Team Leadership', 'Forecasting', 'CRM', 'P&L Management', 'Territory Management', 'Coaching', 'Negotiation', 'Market Analysis']","['sales manager', 'strategy', 'team leadership', 'forecasting', 'crm', 'pl management', 'territory', 'coaching', 'negotiation', 'market analysis']",sales strategy team leadership forecasting crm pl management territory management coaching negotiation market analysis,SALES Sales Manager sales strategy team leadership forecasting crm pl management territory management coaching negotiation market analysis senior 7 years,"Sales Strategy, Team Leadership, Forecasting, CRM, P&L Management, Territory Management, Coaching, Negotiation, Market Analysis",,,ADVOCATE
CON005,Junior Analyst – Consulting,CONSULTANT,"Data Analysis, Excel, PowerPoint, Research, Problem Solving, Communication",Conduct quantitative and qualitative research; Build Excel models; Prepare client presentations; Support senior consultants in delivering projects,consulting analyst research data analysis excel presentations problem solving,Junior,1,LinkedIn,"['Data Analysis', 'Excel', 'PowerPoint', 'Research', 'Problem Solving', 'Communication']","['consulting', 'analyst', 'research', 'data', 'analysis', 'excel', 'presentations', 'problem', 'solving']",data analysis excel powerpoint research problem solving communication,CONSULTANT Junior Analyst – Consulting data analysis excel powerpoint research problem solving communication junior 1 year,"Data Analysis, Excel, PowerPoint, Research, Problem Solving, Communication",,,INFORMATION-TECHNOLOGY
DM004,Video Producer,DIGITAL-MEDIA,"Video Production, Adobe Premiere, After Effects, Scriptwriting, Directing, Colour Grading",Plan and produce video content end-to-end; Write scripts and briefs; Direct video shoots; Edit and grade footage; Deliver across social and digital channels,video production premiere after effects scriptwriting directing editing,Mid,4,Indeed,"['Video Production', 'Adobe Premiere', 'After Effects', 'Scriptwriting', 'Directing', 'Colour Grading']","['video', 'production', 'premiere', 'after', 'effects', 'scriptwriting', 'directing', 'editing']",video production adobe premiere after effects scriptwriting directing colour grading,DIGITAL-MEDIA Video Producer video production adobe premiere after effects scriptwriting directing colour grading mid 4 years,"Video Production, Adobe Premiere, After Effects, Scriptwriting, Directing, Colour Grading",,,DESIGNER
ENG006,Process Engineer,ENGINEERING,"Process Optimisation, Six Sigma, Chemical Engineering, HAZOP, AutoCAD, Lean Manufacturing",Analyse and improve manufacturing processes; Conduct HAZOP studies; Identify waste and inefficiency; Implement lean methodologies; Collaborate with operations,process engineering optimisation six sigma HAZOP lean manufacturing chemical,Mid,3,LinkedIn,"['Process Optimisation', 'Six Sigma', 'Chemical Engineering', 'HAZOP', 'AutoCAD', 'Lean Manufacturing']","['process', 'engineering', 'optimisation', 'six', 'sigma', 'HAZOP', 'lean', 'manufacturing', 'chemical']",process optimisation six sigma chemical engineering hazop autocad lean manufacturing,ENGINEERING Process Engineer process optimisation six sigma chemical engineering hazop autocad lean manufacturing mid 3 years,"Process Optimisation, Six Sigma, Chemical Engineering, HAZOP, AutoCAD, Lean Manufacturing",,,INFORMATION-TECHNOLOGY
HR003,HR Coordinator,HR,"HRIS, Onboarding, Employee Records, Payroll Support, Benefits Administration, Communication",Coordinate onboarding for new hires; Maintain employee records in HRIS; Support payroll processing; Administer employee benefits; Respond to HR queries,HR coordinator onboarding HRIS payroll benefits employee records administration,Junior,1,Indeed,"['HRIS', 'Onboarding', 'Employee Records', 'Payroll Support', 'Benefits Administration', 'Communication']","['HR', 'coordinator', 'onboarding', 'HRIS', 'payroll', 'benefits', 'employee', 'records', 'administration']",hris onboarding employee records payroll support benefits administration communication,HR HR Coordinator hris onboarding employee records payroll support benefits administration communication junior 1 year,"HRIS, Onboarding, Employee Records, Payroll Support, Benefits Administration, Communication",,,INFORMATION-TECHNOLOGY
CHF004,Commis Chef,CHEF,"Basic Culinary Techniques, Knife Skills, Food Hygiene, Mise en Place, Stock Preparation",Assist with food preparation; Maintain cleanliness and hygiene; Follow recipes accurately; Prepare mise en place; Support all sections of the kitchen,commis chef culinary food preparation hygiene mise en place kitchen,Junior,0,Indeed,"['Basic Culinary Techniques', 'Knife Skills', 'Food Hygiene', 'Mise en Place', 'Stock Preparation']","['commis', 'chef', 'culinary', 'food', 'preparation', 'hygiene', 'mise', 'en', 'place', 'kitchen']",basic culinary techniques knife skills food hygiene mise en place stock preparation,CHEF Commis Chef basic culinary techniques knife skills food hygiene mise en place stock preparation junior 0 years,"Basic Culinary Techniques, Knife Skills, Food Hygiene, Mise en Place, Stock Preparation",,,TEACHER
CON003,Strategy Consultant,CONSULTANT,"Strategic Analysis, Business Case Development, Stakeholder Management, PowerPoint, Financial Modelling",Conduct strategic assessments; Develop business cases; Facilitate client workshops; Present recommendations to senior leadership; Support implementation,strategy consulting analysis business case financial modelling stakeholder,Mid,4,LinkedIn,"['Strategic Analysis', 'Business Case Development', 'Stakeholder Management', 'PowerPoint', 'Financial Modelling']","['strategy', 'consulting', 'analysis', 'business', 'case', 'financial', 'modelling', 'stakeholder']",strategic analysis business case development stakeholder management powerpoint financial modelling,CONSULTANT Strategy Consultant strategic analysis business case development stakeholder management powerpoint financial modelling mid 4 years,"Strategic Analysis, Business Case Development, Stakeholder Management, PowerPoint, Financial Modelling",,,INFORMATION-TECHNOLOGY
AGR005,Agricultural Director,AGRICULTURE,"Agricultural Policy, Budget Management, Supply Chain, Stakeholder Relations, Strategic Planning, Sustainability",Lead agricultural programmes at regional level; Develop policy recommendations; Manage large budgets; Build government and NGO partnerships; Oversee sustainability initiatives,agriculture director policy budget supply chain sustainability leadership,Senior,12,LinkedIn,"['Agricultural Policy', 'Budget Management', 'Supply Chain', 'Stakeholder Relations', 'Strategic Planning', 'Sustainability']","['agriculture', 'director', 'policy', 'budget', 'supply', 'chain', 'sustainability', 'leadership']",agricultural policy budget management supply chain stakeholder relations strategic planning sustainability,AGRICULTURE Agricultural Director agricultural policy budget management supply chain stakeholder relations strategic planning sustainability senior 12 years,"Agricultural Policy, Budget Management, Supply Chain, Stakeholder Relations, Strategic Planning, Sustainability",,,TEACHER
AVI001,Commercial Pilot,AVIATION,"ATPL, Flight Operations, Navigation, Meteorology, Aircraft Systems, CRM, Emergency Procedures, Communication, FAA/DGCA Regulations",Operate commercial aircraft; File flight plans; Monitor weather; Communicate with ATC; Ensure passenger safety; Complete flight logs,commercial pilot atpl flight operations navigation meteorology aircraft systems crm emergency procedures communication faa dgca regulations,Senior,5,AviationJobs,"['ATPL', 'Flight Operations', 'Navigation', 'Meteorology', 'Aircraft Systems', 'CRM', 'Emergency Procedures', 'Communication', 'FAA/DGCA Regulations']","['commercial pilot', 'atpl', 'flight operations', 'navigation', 'meteorology', 'aircraft systems', 'crm', 'emergency procedures', 'communication', 'faa', 'dgca']",atpl flight operations navigation meteorology aircraft systems crm emergency procedures communication faa dgca regulations,AVIATION Commercial Pilot atpl flight operations navigation meteorology aircraft systems crm emergency procedures communication faa dgca regulations senior 5 years,"ATPL, Flight Operations, Navigation, Meteorology, Aircraft Systems, CRM, Emergency Procedures, Communication, FAA/DGCA Regulations",,,HR
BPO001,Customer Service Representative,BPO,"Customer Service, Communication, CRM, Problem Solving, Data Entry, MS Office, Active Listening, Multilingual, Ticketing Systems",Handle customer inquiries; Resolve complaints; Process transactions; Maintain customer records; Meet SLA targets,customer service communication crm problem solving data entry ms office active listening multilingual ticketing systems,Junior,1,Naukri,"['Customer Service', 'Communication', 'CRM', 'Problem Solving', 'Data Entry', 'MS Office', 'Active Listening', 'Multilingual', 'Ticketing Systems']","['customer service', 'communication', 'crm', 'problem solving', 'data entry', 'ms office', 'active listening', 'multilingual', 'ticketing systems']",customer service communication crm problem solving data entry ms office active listening multilingual ticketing systems,BPO Customer Service Representative customer service communication crm problem solving data entry ms office active listening multilingual ticketing systems junior 1 year,"Customer Service, Communication, CRM, Problem Solving, Data Entry, MS Office, Active Listening, Multilingual, Ticketing Systems",,,ADVOCATE
HC002,Medical Doctor,HEALTHCARE,"Diagnosis, Treatment Planning, Surgery, Patient Management, EMR, Medical Research, Communication, Clinical Decision Making",Diagnose and treat patients; Perform medical procedures; Prescribe medications; Supervise medical staff; Maintain patient records,doctor diagnosis treatment surgery patient management emr medical research communication clinical decision making,Senior,8,MedJobsIndia,"['Diagnosis', 'Treatment Planning', 'Surgery', 'Patient Management', 'EMR', 'Medical Research', 'Communication', 'Clinical Decision Making']","['doctor', 'diagnosis', 'treatment', 'surgery', 'patient management', 'emr', 'medical research', 'communication', 'clinical decision making']",diagnosis treatment planning surgery patient management emr medical research communication clinical decision making,HEALTHCARE Medical Doctor diagnosis treatment planning surgery patient management emr medical research communication clinical decision making senior 8 years,"Diagnosis, Treatment Planning, Surgery, Patient Management, EMR, Medical Research, Communication, Clinical Decision Making",,,HR
AGR001,Agronomist,AGRICULTURE,"Soil Science, Crop Management, Irrigation, Pest Control, GIS, Agricultural Software, Data Analysis, Research, Communication",Advise on crop production; Conduct soil testing; Recommend pest management; Analyze agricultural data; Develop farm plans,agronomist soil science crop management irrigation pest control gis agricultural software data analysis research,Mid,4,AgriJobs,"['Soil Science', 'Crop Management', 'Irrigation', 'Pest Control', 'GIS', 'Agricultural Software', 'Data Analysis', 'Research', 'Communication']","['agronomist', 'soil science', 'crop management', 'irrigation', 'pest control', 'gis', 'agricultural software', 'data analysis', 'research']",soil science crop management irrigation pest control gis agricultural software data analysis research communication,AGRICULTURE Agronomist soil science crop management irrigation pest control gis agricultural software data analysis research communication mid 4 years,"Soil Science, Crop Management, Irrigation, Pest Control, GIS, Agricultural Software, Data Analysis, Research, Communication",,,HR
CON001,Management Consultant,CONSULTANT,"Business Analysis, Strategy, Problem Solving, Data Analysis, Excel, PowerPoint, Stakeholder Management, Project Management, Consulting Frameworks",Advise clients on business strategy; Conduct research; Develop recommendations; Present findings; Manage project timelines,management consultant business analysis strategy problem solving data analysis excel powerpoint stakeholder project management,Mid,4,LinkedIn,"['Business Analysis', 'Strategy', 'Problem Solving', 'Data Analysis', 'Excel', 'PowerPoint', 'Stakeholder Management', 'Project Management', 'Consulting Frameworks']","['management consultant', 'business analysis', 'strategy', 'problem solving', 'data analysis', 'excel', 'powerpoint', 'stakeholder', 'project management']",business analysis strategy problem solving data analysis excel powerpoint stakeholder management project management consulting frameworks,CONSULTANT Management Consultant business analysis strategy problem solving data analysis excel powerpoint stakeholder management project management consulting frameworks mid 4 years,"Business Analysis, Strategy, Problem Solving, Data Analysis, Excel, PowerPoint, Stakeholder Management, Project Management, Consulting Frameworks",,,DESIGNER
AUTO004,EV Systems Engineer,AUTOMOBILE,"Battery Management Systems, CAN Bus, AUTOSAR, Python, MATLAB, Power Electronics, ISO 26262",Design and validate EV powertrain systems; Develop BMS algorithms; Support hardware-in-the-loop testing; Ensure functional safety compliance,electric vehicle EV battery management power electronics AUTOSAR functional safety,Mid,4,LinkedIn,"['Battery Management Systems', 'CAN Bus', 'AUTOSAR', 'Python', 'MATLAB', 'Power Electronics', 'ISO 26262']","['electric', 'vehicle', 'EV', 'battery', 'management', 'power', 'electronics', 'AUTOSAR', 'functional', 'safety']",battery management systems can bus autosar python matlab power electronics iso 26262,AUTOMOBILE EV Systems Engineer battery management systems can bus autosar python matlab power electronics iso 26262 mid 4 years,"Battery Management Systems, CAN Bus, AUTOSAR, Python, MATLAB, Power Electronics, ISO 26262",,,TEACHER
DM006,Social Media Coordinator,DIGITAL-MEDIA,"Social Media, Content Creation, Canva, Scheduling Tools, Community Management, Copywriting",Create and schedule social media content; Engage with online community; Track social analytics; Support campaigns; Report on performance metrics,social media content creation community management copywriting analytics,Junior,1,LinkedIn,"['Social Media', 'Content Creation', 'Canva', 'Scheduling Tools', 'Community Management', 'Copywriting']","['social', 'media', 'content', 'creation', 'community', 'management', 'copywriting', 'analytics']",social media content creation canva scheduling tools community management copywriting,DIGITAL-MEDIA Social Media Coordinator social media content creation canva scheduling tools community management copywriting junior 1 year,"Social Media, Content Creation, Canva, Scheduling Tools, Community Management, Copywriting",,,HR
AUTO002,Service Technician,AUTOMOBILE,"Vehicle Diagnostics, Engine Repair, Transmission, Electrical Systems, OBD Tools, Customer Service, Documentation, Safety Protocols",Diagnose vehicle faults; Perform repairs; Service vehicles; Advise customers; Maintain service records,service technician vehicle diagnostics engine repair transmission electrical systems obd tools customer service documentation safety,Junior,2,Naukri,"['Vehicle Diagnostics', 'Engine Repair', 'Transmission', 'Electrical Systems', 'OBD Tools', 'Customer Service', 'Documentation', 'Safety Protocols']","['service technician', 'vehicle diagnostics', 'engine repair', 'transmission', 'electrical systems', 'obd tools', 'customer service', 'documentation', 'safety']",vehicle diagnostics engine repair transmission electrical systems obd tools customer service documentation safety protocols,AUTOMOBILE Service Technician vehicle diagnostics engine repair transmission electrical systems obd tools customer service documentation safety protocols junior 2 years,"Vehicle Diagnostics, Engine Repair, Transmission, Electrical Systems, OBD Tools, Customer Service, Documentation, Safety Protocols",,,ADVOCATE
HR006,Chief People Officer,HR,"People Strategy, Culture, Diversity & Inclusion, Executive Leadership, Talent, Organisational Development",Own people strategy at board level; Drive culture and engagement; Lead D&I initiatives; Oversee all HR functions; Report to CEO,CPO chief people officer HR strategy culture D&I leadership executive,Senior,12,LinkedIn,"['People Strategy', 'Culture', 'Diversity & Inclusion', 'Executive Leadership', 'Talent', 'Organisational Development']","['CPO', 'chief', 'people', 'officer', 'HR', 'strategy', 'culture', 'D&I', 'leadership', 'executive']",people strategy culture diversity & inclusion executive leadership talent organisational development,HR Chief People Officer people strategy culture diversity & inclusion executive leadership talent organisational development senior 12 years,"People Strategy, Culture, Diversity & Inclusion, Executive Leadership, Talent, Organisational Development",,,ADVOCATE
DM002,Digital Marketing Executive,DIGITAL-MEDIA,"Google Ads, Facebook Ads, SEO, SEM, Email Marketing, Analytics, CRM, A/B Testing, Content Strategy, ROI Analysis",Run digital ad campaigns; Optimize SEO/SEM; Manage email marketing; Track campaign KPIs; Improve conversion rates,digital marketing google ads facebook ads seo sem email marketing analytics crm ab testing content strategy roi,Junior,2,Indeed,"['Google Ads', 'Facebook Ads', 'SEO', 'SEM', 'Email Marketing', 'Analytics', 'CRM', 'A/B Testing', 'Content Strategy', 'ROI Analysis']","['digital marketing', 'google ads', 'facebook ads', 'seo', 'sem', 'email marketing', 'analytics', 'crm', 'ab testing', 'content strategy', 'roi']",google ads facebook ads seo sem email marketing analytics crm ab testing content strategy roi analysis,DIGITAL-MEDIA Digital Marketing Executive google ads facebook ads seo sem email marketing analytics crm ab testing content strategy roi analysis junior 2 years,"Google Ads, Facebook Ads, SEO, SEM, Email Marketing, Analytics, CRM, A/B Testing, Content Strategy, ROI Analysis",,,INFORMATION-TECHNOLOGY
HR005,Compensation and Benefits Manager,HR,"Compensation Design, Benefits Benchmarking, Job Evaluation, Payroll, HRIS, Reward Strategy",Design and manage compensation frameworks; Conduct market benchmarking; Manage annual pay review; Oversee benefits programmes; Ensure regulatory compliance,compensation benefits reward benchmarking job evaluation payroll HRIS,Mid,5,Indeed,"['Compensation Design', 'Benefits Benchmarking', 'Job Evaluation', 'Payroll', 'HRIS', 'Reward Strategy']","['compensation', 'benefits', 'reward', 'benchmarking', 'job', 'evaluation', 'payroll', 'HRIS']",compensation design benefits benchmarking job evaluation payroll hris reward strategy,HR Compensation and Benefits Manager compensation design benefits benchmarking job evaluation payroll hris reward strategy mid 5 years,"Compensation Design, Benefits Benchmarking, Job Evaluation, Payroll, HRIS, Reward Strategy",,,ADVOCATE
HR006,Chief People Officer,HR,"People Strategy, Culture, Diversity & Inclusion, Executive Leadership, Talent, Organisational Development",Own people strategy at board level; Drive culture and engagement; Lead D&I initiatives; Oversee all HR functions; Report to CEO,CPO chief people officer HR strategy culture D&I leadership executive,Senior,12,LinkedIn,"['People Strategy', 'Culture', 'Diversity & Inclusion', 'Executive Leadership', 'Talent', 'Organisational Development']","['CPO', 'chief', 'people', 'officer', 'HR', 'strategy', 'culture', 'D&I', 'leadership', 'executive']",people strategy culture diversity & inclusion executive leadership talent organisational development,HR Chief People Officer people strategy culture diversity & inclusion executive leadership talent organisational development senior 12 years,"People Strategy, Culture, Diversity & Inclusion, Executive Leadership, Talent, Organisational Development",,,HR
FIN006,Actuarial Analyst,FINANCE,"Actuarial Science, R, Python, Statistical Modelling, Insurance, Excel, Data Analysis",Develop and validate actuarial models; Analyse insurance risk data; Produce pricing analyses; Support reserving processes; Prepare actuarial reports,actuarial analysis modelling insurance risk statistics R python,Junior,2,LinkedIn,"['Actuarial Science', 'R', 'Python', 'Statistical Modelling', 'Insurance', 'Excel', 'Data Analysis']","['actuarial', 'analysis', 'modelling', 'insurance', 'risk', 'statistics', 'R', 'python']",actuarial science r python statistical modelling insurance excel data analysis,FINANCE Actuarial Analyst actuarial science r python statistical modelling insurance excel data analysis junior 2 years,"Actuarial Science, R, Python, Statistical Modelling, Insurance, Excel, Data Analysis",,,TEACHER
FIT001,Personal Trainer,FITNESS,"Exercise Programming, Nutrition Guidance, Client Motivation, CPR/AED, Fitness Assessment, Weight Training, HIIT, Yoga, Communication",Design workout plans; Train clients; Monitor progress; Provide nutritional advice; Maintain client records,personal trainer exercise programming nutrition client motivation cpr fitness assessment weight training hiit yoga,Junior,1,Indeed,"['Exercise Programming', 'Nutrition Guidance', 'Client Motivation', 'CPR/AED', 'Fitness Assessment', 'Weight Training', 'HIIT', 'Yoga', 'Communication']","['personal trainer', 'exercise programming', 'nutrition', 'client motivation', 'cpr', 'fitness assessment', 'weight training', 'hiit', 'yoga']",exercise programming nutrition guidance client motivation cpr aed fitness assessment weight training hiit yoga communication,FITNESS Personal Trainer exercise programming nutrition guidance client motivation cpr aed fitness assessment weight training hiit yoga communication junior 1 year,"Exercise Programming, Nutrition Guidance, Client Motivation, CPR/AED, Fitness Assessment, Weight Training, HIIT, Yoga, Communication",,,ADVOCATE
HR006,Chief People Officer,HR,"People Strategy, Culture, Diversity & Inclusion, Executive Leadership, Talent, Organisational Development",Own people strategy at board level; Drive culture and engagement; Lead D&I initiatives; Oversee all HR functions; Report to CEO,CPO chief people officer HR strategy culture D&I leadership executive,Senior,12,LinkedIn,"['People Strategy', 'Culture', 'Diversity & Inclusion', 'Executive Leadership', 'Talent', 'Organisational Development']","['CPO', 'chief', 'people', 'officer', 'HR', 'strategy', 'culture', 'D&I', 'leadership', 'executive']",people strategy culture diversity & inclusion executive leadership talent organisational development,HR Chief People Officer people strategy culture diversity & inclusion executive leadership talent organisational development senior 12 years,"People Strategy, Culture, Diversity & Inclusion, Executive Leadership, Talent, Organisational Development",,,TEACHER
AVI003,Air Traffic Controller,AVIATION,"ATC Operations, Radar Systems, Communication, Decision Making, ICAO Standards, Emergency Procedures",Direct aircraft movements in controlled airspace; Coordinate with pilots and other controllers; Apply ICAO separation standards; Handle emergency situations; Maintain logs,air traffic control ATC radar ICAO communication airspace safety,Mid,3,LinkedIn,"['ATC Operations', 'Radar Systems', 'Communication', 'Decision Making', 'ICAO Standards', 'Emergency Procedures']","['air', 'traffic', 'control', 'ATC', 'radar', 'ICAO', 'communication', 'airspace', 'safety']",atc operations radar systems communication decision making icao standards emergency procedures,AVIATION Air Traffic Controller atc operations radar systems communication decision making icao standards emergency procedures mid 3 years,"ATC Operations, Radar Systems, Communication, Decision Making, ICAO Standards, Emergency Procedures",,,INFORMATION-TECHNOLOGY
BNK005,Head of Retail Banking,BANKING,"Retail Banking Strategy, P&L, Digital Banking, Regulatory, Customer Experience, Executive Leadership",Define retail banking strategy; Manage large P&L; Lead digital transformation; Ensure regulatory compliance; Report to board,head retail banking strategy P&L digital transformation leadership executive,Senior,12,LinkedIn,"['Retail Banking Strategy', 'P&L', 'Digital Banking', 'Regulatory', 'Customer Experience', 'Executive Leadership']","['head', 'retail', 'banking', 'strategy', 'P&L', 'digital', 'transformation', 'leadership', 'executive']",retail banking strategy p&l digital banking regulatory customer experience executive leadership,BANKING Head of Retail Banking retail banking strategy p&l digital banking regulatory customer experience executive leadership senior 12 years,"Retail Banking Strategy, P&L, Digital Banking, Regulatory, Customer Experience, Executive Leadership",,,ADVOCATE
ADV001,Corporate Lawyer,ADVOCATE,"Legal Research, Contract Drafting, Litigation, Negotiation, Corporate Law, Compliance, Communication, MS Office, LexisNexis",Draft legal documents; Represent clients in court; Provide legal advice; Negotiate contracts; Ensure regulatory compliance,lawyer legal research contract drafting litigation negotiation corporate law compliance communication lexisnexis,Senior,7,LinkedIn,"['Legal Research', 'Contract Drafting', 'Litigation', 'Negotiation', 'Corporate Law', 'Compliance', 'Communication', 'MS Office', 'LexisNexis']","['lawyer', 'legal research', 'contract drafting', 'litigation', 'negotiation', 'corporate law', 'compliance', 'communication', 'lexisnexis']",legal research contract drafting litigation negotiation corporate law compliance communication ms office lexisnexis,ADVOCATE Corporate Lawyer legal research contract drafting litigation negotiation corporate law compliance communication ms office lexisnexis senior 7 years,"Legal Research, Contract Drafting, Litigation, Negotiation, Corporate Law, Compliance, Communication, MS Office, LexisNexis",,,ADVOCATE
HR001,HR Business Partner,HR,"Employee Relations, HR Strategy, Talent Management, Organisational Design, Coaching, Employment Law",Partner with business leaders to align HR strategy; Manage complex employee relations cases; Support organisational design; Drive talent programmes; Ensure policy compliance,HR business partner employee relations talent management organisational design coaching,Senior,7,LinkedIn,"['Employee Relations', 'HR Strategy', 'Talent Management', 'Organisational Design', 'Coaching', 'Employment Law']","['HR', 'business', 'partner', 'employee', 'relations', 'talent', 'management', 'organisational', 'design', 'coaching']",employee relations hr strategy talent management organisational design coaching employment law,HR HR Business Partner employee relations hr strategy talent management organisational design coaching employment law senior 7 years,"Employee Relations, HR Strategy, Talent Management, Organisational Design, Coaching, Employment Law",,,TEACHER
DES001,UI/UX Designer,DESIGNER,"Adobe XD, Figma, Sketch, Photoshop, Illustrator, CSS, HTML, Wireframing, Prototyping, User Research",Design user interfaces; Create wireframes and prototypes; Conduct user research; Collaborate with developers; Maintain design systems,ui ux design figma adobe sketch wireframe prototype user experience visual design,Mid,3,LinkedIn,"['Adobe XD', 'Figma', 'Sketch', 'Photoshop', 'Illustrator', 'CSS', 'HTML', 'Wireframing', 'Prototyping', 'User Research']","['ui', 'ux', 'design', 'figma', 'adobe', 'sketch', 'wireframe', 'prototype', 'user experience', 'visual design']",adobe xd figma sketch photoshop illustrator css html wireframing prototyping user research,DESIGNER UI/UX Designer adobe xd figma sketch photoshop illustrator css html wireframing prototyping user research mid 3 years,"Adobe XD, Figma, Sketch, Photoshop, Illustrator, CSS, HTML, Wireframing, Prototyping, User Research",,,ADVOCATE
ACC004,Forensic Accountant,ACCOUNTANT,"Fraud Investigation, Financial Analysis, Litigation Support, CPA, Excel, Data Analytics",Investigate financial fraud and irregularities; Prepare expert reports for litigation; Analyse complex financial data; Liaise with legal teams; Support regulatory investigations,forensic accounting fraud investigation litigation financial analysis CPA,Senior,7,Indeed,"['Fraud Investigation', 'Financial Analysis', 'Litigation Support', 'CPA', 'Excel', 'Data Analytics']","['forensic', 'accounting', 'fraud', 'investigation', 'litigation', 'financial', 'analysis', 'CPA']",fraud investigation financial analysis litigation support cpa excel data analytics,ACCOUNTANT Forensic Accountant fraud investigation financial analysis litigation support cpa excel data analytics senior 7 years,"Fraud Investigation, Financial Analysis, Litigation Support, CPA, Excel, Data Analytics",,,ADVOCATE
ENG006,Process Engineer,ENGINEERING,"Process Optimisation, Six Sigma, Chemical Engineering, HAZOP, AutoCAD, Lean Manufacturing",Analyse and improve manufacturing processes; Conduct HAZOP studies; Identify waste and inefficiency; Implement lean methodologies; Collaborate with operations,process engineering optimisation six sigma HAZOP lean manufacturing chemical,Mid,3,LinkedIn,"['Process Optimisation', 'Six Sigma', 'Chemical Engineering', 'HAZOP', 'AutoCAD', 'Lean Manufacturing']","['process', 'engineering', 'optimisation', 'six', 'sigma', 'HAZOP', 'lean', 'manufacturing', 'chemical']",process optimisation six sigma chemical engineering hazop autocad lean manufacturing,ENGINEERING Process Engineer process optimisation six sigma chemical engineering hazop autocad lean manufacturing mid 3 years,"Process Optimisation, Six Sigma, Chemical Engineering, HAZOP, AutoCAD, Lean Manufacturing",,,INFORMATION-TECHNOLOGY
BNK001,Relationship Manager,BANKING,"Client Relationship Management, Financial Products, Cross-Selling, KYC/AML, CRM, Banking Regulations, Excel, Communication, Credit Analysis",Manage client portfolios; Promote banking products; Ensure regulatory compliance; Conduct KYC; Grow revenue from existing clients,relationship manager client relationship financial products cross selling kyc aml crm banking regulations excel credit analysis,Mid,4,LinkedIn,"['Client Relationship Management', 'Financial Products', 'Cross-Selling', 'KYC/AML', 'CRM', 'Banking Regulations', 'Excel', 'Communication', 'Credit Analysis']","['relationship manager', 'client relationship', 'financial products', 'cross selling', 'kyc', 'aml', 'crm', 'banking regulations', 'excel', 'credit analysis']",client relationship management financial products cross selling kyc aml crm banking regulations excel communication credit analysis,BANKING Relationship Manager client relationship management financial products cross selling kyc aml crm banking regulations excel communication credit analysis mid 4 years,"Client Relationship Management, Financial Products, Cross-Selling, KYC/AML, CRM, Banking Regulations, Excel, Communication, Credit Analysis",,,TEACHER
ADV001,Corporate Lawyer,ADVOCATE,"Legal Research, Contract Drafting, Litigation, Negotiation, Corporate Law, Compliance, Communication, MS Office, LexisNexis",Draft legal documents; Represent clients in court; Provide legal advice; Negotiate contracts; Ensure regulatory compliance,lawyer legal research contract drafting litigation negotiation corporate law compliance communication lexisnexis,Senior,7,LinkedIn,"['Legal Research', 'Contract Drafting', 'Litigation', 'Negotiation', 'Corporate Law', 'Compliance', 'Communication', 'MS Office', 'LexisNexis']","['lawyer', 'legal research', 'contract drafting', 'litigation', 'negotiation', 'corporate law', 'compliance', 'communication', 'lexisnexis']",legal research contract drafting litigation negotiation corporate law compliance communication ms office lexisnexis,ADVOCATE Corporate Lawyer legal research contract drafting litigation negotiation corporate law compliance communication ms office lexisnexis senior 7 years,"Legal Research, Contract Drafting, Litigation, Negotiation, Corporate Law, Compliance, Communication, MS Office, LexisNexis",,,INFORMATION-TECHNOLOGY
FIN006,Actuarial Analyst,FINANCE,"Actuarial Science, R, Python, Statistical Modelling, Insurance, Excel, Data Analysis",Develop and validate actuarial models; Analyse insurance risk data; Produce pricing analyses; Support reserving processes; Prepare actuarial reports,actuarial analysis modelling insurance risk statistics R python,Junior,2,LinkedIn,"['Actuarial Science', 'R', 'Python', 'Statistical Modelling', 'Insurance', 'Excel', 'Data Analysis']","['actuarial', 'analysis', 'modelling', 'insurance', 'risk', 'statistics', 'R', 'python']",actuarial science r python statistical modelling insurance excel data analysis,FINANCE Actuarial Analyst actuarial science r python statistical modelling insurance excel data analysis junior 2 years,"Actuarial Science, R, Python, Statistical Modelling, Insurance, Excel, Data Analysis",,,TEACHER
ACC001,Chartered Accountant,ACCOUNTANT,"Financial Reporting, Taxation, Auditing, GAAP, Tally, SAP, Excel, GST, Compliance, Financial Analysis",Prepare financial statements; Conduct audits; Manage tax filings; Ensure compliance; Advise on financial matters,chartered accountant financial reporting taxation auditing gaap tally sap excel gst compliance financial analysis,Senior,6,Naukri,"['Financial Reporting', 'Taxation', 'Auditing', 'GAAP', 'Tally', 'SAP', 'Excel', 'GST', 'Compliance', 'Financial Analysis']","['chartered accountant', 'financial reporting', 'taxation', 'auditing', 'gaap', 'tally', 'sap', 'excel', 'gst', 'compliance', 'financial analysis']",financial reporting taxation auditing gaap tally sap excel gst compliance financial analysis,ACCOUNTANT Chartered Accountant financial reporting taxation auditing gaap tally sap excel gst compliance financial analysis senior 6 years,"Financial Reporting, Taxation, Auditing, GAAP, Tally, SAP, Excel, GST, Compliance, Financial Analysis",,,HR
AUTO005,Automotive Plant Manager,AUTOMOBILE,"Manufacturing Operations, Lean Manufacturing, Six Sigma, P&L, Supply Chain, Quality Management",Oversee all plant operations; Drive lean manufacturing initiatives; Manage production budget; Lead quality programmes; Ensure health and safety compliance,plant manager automotive manufacturing lean six sigma quality supply chain,Senior,10,LinkedIn,"['Manufacturing Operations', 'Lean Manufacturing', 'Six Sigma', 'P&L', 'Supply Chain', 'Quality Management']","['plant', 'manager', 'automotive', 'manufacturing', 'lean', 'six', 'sigma', 'quality', 'supply', 'chain']",manufacturing operations lean manufacturing six sigma p&l supply chain quality management,AUTOMOBILE Automotive Plant Manager manufacturing operations lean manufacturing six sigma p&l supply chain quality management senior 10 years,"Manufacturing Operations, Lean Manufacturing, Six Sigma, P&L, Supply Chain, Quality Management",,,TEACHER
PR001,PR Manager,PUBLIC-RELATIONS,"Media Relations, Press Releases, Crisis Communication, Brand Management, Social Media, Copywriting, Event Management, Stakeholder Communication",Manage media relations; Write press releases; Handle crisis communications; Build brand reputation; Organize press events,pr manager media relations press releases crisis communication brand management social media copywriting event management stakeholder,Mid,5,LinkedIn,"['Media Relations', 'Press Releases', 'Crisis Communication', 'Brand Management', 'Social Media', 'Copywriting', 'Event Management', 'Stakeholder Communication']","['pr manager', 'media relations', 'press releases', 'crisis communication', 'brand management', 'social media', 'copywriting', 'event management', 'stakeholder']",media relations press releases crisis communication brand management social media copywriting event management stakeholder communication,PUBLIC-RELATIONS PR Manager media relations press releases crisis communication brand management social media copywriting event management stakeholder communication mid 5 years,"Media Relations, Press Releases, Crisis Communication, Brand Management, Social Media, Copywriting, Event Management, Stakeholder Communication",,,ADVOCATE
FIT002,Sports Coach,FITNESS,"Sport-Specific Training, Team Management, Strategy Development, Performance Analysis, Video Analysis, First Aid, Communication",Coach athletes; Develop training programs; Analyze performance; Coordinate team activities; Scout talent,sports coach training team management strategy performance analysis video analysis first aid communication,Mid,4,LinkedIn,"['Sport-Specific Training', 'Team Management', 'Strategy Development', 'Performance Analysis', 'Video Analysis', 'First Aid', 'Communication']","['sports coach', 'training', 'team management', 'strategy', 'performance analysis', 'video analysis', 'first aid', 'communication']",sport specific training team management strategy development performance analysis video analysis first aid communication,FITNESS Sports Coach sport specific training team management strategy development performance analysis video analysis first aid communication mid 4 years,"Sport-Specific Training, Team Management, Strategy Development, Performance Analysis, Video Analysis, First Aid, Communication",,,HR
CHF004,Commis Chef,CHEF,"Basic Culinary Techniques, Knife Skills, Food Hygiene, Mise en Place, Stock Preparation",Assist with food preparation; Maintain cleanliness and hygiene; Follow recipes accurately; Prepare mise en place; Support all sections of the kitchen,commis chef culinary food preparation hygiene mise en place kitchen,Junior,0,Indeed,"['Basic Culinary Techniques', 'Knife Skills', 'Food Hygiene', 'Mise en Place', 'Stock Preparation']","['commis', 'chef', 'culinary', 'food', 'preparation', 'hygiene', 'mise', 'en', 'place', 'kitchen']",basic culinary techniques knife skills food hygiene mise en place stock preparation,CHEF Commis Chef basic culinary techniques knife skills food hygiene mise en place stock preparation junior 0 years,"Basic Culinary Techniques, Knife Skills, Food Hygiene, Mise en Place, Stock Preparation",,,ADVOCATE
FIN002,Investment Banker,FINANCE,"M&A, DCF Valuation, Pitch Books, Financial Modeling, Capital Markets, Excel, Bloomberg, Due Diligence, Client Relations, CFA",Execute M&A transactions; Build valuation models; Prepare pitch books; Conduct due diligence; Manage client relationships,investment banker ma dcf valuation pitch books financial modeling capital markets excel bloomberg due diligence client relations cfa,Senior,7,Financial Times Jobs,"['M&A', 'DCF Valuation', 'Pitch Books', 'Financial Modeling', 'Capital Markets', 'Excel', 'Bloomberg', 'Due Diligence', 'Client Relations', 'CFA']","['investment banker', 'ma', 'dcf valuation', 'pitch books', 'financial modeling', 'capital markets', 'excel', 'bloomberg', 'due diligence', 'client relations', 'cfa']",m a dcf valuation pitch books financial modeling capital markets excel bloomberg due diligence client relations cfa,FINANCE Investment Banker m a dcf valuation pitch books financial modeling capital markets excel bloomberg due diligence client relations cfa senior 7 years,"M&A, DCF Valuation, Pitch Books, Financial Modeling, Capital Markets, Excel, Bloomberg, Due Diligence, Client Relations, CFA",,,ADVOCATE
BPO003,Quality Analyst,BPO,"Call Monitoring, Quality Frameworks, MS Excel, Feedback Coaching, Reporting, Attention to Detail",Monitor and evaluate agent interactions; Provide calibration and coaching; Produce quality reports; Identify process improvement opportunities; Maintain QA documentation,quality assurance BPO call monitoring coaching reporting process improvement,Mid,3,Indeed,"['Call Monitoring', 'Quality Frameworks', 'MS Excel', 'Feedback Coaching', 'Reporting', 'Attention to Detail']","['quality', 'assurance', 'BPO', 'call', 'monitoring', 'coaching', 'reporting', 'process', 'improvement']",call monitoring quality frameworks ms excel feedback coaching reporting attention to detail,BPO Quality Analyst call monitoring quality frameworks ms excel feedback coaching reporting attention to detail mid 3 years,"Call Monitoring, Quality Frameworks, MS Excel, Feedback Coaching, Reporting, Attention to Detail",,,TEACHER
ACC002,Accounts Executive,ACCOUNTANT,"Bookkeeping, Accounts Payable, Accounts Receivable, Tally, Excel, Bank Reconciliation, TDS, GST, Invoicing, Communication",Maintain ledgers; Process invoices; Reconcile accounts; Handle vendor payments; Prepare monthly reports,accounts executive bookkeeping accounts payable receivable tally excel bank reconciliation tds gst invoicing communication,Junior,2,Indeed,"['Bookkeeping', 'Accounts Payable', 'Accounts Receivable', 'Tally', 'Excel', 'Bank Reconciliation', 'TDS', 'GST', 'Invoicing', 'Communication']","['accounts executive', 'bookkeeping', 'accounts payable', 'accounts receivable', 'tally', 'excel', 'bank reconciliation', 'tds', 'gst', 'invoicing', 'communication']",bookkeeping accounts payable accounts receivable tally excel bank reconciliation tds gst invoicing communication,ACCOUNTANT Accounts Executive bookkeeping accounts payable accounts receivable tally excel bank reconciliation tds gst invoicing communication junior 2 years,"Bookkeeping, Accounts Payable, Accounts Receivable, Tally, Excel, Bank Reconciliation, TDS, GST, Invoicing, Communication",,,INFORMATION-TECHNOLOGY
BNK002,Credit Analyst,BANKING,"Credit Assessment, Financial Modeling, Risk Analysis, Excel, Bloomberg, Loan Structuring, Regulatory Compliance, Report Writing, Communication",Assess creditworthiness; Analyze financial statements; Prepare credit reports; Monitor loan portfolios; Ensure compliance,credit analyst credit assessment financial modeling risk analysis excel bloomberg loan structuring regulatory compliance report writing,Mid,3,Naukri,"['Credit Assessment', 'Financial Modeling', 'Risk Analysis', 'Excel', 'Bloomberg', 'Loan Structuring', 'Regulatory Compliance', 'Report Writing', 'Communication']","['credit analyst', 'credit assessment', 'financial modeling', 'risk analysis', 'excel', 'bloomberg', 'loan structuring', 'regulatory compliance', 'report writing']",credit assessment financial modeling risk analysis excel bloomberg loan structuring regulatory compliance report writing communication,BANKING Credit Analyst credit assessment financial modeling risk analysis excel bloomberg loan structuring regulatory compliance report writing communication mid 3 years,"Credit Assessment, Financial Modeling, Risk Analysis, Excel, Bloomberg, Loan Structuring, Regulatory Compliance, Report Writing, Communication",,,ADVOCATE
DM003,Content Strategist,DIGITAL-MEDIA,"Content Strategy, SEO, Editorial Planning, Analytics, Copywriting, CMS",Develop content strategy aligned to business goals; Create editorial calendars; Oversee content production; Measure content performance; Drive SEO improvements,content strategy SEO editorial analytics copywriting CMS,Mid,3,LinkedIn,"['Content Strategy', 'SEO', 'Editorial Planning', 'Analytics', 'Copywriting', 'CMS']","['content', 'strategy', 'SEO', 'editorial', 'analytics', 'copywriting', 'CMS']",content strategy seo editorial planning analytics copywriting cms,DIGITAL-MEDIA Content Strategist content strategy seo editorial planning analytics copywriting cms mid 3 years,"Content Strategy, SEO, Editorial Planning, Analytics, Copywriting, CMS",,,TEACHER
DES004,Product Designer,DESIGNER,"Figma, User Research, Prototyping, Usability Testing, Design Systems, Accessibility",Own end-to-end product design; Conduct usability studies; Build and maintain design system; Partner with engineering; Define interaction patterns,product design figma ux research usability design system interaction,Senior,6,LinkedIn,"['Figma', 'User Research', 'Prototyping', 'Usability Testing', 'Design Systems', 'Accessibility']","['product', 'design', 'figma', 'ux', 'research', 'usability', 'design', 'system', 'interaction']",figma user research prototyping usability testing design systems accessibility,DESIGNER Product Designer figma user research prototyping usability testing design systems accessibility senior 6 years,"Figma, User Research, Prototyping, Usability Testing, Design Systems, Accessibility",,,TEACHER
AVI003,Air Traffic Controller,AVIATION,"ATC Operations, Radar Systems, Communication, Decision Making, ICAO Standards, Emergency Procedures",Direct aircraft movements in controlled airspace; Coordinate with pilots and other controllers; Apply ICAO separation standards; Handle emergency situations; Maintain logs,air traffic control ATC radar ICAO communication airspace safety,Mid,3,LinkedIn,"['ATC Operations', 'Radar Systems', 'Communication', 'Decision Making', 'ICAO Standards', 'Emergency Procedures']","['air', 'traffic', 'control', 'ATC', 'radar', 'ICAO', 'communication', 'airspace', 'safety']",atc operations radar systems communication decision making icao standards emergency procedures,AVIATION Air Traffic Controller atc operations radar systems communication decision making icao standards emergency procedures mid 3 years,"ATC Operations, Radar Systems, Communication, Decision Making, ICAO Standards, Emergency Procedures",,,INFORMATION-TECHNOLOGY
BNK004,Branch Manager,BANKING,"Team Leadership, Retail Banking, Sales Targets, Customer Service, Regulatory Compliance, P&L",Manage day-to-day branch operations; Drive sales performance; Lead branch team; Ensure regulatory compliance; Handle escalated customer issues,branch manager retail banking leadership sales compliance customer service,Mid,5,Indeed,"['Team Leadership', 'Retail Banking', 'Sales Targets', 'Customer Service', 'Regulatory Compliance', 'P&L']","['branch', 'manager', 'retail', 'banking', 'leadership', 'sales', 'compliance', 'customer', 'service']",team leadership retail banking sales targets customer service regulatory compliance p&l,BANKING Branch Manager team leadership retail banking sales targets customer service regulatory compliance p&l mid 5 years,"Team Leadership, Retail Banking, Sales Targets, Customer Service, Regulatory Compliance, P&L",,,HR
ACC001,Chartered Accountant,ACCOUNTANT,"Financial Reporting, Taxation, Auditing, GAAP, Tally, SAP, Excel, GST, Compliance, Financial Analysis",Prepare financial statements; Conduct audits; Manage tax filings; Ensure compliance; Advise on financial matters,chartered accountant financial reporting taxation auditing gaap tally sap excel gst compliance financial analysis,Senior,6,Naukri,"['Financial Reporting', 'Taxation', 'Auditing', 'GAAP', 'Tally', 'SAP', 'Excel', 'GST', 'Compliance', 'Financial Analysis']","['chartered accountant', 'financial reporting', 'taxation', 'auditing', 'gaap', 'tally', 'sap', 'excel', 'gst', 'compliance', 'financial analysis']",financial reporting taxation auditing gaap tally sap excel gst compliance financial analysis,ACCOUNTANT Chartered Accountant financial reporting taxation auditing gaap tally sap excel gst compliance financial analysis senior 6 years,"Financial Reporting, Taxation, Auditing, GAAP, Tally, SAP, Excel, GST, Compliance, Financial Analysis",,,HR
SAL003,Account Manager,SALES,"Account Management, CRM, Upselling, Contract Renewal, Relationship Building, Forecasting",Manage existing client portfolio; Drive upsell and cross-sell opportunities; Negotiate contract renewals; Build long-term client relationships; Report on revenue forecasts,account management crm upsell client retention sales forecasting,Mid,3,LinkedIn,"['Account Management', 'CRM', 'Upselling', 'Contract Renewal', 'Relationship Building', 'Forecasting']","['account', 'management', 'crm', 'upsell', 'client', 'retention', 'sales', 'forecasting']",account management crm upselling contract renewal relationship building forecasting,SALES Account Manager account management crm upselling contract renewal relationship building forecasting mid 3 years,"Account Management, CRM, Upselling, Contract Renewal, Relationship Building, Forecasting",,,INFORMATION-TECHNOLOGY
HC005,Healthcare Administrator,HEALTHCARE,"Hospital Management, Budgeting, Regulatory Compliance, EHR Systems, Staff Management, Policy Development",Oversee daily hospital or clinic operations; Manage budgets and resources; Ensure regulatory compliance; Lead HR activities for clinical staff,healthcare administration hospital management compliance budgeting EHR,Senior,8,LinkedIn,"['Hospital Management', 'Budgeting', 'Regulatory Compliance', 'EHR Systems', 'Staff Management', 'Policy Development']","['healthcare', 'administration', 'hospital', 'management', 'compliance', 'budgeting', 'EHR']",hospital management budgeting regulatory compliance ehr systems staff management policy development,HEALTHCARE Healthcare Administrator hospital management budgeting regulatory compliance ehr systems staff management policy development senior 8 years,"Hospital Management, Budgeting, Regulatory Compliance, EHR Systems, Staff Management, Policy Development",,,TEACHER
DM004,Video Producer,DIGITAL-MEDIA,"Video Production, Adobe Premiere, After Effects, Scriptwriting, Directing, Colour Grading",Plan and produce video content end-to-end; Write scripts and briefs; Direct video shoots; Edit and grade footage; Deliver across social and digital channels,video production premiere after effects scriptwriting directing editing,Mid,4,Indeed,"['Video Production', 'Adobe Premiere', 'After Effects', 'Scriptwriting', 'Directing', 'Colour Grading']","['video', 'production', 'premiere', 'after', 'effects', 'scriptwriting', 'directing', 'editing']",video production adobe premiere after effects scriptwriting directing colour grading,DIGITAL-MEDIA Video Producer video production adobe premiere after effects scriptwriting directing colour grading mid 4 years,"Video Production, Adobe Premiere, After Effects, Scriptwriting, Directing, Colour Grading",,,INFORMATION-TECHNOLOGY
HC005,Healthcare Administrator,HEALTHCARE,"Hospital Management, Budgeting, Regulatory Compliance, EHR Systems, Staff Management, Policy Development",Oversee daily hospital or clinic operations; Manage budgets and resources; Ensure regulatory compliance; Lead HR activities for clinical staff,healthcare administration hospital management compliance budgeting EHR,Senior,8,LinkedIn,"['Hospital Management', 'Budgeting', 'Regulatory Compliance', 'EHR Systems', 'Staff Management', 'Policy Development']","['healthcare', 'administration', 'hospital', 'management', 'compliance', 'budgeting', 'EHR']",hospital management budgeting regulatory compliance ehr systems staff management policy development,HEALTHCARE Healthcare Administrator hospital management budgeting regulatory compliance ehr systems staff management policy development senior 8 years,"Hospital Management, Budgeting, Regulatory Compliance, EHR Systems, Staff Management, Policy Development",,,HR
CON001,Management Consultant,CONSULTANT,"Business Analysis, Strategy, Problem Solving, Data Analysis, Excel, PowerPoint, Stakeholder Management, Project Management, Consulting Frameworks",Advise clients on business strategy; Conduct research; Develop recommendations; Present findings; Manage project timelines,management consultant business analysis strategy problem solving data analysis excel powerpoint stakeholder project management,Mid,4,LinkedIn,"['Business Analysis', 'Strategy', 'Problem Solving', 'Data Analysis', 'Excel', 'PowerPoint', 'Stakeholder Management', 'Project Management', 'Consulting Frameworks']","['management consultant', 'business analysis', 'strategy', 'problem solving', 'data analysis', 'excel', 'powerpoint', 'stakeholder', 'project management']",business analysis strategy problem solving data analysis excel powerpoint stakeholder management project management consulting frameworks,CONSULTANT Management Consultant business analysis strategy problem solving data analysis excel powerpoint stakeholder management project management consulting frameworks mid 4 years,"Business Analysis, Strategy, Problem Solving, Data Analysis, Excel, PowerPoint, Stakeholder Management, Project Management, Consulting Frameworks",,,INFORMATION-TECHNOLOGY
AUTO002,Service Technician,AUTOMOBILE,"Vehicle Diagnostics, Engine Repair, Transmission, Electrical Systems, OBD Tools, Customer Service, Documentation, Safety Protocols",Diagnose vehicle faults; Perform repairs; Service vehicles; Advise customers; Maintain service records,service technician vehicle diagnostics engine repair transmission electrical systems obd tools customer service documentation safety,Junior,2,Naukri,"['Vehicle Diagnostics', 'Engine Repair', 'Transmission', 'Electrical Systems', 'OBD Tools', 'Customer Service', 'Documentation', 'Safety Protocols']","['service technician', 'vehicle diagnostics', 'engine repair', 'transmission', 'electrical systems', 'obd tools', 'customer service', 'documentation', 'safety']",vehicle diagnostics engine repair transmission electrical systems obd tools customer service documentation safety protocols,AUTOMOBILE Service Technician vehicle diagnostics engine repair transmission electrical systems obd tools customer service documentation safety protocols junior 2 years,"Vehicle Diagnostics, Engine Repair, Transmission, Electrical Systems, OBD Tools, Customer Service, Documentation, Safety Protocols",,,DESIGNER
DES002,Graphic Designer,DESIGNER,"Adobe Creative Suite, Typography, Branding, Print Design, Logo Design, Illustration, InDesign, Corel Draw",Create visual content; Develop brand identities; Design print and digital materials; Present design concepts to clients,graphic design branding typography logo print digital creative suite illustrator,Junior,1,Indeed,"['Adobe Creative Suite', 'Typography', 'Branding', 'Print Design', 'Logo Design', 'Illustration', 'InDesign', 'Corel Draw']","['graphic design', 'branding', 'typography', 'logo', 'print', 'digital', 'creative suite', 'illustrator']",adobe creative suite typography branding print design logo design illustration indesign corel draw,DESIGNER Graphic Designer adobe creative suite typography branding print design logo design illustration indesign corel draw junior 1 year,"Adobe Creative Suite, Typography, Branding, Print Design, Logo Design, Illustration, InDesign, Corel Draw",,,DESIGNER
PR002,PR Executive,PUBLIC-RELATIONS,"Media Monitoring, Press Release Writing, Social Media, Event Coordination, Research, Communication, MS Office, Networking",Monitor media coverage; Draft press materials; Assist in events; Support senior PR team; Maintain media contacts,pr executive media monitoring press release writing social media event coordination research communication ms office networking,Junior,1,Indeed,"['Media Monitoring', 'Press Release Writing', 'Social Media', 'Event Coordination', 'Research', 'Communication', 'MS Office', 'Networking']","['pr executive', 'media monitoring', 'press release writing', 'social media', 'event coordination', 'research', 'communication', 'ms office', 'networking']",media monitoring press release writing social media event coordination research communication ms office networking,PUBLIC-RELATIONS PR Executive media monitoring press release writing social media event coordination research communication ms office networking junior 1 year,"Media Monitoring, Press Release Writing, Social Media, Event Coordination, Research, Communication, MS Office, Networking",,,HR
BNK004,Branch Manager,BANKING,"Team Leadership, Retail Banking, Sales Targets, Customer Service, Regulatory Compliance, P&L",Manage day-to-day branch operations; Drive sales performance; Lead branch team; Ensure regulatory compliance; Handle escalated customer issues,branch manager retail banking leadership sales compliance customer service,Mid,5,Indeed,"['Team Leadership', 'Retail Banking', 'Sales Targets', 'Customer Service', 'Regulatory Compliance', 'P&L']","['branch', 'manager', 'retail', 'banking', 'leadership', 'sales', 'compliance', 'customer', 'service']",team leadership retail banking sales targets customer service regulatory compliance p&l,BANKING Branch Manager team leadership retail banking sales targets customer service regulatory compliance p&l mid 5 years,"Team Leadership, Retail Banking, Sales Targets, Customer Service, Regulatory Compliance, P&L",,,TEACHER
SAL005,VP of Sales,SALES,"Sales Strategy, Revenue Growth, Team Leadership, CRM, Enterprise Sales, Forecasting, P&L",Define and execute sales strategy; Lead regional and global sales teams; Manage key enterprise accounts; Own revenue targets; Report to C-suite,VP sales revenue growth leadership enterprise strategy forecasting P&L,Senior,10,LinkedIn,"['Sales Strategy', 'Revenue Growth', 'Team Leadership', 'CRM', 'Enterprise Sales', 'Forecasting', 'P&L']","['VP', 'sales', 'revenue', 'growth', 'leadership', 'enterprise', 'strategy', 'forecasting', 'P&L']",sales strategy revenue growth team leadership crm enterprise sales forecasting p&l,SALES VP of Sales sales strategy revenue growth team leadership crm enterprise sales forecasting p&l senior 10 years,"Sales Strategy, Revenue Growth, Team Leadership, CRM, Enterprise Sales, Forecasting, P&L",,,HR
HC006,Medical Laboratory Technician,HEALTHCARE,"Laboratory Techniques, PCR, Microscopy, Blood Analysis, Quality Control, LIMS",Perform diagnostic laboratory tests; Analyse specimens; Maintain equipment; Ensure quality control; Report results to clinicians,laboratory medical testing PCR blood analysis quality control diagnostics,Junior,2,LinkedIn,"['Laboratory Techniques', 'PCR', 'Microscopy', 'Blood Analysis', 'Quality Control', 'LIMS']","['laboratory', 'medical', 'testing', 'PCR', 'blood', 'analysis', 'quality', 'control', 'diagnostics']",laboratory techniques pcr microscopy blood analysis quality control lims,HEALTHCARE Medical Laboratory Technician laboratory techniques pcr microscopy blood analysis quality control lims junior 2 years,"Laboratory Techniques, PCR, Microscopy, Blood Analysis, Quality Control, LIMS",,,DESIGNER
ART003,Museum Curator,ARTS,"Art History, Collection Management, Exhibition Planning, Grant Writing, Research, Stakeholder Engagement",Manage and develop museum collections; Plan and execute exhibitions; Write grant applications; Engage community stakeholders; Conduct and publish research,curator museum collection exhibition art history research grants,Mid,4,LinkedIn,"['Art History', 'Collection Management', 'Exhibition Planning', 'Grant Writing', 'Research', 'Stakeholder Engagement']","['curator', 'museum', 'collection', 'exhibition', 'art', 'history', 'research', 'grants']",art history collection management exhibition planning grant writing research stakeholder engagement,ARTS Museum Curator art history collection management exhibition planning grant writing research stakeholder engagement mid 4 years,"Art History, Collection Management, Exhibition Planning, Grant Writing, Research, Stakeholder Engagement",,,TEACHER
AGR003,Agricultural Extension Officer,AGRICULTURE,"Crop Science, Soil Management, Farmer Training, Data Collection, Report Writing, Community Outreach",Advise farmers on best practices; Conduct field visits; Collect agricultural data; Deliver training workshops; Prepare technical reports,agricultural extension crop management soil farmer training community outreach,Junior,2,Indeed,"['Crop Science', 'Soil Management', 'Farmer Training', 'Data Collection', 'Report Writing', 'Community Outreach']","['agricultural', 'extension', 'crop', 'management', 'soil', 'farmer', 'training', 'community', 'outreach']",crop science soil management farmer training data collection report writing community outreach,AGRICULTURE Agricultural Extension Officer crop science soil management farmer training data collection report writing community outreach junior 2 years,"Crop Science, Soil Management, Farmer Training, Data Collection, Report Writing, Community Outreach",,,HR
PR002,PR Executive,PUBLIC-RELATIONS,"Media Monitoring, Press Release Writing, Social Media, Event Coordination, Research, Communication, MS Office, Networking",Monitor media coverage; Draft press materials; Assist in events; Support senior PR team; Maintain media contacts,pr executive media monitoring press release writing social media event coordination research communication ms office networking,Junior,1,Indeed,"['Media Monitoring', 'Press Release Writing', 'Social Media', 'Event Coordination', 'Research', 'Communication', 'MS Office', 'Networking']","['pr executive', 'media monitoring', 'press release writing', 'social media', 'event coordination', 'research', 'communication', 'ms office', 'networking']",media monitoring press release writing social media event coordination research communication ms office networking,PUBLIC-RELATIONS PR Executive media monitoring press release writing social media event coordination research communication ms office networking junior 1 year,"Media Monitoring, Press Release Writing, Social Media, Event Coordination, Research, Communication, MS Office, Networking",,,DESIGNER
FIN004,Junior Accountant,FINANCE,"Bookkeeping, IFRS, SAP, Excel, Accounts Payable, Accounts Receivable, Bank Reconciliation",Process financial transactions; Reconcile accounts; Prepare journal entries; Support month-end close; Assist in audit preparation,junior accountant bookkeeping IFRS SAP excel accounts payable reconciliation,Junior,1,Indeed,"['Bookkeeping', 'IFRS', 'SAP', 'Excel', 'Accounts Payable', 'Accounts Receivable', 'Bank Reconciliation']","['junior', 'accountant', 'bookkeeping', 'IFRS', 'SAP', 'excel', 'accounts', 'payable', 'reconciliation']",bookkeeping ifrs sap excel accounts payable accounts receivable bank reconciliation,FINANCE Junior Accountant bookkeeping ifrs sap excel accounts payable accounts receivable bank reconciliation junior 1 year,"Bookkeeping, IFRS, SAP, Excel, Accounts Payable, Accounts Receivable, Bank Reconciliation",,,ADVOCATE
IT003,DevOps Engineer,INFORMATION-TECHNOLOGY,"Docker, Kubernetes, CI/CD, Terraform, AWS, Linux, Python, Monitoring",Manage cloud infrastructure; Build and maintain CI/CD pipelines; Automate deployments; Monitor system health; Implement security best practices,devops docker kubernetes aws terraform cicd linux automation infrastructure,Mid,4,LinkedIn,"['Docker', 'Kubernetes', 'CI/CD', 'Terraform', 'AWS', 'Linux', 'Python', 'Monitoring']","['devops', 'docker', 'kubernetes', 'aws', 'terraform', 'cicd', 'linux', 'automation', 'infrastructure']",docker kubernetes ci/cd terraform aws linux python monitoring,INFORMATION-TECHNOLOGY DevOps Engineer docker kubernetes ci/cd terraform aws linux python monitoring mid 4 years,"Docker, Kubernetes, CI/CD, Terraform, AWS, Linux, Python, Monitoring",,,TEACHER
SAL002,Sales Manager,SALES,"Sales Strategy, Team Leadership, Forecasting, CRM, P&L Management, Territory Management, Coaching, Negotiation, Market Analysis",Lead sales team; Develop sales strategies; Monitor targets; Train sales reps; Manage key accounts; Report to leadership,sales manager strategy team leadership forecasting crm pl management territory coaching negotiation market analysis,Senior,7,LinkedIn,"['Sales Strategy', 'Team Leadership', 'Forecasting', 'CRM', 'P&L Management', 'Territory Management', 'Coaching', 'Negotiation', 'Market Analysis']","['sales manager', 'strategy', 'team leadership', 'forecasting', 'crm', 'pl management', 'territory', 'coaching', 'negotiation', 'market analysis']",sales strategy team leadership forecasting crm pl management territory management coaching negotiation market analysis,SALES Sales Manager sales strategy team leadership forecasting crm pl management territory management coaching negotiation market analysis senior 7 years,"Sales Strategy, Team Leadership, Forecasting, CRM, P&L Management, Territory Management, Coaching, Negotiation, Market Analysis",,,HR
FIN002,Investment Banker,FINANCE,"M&A, DCF Valuation, Pitch Books, Financial Modeling, Capital Markets, Excel, Bloomberg, Due Diligence, Client Relations, CFA",Execute M&A transactions; Build valuation models; Prepare pitch books; Conduct due diligence; Manage client relationships,investment banker ma dcf valuation pitch books financial modeling capital markets excel bloomberg due diligence client relations cfa,Senior,7,Financial Times Jobs,"['M&A', 'DCF Valuation', 'Pitch Books', 'Financial Modeling', 'Capital Markets', 'Excel', 'Bloomberg', 'Due Diligence', 'Client Relations', 'CFA']","['investment banker', 'ma', 'dcf valuation', 'pitch books', 'financial modeling', 'capital markets', 'excel', 'bloomberg', 'due diligence', 'client relations', 'cfa']",m a dcf valuation pitch books financial modeling capital markets excel bloomberg due diligence client relations cfa,FINANCE Investment Banker m a dcf valuation pitch books financial modeling capital markets excel bloomberg due diligence client relations cfa senior 7 years,"M&A, DCF Valuation, Pitch Books, Financial Modeling, Capital Markets, Excel, Bloomberg, Due Diligence, Client Relations, CFA",,,TEACHER
CHF005,Food and Beverage Director,CHEF,"F&B Operations, P&L Management, Menu Engineering, Team Leadership, Vendor Management, Revenue Optimisation",Oversee all food and beverage operations; Develop menus and pricing; Manage multiple outlets; Drive revenue and control costs; Lead F&B teams,food beverage director operations P&L menu leadership revenue,Senior,10,LinkedIn,"['F&B Operations', 'P&L Management', 'Menu Engineering', 'Team Leadership', 'Vendor Management', 'Revenue Optimisation']","['food', 'beverage', 'director', 'operations', 'P&L', 'menu', 'leadership', 'revenue']",f&b operations p&l management menu engineering team leadership vendor management revenue optimisation,CHEF Food and Beverage Director f&b operations p&l management menu engineering team leadership vendor management revenue optimisation senior 10 years,"F&B Operations, P&L Management, Menu Engineering, Team Leadership, Vendor Management, Revenue Optimisation",,,TEACHER
CHF001,Executive Chef,CHEF,"Menu Planning, Kitchen Management, Food Safety, Culinary Techniques, Budget Management, Team Leadership, Inventory Control, Creativity",Design menus; Supervise kitchen staff; Ensure food quality; Manage inventory; Control food costs; Train junior chefs,executive chef menu planning kitchen management food safety culinary techniques budget team leadership inventory creativity,Senior,8,HotelJobs,"['Menu Planning', 'Kitchen Management', 'Food Safety', 'Culinary Techniques', 'Budget Management', 'Team Leadership', 'Inventory Control', 'Creativity']","['executive chef', 'menu planning', 'kitchen management', 'food safety', 'culinary techniques', 'budget', 'team leadership', 'inventory', 'creativity']",menu planning kitchen management food safety culinary techniques budget management team leadership inventory control creativity,CHEF Executive Chef menu planning kitchen management food safety culinary techniques budget management team leadership inventory control creativity senior 8 years,"Menu Planning, Kitchen Management, Food Safety, Culinary Techniques, Budget Management, Team Leadership, Inventory Control, Creativity",,,INFORMATION-TECHNOLOGY
ACC005,Accounts Payable Clerk,ACCOUNTANT,"Invoice Processing, SAP, Excel, Supplier Reconciliation, Attention to Detail, Communication",Process supplier invoices; Reconcile accounts payable ledger; Resolve payment queries; Maintain vendor records; Support month-end closing,accounts payable invoice processing SAP supplier reconciliation month-end,Junior,1,LinkedIn,"['Invoice Processing', 'SAP', 'Excel', 'Supplier Reconciliation', 'Attention to Detail', 'Communication']","['accounts', 'payable', 'invoice', 'processing', 'SAP', 'supplier', 'reconciliation', 'month-end']",invoice processing sap excel supplier reconciliation attention to detail communication,ACCOUNTANT Accounts Payable Clerk invoice processing sap excel supplier reconciliation attention to detail communication junior 1 year,"Invoice Processing, SAP, Excel, Supplier Reconciliation, Attention to Detail, Communication",,,INFORMATION-TECHNOLOGY
DM003,Content Strategist,DIGITAL-MEDIA,"Content Strategy, SEO, Editorial Planning, Analytics, Copywriting, CMS",Develop content strategy aligned to business goals; Create editorial calendars; Oversee content production; Measure content performance; Drive SEO improvements,content strategy SEO editorial analytics copywriting CMS,Mid,3,LinkedIn,"['Content Strategy', 'SEO', 'Editorial Planning', 'Analytics', 'Copywriting', 'CMS']","['content', 'strategy', 'SEO', 'editorial', 'analytics', 'copywriting', 'CMS']",content strategy seo editorial planning analytics copywriting cms,DIGITAL-MEDIA Content Strategist content strategy seo editorial planning analytics copywriting cms mid 3 years,"Content Strategy, SEO, Editorial Planning, Analytics, Copywriting, CMS",,,INFORMATION-TECHNOLOGY
BD001,Business Development Manager,BUSINESS-DEVELOPMENT,"Sales Strategy, CRM, Negotiation, Market Research, Lead Generation, Presentation, Networking, Excel, Salesforce",Identify new business opportunities; Build client relationships; Develop growth strategies; Negotiate partnerships; Achieve revenue targets,business development sales strategy crm negotiation market research lead generation presentation networking excel salesforce,Senior,6,LinkedIn,"['Sales Strategy', 'CRM', 'Negotiation', 'Market Research', 'Lead Generation', 'Presentation', 'Networking', 'Excel', 'Salesforce']","['business development', 'sales strategy', 'crm', 'negotiation', 'market research', 'lead generation', 'presentation', 'networking', 'salesforce']",sales strategy crm negotiation market research lead generation presentation networking excel salesforce,BUSINESS-DEVELOPMENT Business Development Manager sales strategy crm negotiation market research lead generation presentation networking excel salesforce senior 6 years,"Sales Strategy, CRM, Negotiation, Market Research, Lead Generation, Presentation, Networking, Excel, Salesforce",,,DESIGNER
FIN004,Junior Accountant,FINANCE,"Bookkeeping, IFRS, SAP, Excel, Accounts Payable, Accounts Receivable, Bank Reconciliation",Process financial transactions; Reconcile accounts; Prepare journal entries; Support month-end close; Assist in audit preparation,junior accountant bookkeeping IFRS SAP excel accounts payable reconciliation,Junior,1,Indeed,"['Bookkeeping', 'IFRS', 'SAP', 'Excel', 'Accounts Payable', 'Accounts Receivable', 'Bank Reconciliation']","['junior', 'accountant', 'bookkeeping', 'IFRS', 'SAP', 'excel', 'accounts', 'payable', 'reconciliation']",bookkeeping ifrs sap excel accounts payable accounts receivable bank reconciliation,FINANCE Junior Accountant bookkeeping ifrs sap excel accounts payable accounts receivable bank reconciliation junior 1 year,"Bookkeeping, IFRS, SAP, Excel, Accounts Payable, Accounts Receivable, Bank Reconciliation",,,ADVOCATE
BNK003,Investment Analyst,BANKING,"Financial Modelling, DCF Valuation, Equity Research, Bloomberg, CFA, Excel",Conduct equity research; Build financial models; Write investment reports; Present investment thesis; Monitor portfolio companies,investment analysis equity research financial modelling DCF Bloomberg CFA,Junior,2,LinkedIn,"['Financial Modelling', 'DCF Valuation', 'Equity Research', 'Bloomberg', 'CFA', 'Excel']","['investment', 'analysis', 'equity', 'research', 'financial', 'modelling', 'DCF', 'Bloomberg', 'CFA']",financial modelling dcf valuation equity research bloomberg cfa excel,BANKING Investment Analyst financial modelling dcf valuation equity research bloomberg cfa excel junior 2 years,"Financial Modelling, DCF Valuation, Equity Research, Bloomberg, CFA, Excel",,,HR
APP004,Buying Assistant,APPAREL,"Range Planning, Supplier Management, Excel, Trend Research, Buying Process, Communication",Support buying team in range planning; Manage supplier communications; Monitor stock levels; Conduct trend research; Prepare sales reports,buying apparel retail range planning trend supplier excel,Junior,1,LinkedIn,"['Range Planning', 'Supplier Management', 'Excel', 'Trend Research', 'Buying Process', 'Communication']","['buying', 'apparel', 'retail', 'range', 'planning', 'trend', 'supplier', 'excel']",range planning supplier management excel trend research buying process communication,APPAREL Buying Assistant range planning supplier management excel trend research buying process communication junior 1 year,"Range Planning, Supplier Management, Excel, Trend Research, Buying Process, Communication",,,INFORMATION-TECHNOLOGY
CHF002,Pastry Chef,CHEF,"Baking, Pastry Arts, Chocolate Work, Cake Decorating, Recipe Development, Food Safety, Plating, Creativity, Inventory Management",Create pastry and dessert menus; Bake and decorate items; Manage pastry section; Train staff; Ensure quality standards,pastry chef baking pastry arts chocolate cake decorating recipe development food safety plating creativity inventory,Mid,4,Indeed,"['Baking', 'Pastry Arts', 'Chocolate Work', 'Cake Decorating', 'Recipe Development', 'Food Safety', 'Plating', 'Creativity', 'Inventory Management']","['pastry chef', 'baking', 'pastry arts', 'chocolate', 'cake decorating', 'recipe development', 'food safety', 'plating', 'creativity', 'inventory']",baking pastry arts chocolate work cake decorating recipe development food safety plating creativity inventory management,CHEF Pastry Chef baking pastry arts chocolate work cake decorating recipe development food safety plating creativity inventory management mid 4 years,"Baking, Pastry Arts, Chocolate Work, Cake Decorating, Recipe Development, Food Safety, Plating, Creativity, Inventory Management",,,HR
TEA003,Special Education Teacher,TEACHER,"IEP Development, Differentiated Instruction, Behavior Management, Assistive Technology, Assessment",Develop individualised education plans; Adapt curriculum for diverse learners; Collaborate with therapists; Communicate with parents; Monitor student progress,special education IEP differentiated instruction behaviour management assessment,Mid,3,Indeed,"['IEP Development', 'Differentiated Instruction', 'Behavior Management', 'Assistive Technology', 'Assessment']","['special', 'education', 'IEP', 'differentiated', 'instruction', 'behaviour', 'management', 'assessment']",iep development differentiated instruction behavior management assistive technology assessment,TEACHER Special Education Teacher iep development differentiated instruction behavior management assistive technology assessment mid 3 years,"IEP Development, Differentiated Instruction, Behavior Management, Assistive Technology, Assessment",,,HR
BNK006,Anti-Money Laundering Analyst,BANKING,"AML, KYC, Transaction Monitoring, Regulatory Compliance, FATF, Investigation, SAR Filing",Monitor transactions for suspicious activity; Conduct KYC and CDD reviews; Prepare SARs; Ensure compliance with AML regulations; Liaise with regulators,AML KYC compliance transaction monitoring SAR regulatory investigation FATF,Mid,3,LinkedIn,"['AML', 'KYC', 'Transaction Monitoring', 'Regulatory Compliance', 'FATF', 'Investigation', 'SAR Filing']","['AML', 'KYC', 'compliance', 'transaction', 'monitoring', 'SAR', 'regulatory', 'investigation', 'FATF']",aml kyc transaction monitoring regulatory compliance fatf investigation sar filing,BANKING Anti-Money Laundering Analyst aml kyc transaction monitoring regulatory compliance fatf investigation sar filing mid 3 years,"AML, KYC, Transaction Monitoring, Regulatory Compliance, FATF, Investigation, SAR Filing",,,HR
ART002,Art Director,ARTS,"Creative Direction, Visual Storytelling, Adobe Creative Suite, Team Leadership, Brand Identity, Typography, Photography, Video Production",Lead creative projects; Direct visual output; Collaborate with designers; Develop brand identities; Review creative work,art director creative direction visual storytelling adobe creative suite team leadership brand identity typography photography video,Senior,7,LinkedIn,"['Creative Direction', 'Visual Storytelling', 'Adobe Creative Suite', 'Team Leadership', 'Brand Identity', 'Typography', 'Photography', 'Video Production']","['art director', 'creative direction', 'visual storytelling', 'adobe creative suite', 'team leadership', 'brand identity', 'typography', 'photography', 'video']",creative direction visual storytelling adobe creative suite team leadership brand identity typography photography video production,ARTS Art Director creative direction visual storytelling adobe creative suite team leadership brand identity typography photography video production senior 7 years,"Creative Direction, Visual Storytelling, Adobe Creative Suite, Team Leadership, Brand Identity, Typography, Photography, Video Production",,,HR
DM003,Content Strategist,DIGITAL-MEDIA,"Content Strategy, SEO, Editorial Planning, Analytics, Copywriting, CMS",Develop content strategy aligned to business goals; Create editorial calendars; Oversee content production; Measure content performance; Drive SEO improvements,content strategy SEO editorial analytics copywriting CMS,Mid,3,LinkedIn,"['Content Strategy', 'SEO', 'Editorial Planning', 'Analytics', 'Copywriting', 'CMS']","['content', 'strategy', 'SEO', 'editorial', 'analytics', 'copywriting', 'CMS']",content strategy seo editorial planning analytics copywriting cms,DIGITAL-MEDIA Content Strategist content strategy seo editorial planning analytics copywriting cms mid 3 years,"Content Strategy, SEO, Editorial Planning, Analytics, Copywriting, CMS",,,DESIGNER
SAL004,Retail Sales Associate,SALES,"Customer Service, POS Systems, Product Knowledge, Merchandising, Cash Handling",Assist customers in selecting products; Process transactions; Maintain store presentation; Achieve individual sales targets; Handle customer enquiries and complaints,retail sales customer service POS merchandise cash handling,Junior,0,Indeed,"['Customer Service', 'POS Systems', 'Product Knowledge', 'Merchandising', 'Cash Handling']","['retail', 'sales', 'customer', 'service', 'POS', 'merchandise', 'cash', 'handling']",customer service pos systems product knowledge merchandising cash handling,SALES Retail Sales Associate customer service pos systems product knowledge merchandising cash handling junior 0 years,"Customer Service, POS Systems, Product Knowledge, Merchandising, Cash Handling",,,INFORMATION-TECHNOLOGY
ART005,Creative Director,ARTS,"Creative Leadership, Brand Identity, Campaign Development, Team Management, Pitching, Multi-channel",Lead creative output across all channels; Set creative vision and standards; Manage creative teams; Present and pitch to clients; Oversee campaign production,creative director leadership brand campaign multi-channel pitch creative vision,Senior,10,LinkedIn,"['Creative Leadership', 'Brand Identity', 'Campaign Development', 'Team Management', 'Pitching', 'Multi-channel']","['creative', 'director', 'leadership', 'brand', 'campaign', 'multi-channel', 'pitch', 'creative', 'vision']",creative leadership brand identity campaign development team management pitching multi-channel,ARTS Creative Director creative leadership brand identity campaign development team management pitching multi-channel senior 10 years,"Creative Leadership, Brand Identity, Campaign Development, Team Management, Pitching, Multi-channel",,,HR
ENG003,Electrical Engineer,ENGINEERING,"Circuit Design, AutoCAD Electrical, PLC, Power Systems, IEC Standards, MATLAB",Design electrical systems; Prepare engineering drawings; Conduct site inspections; Ensure compliance with IEC standards; Troubleshoot electrical faults,electrical engineering circuit design PLC power systems autocad IEC standards,Mid,4,LinkedIn,"['Circuit Design', 'AutoCAD Electrical', 'PLC', 'Power Systems', 'IEC Standards', 'MATLAB']","['electrical', 'engineering', 'circuit', 'design', 'PLC', 'power', 'systems', 'autocad', 'IEC', 'standards']",circuit design autocad electrical plc power systems iec standards matlab,ENGINEERING Electrical Engineer circuit design autocad electrical plc power systems iec standards matlab mid 4 years,"Circuit Design, AutoCAD Electrical, PLC, Power Systems, IEC Standards, MATLAB",,,INFORMATION-TECHNOLOGY
FIN005,CFO,FINANCE,"Financial Strategy, IFRS, M&A, Investor Relations, P&L, Capital Markets, Leadership",Lead financial strategy and planning; Manage investor relations; Oversee financial reporting; Drive M&A transactions; Ensure regulatory compliance,CFO financial strategy IFRS M&A investor relations capital markets leadership,Senior,15,LinkedIn,"['Financial Strategy', 'IFRS', 'M&A', 'Investor Relations', 'P&L', 'Capital Markets', 'Leadership']","['CFO', 'financial', 'strategy', 'IFRS', 'M&A', 'investor', 'relations', 'capital', 'markets', 'leadership']",financial strategy ifrs m&a investor relations p&l capital markets leadership,FINANCE CFO financial strategy ifrs m&a investor relations p&l capital markets leadership senior 15 years,"Financial Strategy, IFRS, M&A, Investor Relations, P&L, Capital Markets, Leadership",,,DESIGNER
FIN003,Risk Manager,FINANCE,"Risk Management, Basel III, Credit Risk, VaR, Python, SQL, Regulatory Reporting",Identify and measure financial risks; Develop risk frameworks; Produce regulatory reports; Advise senior management; Liaise with regulators,risk management credit VaR regulatory reporting Basel python sql,Mid,5,LinkedIn,"['Risk Management', 'Basel III', 'Credit Risk', 'VaR', 'Python', 'SQL', 'Regulatory Reporting']","['risk', 'management', 'credit', 'VaR', 'regulatory', 'reporting', 'Basel', 'python', 'sql']",risk management basel iii credit risk var python sql regulatory reporting,FINANCE Risk Manager risk management basel iii credit risk var python sql regulatory reporting mid 5 years,"Risk Management, Basel III, Credit Risk, VaR, Python, SQL, Regulatory Reporting",,,ADVOCATE
CHF003,Sous Chef,CHEF,"Kitchen Management, Culinary Techniques, Menu Development, HACCP, Team Leadership, Plating",Support executive chef in kitchen operations; Lead section chefs; Develop and test new dishes; Ensure food safety standards; Manage stock and ordering,sous chef kitchen leadership culinary menu development HACCP food safety,Mid,4,LinkedIn,"['Kitchen Management', 'Culinary Techniques', 'Menu Development', 'HACCP', 'Team Leadership', 'Plating']","['sous', 'chef', 'kitchen', 'leadership', 'culinary', 'menu', 'development', 'HACCP', 'food', 'safety']",kitchen management culinary techniques menu development haccp team leadership plating,CHEF Sous Chef kitchen management culinary techniques menu development haccp team leadership plating mid 4 years,"Kitchen Management, Culinary Techniques, Menu Development, HACCP, Team Leadership, Plating",,,HR
FIN002,Investment Banker,FINANCE,"M&A, DCF Valuation, Pitch Books, Financial Modeling, Capital Markets, Excel, Bloomberg, Due Diligence, Client Relations, CFA",Execute M&A transactions; Build valuation models; Prepare pitch books; Conduct due diligence; Manage client relationships,investment banker ma dcf valuation pitch books financial modeling capital markets excel bloomberg due diligence client relations cfa,Senior,7,Financial Times Jobs,"['M&A', 'DCF Valuation', 'Pitch Books', 'Financial Modeling', 'Capital Markets', 'Excel', 'Bloomberg', 'Due Diligence', 'Client Relations', 'CFA']","['investment banker', 'ma', 'dcf valuation', 'pitch books', 'financial modeling', 'capital markets', 'excel', 'bloomberg', 'due diligence', 'client relations', 'cfa']",m a dcf valuation pitch books financial modeling capital markets excel bloomberg due diligence client relations cfa,FINANCE Investment Banker m a dcf valuation pitch books financial modeling capital markets excel bloomberg due diligence client relations cfa senior 7 years,"M&A, DCF Valuation, Pitch Books, Financial Modeling, Capital Markets, Excel, Bloomberg, Due Diligence, Client Relations, CFA",,,TEACHER
FIN005,CFO,FINANCE,"Financial Strategy, IFRS, M&A, Investor Relations, P&L, Capital Markets, Leadership",Lead financial strategy and planning; Manage investor relations; Oversee financial reporting; Drive M&A transactions; Ensure regulatory compliance,CFO financial strategy IFRS M&A investor relations capital markets leadership,Senior,15,LinkedIn,"['Financial Strategy', 'IFRS', 'M&A', 'Investor Relations', 'P&L', 'Capital Markets', 'Leadership']","['CFO', 'financial', 'strategy', 'IFRS', 'M&A', 'investor', 'relations', 'capital', 'markets', 'leadership']",financial strategy ifrs m&a investor relations p&l capital markets leadership,FINANCE CFO financial strategy ifrs m&a investor relations p&l capital markets leadership senior 15 years,"Financial Strategy, IFRS, M&A, Investor Relations, P&L, Capital Markets, Leadership",,,HR
CON_S002,Site Engineer,CONSTRUCTION,"Site Supervision, AutoCAD, Structural Drawing, Quality Control, Safety, MS Office, Survey Equipment, Material Management",Supervise site activities; Interpret drawings; Ensure quality; Monitor safety; Manage materials; Report progress,site engineer supervision autocad structural drawing quality control safety ms office survey equipment material management,Junior,2,Naukri,"['Site Supervision', 'AutoCAD', 'Structural Drawing', 'Quality Control', 'Safety', 'MS Office', 'Survey Equipment', 'Material Management']","['site engineer', 'supervision', 'autocad', 'structural drawing', 'quality control', 'safety', 'ms office', 'survey equipment', 'material management']",site supervision autocad structural drawing quality control safety ms office survey equipment material management,CONSTRUCTION Site Engineer site supervision autocad structural drawing quality control safety ms office survey equipment material management junior 2 years,"Site Supervision, AutoCAD, Structural Drawing, Quality Control, Safety, MS Office, Survey Equipment, Material Management",,,INFORMATION-TECHNOLOGY
TEA002,Primary School Teacher,TEACHER,"Child Development, Lesson Planning, Creative Teaching, Communication, Patience, MS Office, Activity Design, Phonics",Teach foundational subjects; Design age-appropriate activities; Monitor child development; Engage parents; Maintain records,primary teacher child development lesson planning creative communication patience ms office activity phonics,Junior,1,LinkedIn,"['Child Development', 'Lesson Planning', 'Creative Teaching', 'Communication', 'Patience', 'MS Office', 'Activity Design', 'Phonics']","['primary teacher', 'child development', 'lesson planning', 'creative', 'communication', 'patience', 'ms office', 'activity', 'phonics']",child development lesson planning creative teaching communication patience ms office activity design phonics,TEACHER Primary School Teacher child development lesson planning creative teaching communication patience ms office activity design phonics junior 1 year,"Child Development, Lesson Planning, Creative Teaching, Communication, Patience, MS Office, Activity Design, Phonics",,,DESIGNER
AGR005,Agricultural Director,AGRICULTURE,"Agricultural Policy, Budget Management, Supply Chain, Stakeholder Relations, Strategic Planning, Sustainability",Lead agricultural programmes at regional level; Develop policy recommendations; Manage large budgets; Build government and NGO partnerships; Oversee sustainability initiatives,agriculture director policy budget supply chain sustainability leadership,Senior,12,LinkedIn,"['Agricultural Policy', 'Budget Management', 'Supply Chain', 'Stakeholder Relations', 'Strategic Planning', 'Sustainability']","['agriculture', 'director', 'policy', 'budget', 'supply', 'chain', 'sustainability', 'leadership']",agricultural policy budget management supply chain stakeholder relations strategic planning sustainability,AGRICULTURE Agricultural Director agricultural policy budget management supply chain stakeholder relations strategic planning sustainability senior 12 years,"Agricultural Policy, Budget Management, Supply Chain, Stakeholder Relations, Strategic Planning, Sustainability",,,HR
BD006,Market Research Analyst,BUSINESS-DEVELOPMENT,"Market Analysis, Surveys, SPSS, Excel, Data Visualisation, Competitive Intelligence",Conduct primary and secondary market research; Analyse competitor landscape; Produce research reports; Present findings to leadership; Track industry trends,market research competitive intelligence analysis surveys data reporting,Junior,2,LinkedIn,"['Market Analysis', 'Surveys', 'SPSS', 'Excel', 'Data Visualisation', 'Competitive Intelligence']","['market', 'research', 'competitive', 'intelligence', 'analysis', 'surveys', 'data', 'reporting']",market analysis surveys spss excel data visualisation competitive intelligence,BUSINESS-DEVELOPMENT Market Research Analyst market analysis surveys spss excel data visualisation competitive intelligence junior 2 years,"Market Analysis, Surveys, SPSS, Excel, Data Visualisation, Competitive Intelligence",,,HR
IT001,Software Engineer,INFORMATION-TECHNOLOGY,"Python, Java, SQL, REST APIs, Git, Docker, Kubernetes, Agile, AWS, Linux",Develop software applications; Write clean code; Review code; Debug and troubleshoot; Collaborate with cross-functional teams,software engineer python java sql rest api git docker kubernetes agile aws linux backend,Mid,3,LinkedIn,"['Python', 'Java', 'SQL', 'REST APIs', 'Git', 'Docker', 'Kubernetes', 'Agile', 'AWS', 'Linux']","['software engineer', 'python', 'java', 'sql', 'rest api', 'git', 'docker', 'kubernetes', 'agile', 'aws']",python java sql rest apis git docker kubernetes agile aws linux,INFORMATION-TECHNOLOGY Software Engineer python java sql rest apis git docker kubernetes agile aws linux mid 3 years,"Python, Java, SQL, REST APIs, Git, Docker, Kubernetes, Agile, AWS, Linux",,,INFORMATION-TECHNOLOGY
IT005,Cybersecurity Analyst,INFORMATION-TECHNOLOGY,"SIEM, Penetration Testing, Firewalls, IDS/IPS, Python, OWASP, Network Security, SOC",Monitor security events; Conduct vulnerability assessments; Respond to incidents; Develop security policies; Perform threat modelling,cybersecurity siem penetration testing network security vulnerability incident response,Mid,3,Indeed,"['SIEM', 'Penetration Testing', 'Firewalls', 'IDS/IPS', 'Python', 'OWASP', 'Network Security', 'SOC']","['cybersecurity', 'siem', 'penetration', 'testing', 'network', 'security', 'vulnerability', 'incident', 'response']",siem penetration testing firewalls ids/ips python owasp network security soc,INFORMATION-TECHNOLOGY Cybersecurity Analyst siem penetration testing firewalls ids/ips python owasp network security soc mid 3 years,"SIEM, Penetration Testing, Firewalls, IDS/IPS, Python, OWASP, Network Security, SOC",,,HR
AGR001,Agronomist,AGRICULTURE,"Soil Science, Crop Management, Irrigation, Pest Control, GIS, Agricultural Software, Data Analysis, Research, Communication",Advise on crop production; Conduct soil testing; Recommend pest management; Analyze agricultural data; Develop farm plans,agronomist soil science crop management irrigation pest control gis agricultural software data analysis research,Mid,4,AgriJobs,"['Soil Science', 'Crop Management', 'Irrigation', 'Pest Control', 'GIS', 'Agricultural Software', 'Data Analysis', 'Research', 'Communication']","['agronomist', 'soil science', 'crop management', 'irrigation', 'pest control', 'gis', 'agricultural software', 'data analysis', 'research']",soil science crop management irrigation pest control gis agricultural software data analysis research communication,AGRICULTURE Agronomist soil science crop management irrigation pest control gis agricultural software data analysis research communication mid 4 years,"Soil Science, Crop Management, Irrigation, Pest Control, GIS, Agricultural Software, Data Analysis, Research, Communication",,,TEACHER
BD003,Partnership Manager,BUSINESS-DEVELOPMENT,"Relationship Management, Contract Negotiation, CRM, Market Analysis, Presentation Skills",Identify and develop strategic partnerships; Negotiate partnership agreements; Manage partner relationships; Track partnership KPIs; Collaborate with marketing,partnerships relationship management crm negotiation market analysis business growth,Mid,3,LinkedIn,"['Relationship Management', 'Contract Negotiation', 'CRM', 'Market Analysis', 'Presentation Skills']","['partnerships', 'relationship', 'management', 'crm', 'negotiation', 'market', 'analysis', 'business', 'growth']",relationship management contract negotiation crm market analysis presentation skills,BUSINESS-DEVELOPMENT Partnership Manager relationship management contract negotiation crm market analysis presentation skills mid 3 years,"Relationship Management, Contract Negotiation, CRM, Market Analysis, Presentation Skills",,,DESIGNER
CON_S004,Building Information Modelling (BIM) Coordinator,CONSTRUCTION,"Revit, Navisworks, BIM Standards, AutoCAD, Clash Detection, ISO 19650",Manage BIM processes on construction projects; Coordinate clash detection; Maintain BIM execution plan; Liaise with design and construction teams; Ensure ISO 19650 compliance,BIM revit navisworks clash detection ISO 19650 construction digital,Mid,3,Indeed,"['Revit', 'Navisworks', 'BIM Standards', 'AutoCAD', 'Clash Detection', 'ISO 19650']","['BIM', 'revit', 'navisworks', 'clash', 'detection', 'ISO', '19650', 'construction', 'digital']",revit navisworks bim standards autocad clash detection iso 19650,CONSTRUCTION Building Information Modelling (BIM) Coordinator revit navisworks bim standards autocad clash detection iso 19650 mid 3 years,"Revit, Navisworks, BIM Standards, AutoCAD, Clash Detection, ISO 19650",,,DESIGNER
BD004,Sales Development Representative,BUSINESS-DEVELOPMENT,"Lead Generation, Cold Calling, CRM, Email Outreach, LinkedIn Sales Navigator, Objection Handling",Generate and qualify new sales leads; Conduct outreach via phone and email; Book discovery meetings; Maintain CRM data; Collaborate with account executives,sales development lead generation CRM outreach prospecting sdR,Junior,1,Indeed,"['Lead Generation', 'Cold Calling', 'CRM', 'Email Outreach', 'LinkedIn Sales Navigator', 'Objection Handling']","['sales', 'development', 'lead', 'generation', 'CRM', 'outreach', 'prospecting', 'sdR']",lead generation cold calling crm email outreach linkedin sales navigator objection handling,BUSINESS-DEVELOPMENT Sales Development Representative lead generation cold calling crm email outreach linkedin sales navigator objection handling junior 1 year,"Lead Generation, Cold Calling, CRM, Email Outreach, LinkedIn Sales Navigator, Objection Handling",,,DESIGNER
DES002,Graphic Designer,DESIGNER,"Adobe Creative Suite, Typography, Branding, Print Design, Logo Design, Illustration, InDesign, Corel Draw",Create visual content; Develop brand identities; Design print and digital materials; Present design concepts to clients,graphic design branding typography logo print digital creative suite illustrator,Junior,1,Indeed,"['Adobe Creative Suite', 'Typography', 'Branding', 'Print Design', 'Logo Design', 'Illustration', 'InDesign', 'Corel Draw']","['graphic design', 'branding', 'typography', 'logo', 'print', 'digital', 'creative suite', 'illustrator']",adobe creative suite typography branding print design logo design illustration indesign corel draw,DESIGNER Graphic Designer adobe creative suite typography branding print design logo design illustration indesign corel draw junior 1 year,"Adobe Creative Suite, Typography, Branding, Print Design, Logo Design, Illustration, InDesign, Corel Draw",,,DESIGNER
HR005,Compensation and Benefits Manager,HR,"Compensation Design, Benefits Benchmarking, Job Evaluation, Payroll, HRIS, Reward Strategy",Design and manage compensation frameworks; Conduct market benchmarking; Manage annual pay review; Oversee benefits programmes; Ensure regulatory compliance,compensation benefits reward benchmarking job evaluation payroll HRIS,Mid,5,Indeed,"['Compensation Design', 'Benefits Benchmarking', 'Job Evaluation', 'Payroll', 'HRIS', 'Reward Strategy']","['compensation', 'benefits', 'reward', 'benchmarking', 'job', 'evaluation', 'payroll', 'HRIS']",compensation design benefits benchmarking job evaluation payroll hris reward strategy,HR Compensation and Benefits Manager compensation design benefits benchmarking job evaluation payroll hris reward strategy mid 5 years,"Compensation Design, Benefits Benchmarking, Job Evaluation, Payroll, HRIS, Reward Strategy",,,ADVOCATE
AVI004,Aviation Safety Officer,AVIATION,"Safety Management Systems, ICAO Annex 19, Risk Assessment, Incident Investigation, Regulatory Compliance",Implement safety management systems; Investigate incidents and accidents; Conduct safety audits; Report to civil aviation authority; Develop safety training,aviation safety SMS ICAO risk assessment incident investigation compliance,Mid,4,Indeed,"['Safety Management Systems', 'ICAO Annex 19', 'Risk Assessment', 'Incident Investigation', 'Regulatory Compliance']","['aviation', 'safety', 'SMS', 'ICAO', 'risk', 'assessment', 'incident', 'investigation', 'compliance']",safety management systems icao annex 19 risk assessment incident investigation regulatory compliance,AVIATION Aviation Safety Officer safety management systems icao annex 19 risk assessment incident investigation regulatory compliance mid 4 years,"Safety Management Systems, ICAO Annex 19, Risk Assessment, Incident Investigation, Regulatory Compliance",,,TEACHER
PR004,PR Assistant,PUBLIC-RELATIONS,"Media Monitoring, Press Release Drafting, Social Media, Research, MS Office",Monitor media coverage; Assist with press release drafting; Maintain media contact lists; Support events coordination; Conduct background research,PR assistant media monitoring press release social media research,Junior,0,Indeed,"['Media Monitoring', 'Press Release Drafting', 'Social Media', 'Research', 'MS Office']","['PR', 'assistant', 'media', 'monitoring', 'press', 'release', 'social', 'media', 'research']",media monitoring press release drafting social media research ms office,PUBLIC-RELATIONS PR Assistant media monitoring press release drafting social media research ms office junior 0 years,"Media Monitoring, Press Release Drafting, Social Media, Research, MS Office",,,TEACHER
CON002,IT Consultant,CONSULTANT,"Systems Analysis, IT Strategy, Cloud Solutions, Project Management, ITIL, Cybersecurity, Communication, Vendor Management, SQL",Assess IT infrastructure; Recommend solutions; Manage implementations; Advise on IT strategy; Support digital transformation,it consultant systems analysis it strategy cloud solutions project management itil cybersecurity vendor management sql,Senior,6,Naukri,"['Systems Analysis', 'IT Strategy', 'Cloud Solutions', 'Project Management', 'ITIL', 'Cybersecurity', 'Communication', 'Vendor Management', 'SQL']","['it consultant', 'systems analysis', 'it strategy', 'cloud solutions', 'project management', 'itil', 'cybersecurity', 'vendor management', 'sql']",systems analysis it strategy cloud solutions project management itil cybersecurity communication vendor management sql,CONSULTANT IT Consultant systems analysis it strategy cloud solutions project management itil cybersecurity communication vendor management sql senior 6 years,"Systems Analysis, IT Strategy, Cloud Solutions, Project Management, ITIL, Cybersecurity, Communication, Vendor Management, SQL",,,HR
APP001,Fashion Designer,APPAREL,"Sketching, Fabric Selection, Pattern Making, Adobe Illustrator, Trend Analysis, Garment Construction, CAD, Sewing, Merchandising",Design clothing lines; Select fabrics; Create patterns; Supervise production; Present collections; Conduct trend research,fashion designer sketching fabric selection pattern making adobe illustrator trend analysis garment construction cad sewing merchandising,Mid,4,FashionJobs,"['Sketching', 'Fabric Selection', 'Pattern Making', 'Adobe Illustrator', 'Trend Analysis', 'Garment Construction', 'CAD', 'Sewing', 'Merchandising']","['fashion designer', 'sketching', 'fabric selection', 'pattern making', 'adobe illustrator', 'trend analysis', 'garment construction', 'cad', 'sewing', 'merchandising']",sketching fabric selection pattern making adobe illustrator trend analysis garment construction cad sewing merchandising,APPAREL Fashion Designer sketching fabric selection pattern making adobe illustrator trend analysis garment construction cad sewing merchandising mid 4 years,"Sketching, Fabric Selection, Pattern Making, Adobe Illustrator, Trend Analysis, Garment Construction, CAD, Sewing, Merchandising",,,ADVOCATE
CHF001,Executive Chef,CHEF,"Menu Planning, Kitchen Management, Food Safety, Culinary Techniques, Budget Management, Team Leadership, Inventory Control, Creativity",Design menus; Supervise kitchen staff; Ensure food quality; Manage inventory; Control food costs; Train junior chefs,executive chef menu planning kitchen management food safety culinary techniques budget team leadership inventory creativity,Senior,8,HotelJobs,"['Menu Planning', 'Kitchen Management', 'Food Safety', 'Culinary Techniques', 'Budget Management', 'Team Leadership', 'Inventory Control', 'Creativity']","['executive chef', 'menu planning', 'kitchen management', 'food safety', 'culinary techniques', 'budget', 'team leadership', 'inventory', 'creativity']",menu planning kitchen management food safety culinary techniques budget management team leadership inventory control creativity,CHEF Executive Chef menu planning kitchen management food safety culinary techniques budget management team leadership inventory control creativity senior 8 years,"Menu Planning, Kitchen Management, Food Safety, Culinary Techniques, Budget Management, Team Leadership, Inventory Control, Creativity",,,HR
FIT002,Sports Coach,FITNESS,"Sport-Specific Training, Team Management, Strategy Development, Performance Analysis, Video Analysis, First Aid, Communication",Coach athletes; Develop training programs; Analyze performance; Coordinate team activities; Scout talent,sports coach training team management strategy performance analysis video analysis first aid communication,Mid,4,LinkedIn,"['Sport-Specific Training', 'Team Management', 'Strategy Development', 'Performance Analysis', 'Video Analysis', 'First Aid', 'Communication']","['sports coach', 'training', 'team management', 'strategy', 'performance analysis', 'video analysis', 'first aid', 'communication']",sport specific training team management strategy development performance analysis video analysis first aid communication,FITNESS Sports Coach sport specific training team management strategy development performance analysis video analysis first aid communication mid 4 years,"Sport-Specific Training, Team Management, Strategy Development, Performance Analysis, Video Analysis, First Aid, Communication",,,INFORMATION-TECHNOLOGY
AVI005,Director of Flight Operations,AVIATION,"Flight Operations, EASA/FAA Regulations, Fleet Management, Strategic Planning, Leadership, AOC Compliance",Oversee all flight operations; Ensure regulatory compliance; Manage fleet and crew resources; Drive operational efficiency; Report to airline board,flight operations director EASA FAA fleet management leadership AOC strategic,Senior,12,LinkedIn,"['Flight Operations', 'EASA/FAA Regulations', 'Fleet Management', 'Strategic Planning', 'Leadership', 'AOC Compliance']","['flight', 'operations', 'director', 'EASA', 'FAA', 'fleet', 'management', 'leadership', 'AOC', 'strategic']",flight operations easa/faa regulations fleet management strategic planning leadership aoc compliance,AVIATION Director of Flight Operations flight operations easa/faa regulations fleet management strategic planning leadership aoc compliance senior 12 years,"Flight Operations, EASA/FAA Regulations, Fleet Management, Strategic Planning, Leadership, AOC Compliance",,,DESIGNER
BNK005,Head of Retail Banking,BANKING,"Retail Banking Strategy, P&L, Digital Banking, Regulatory, Customer Experience, Executive Leadership",Define retail banking strategy; Manage large P&L; Lead digital transformation; Ensure regulatory compliance; Report to board,head retail banking strategy P&L digital transformation leadership executive,Senior,12,LinkedIn,"['Retail Banking Strategy', 'P&L', 'Digital Banking', 'Regulatory', 'Customer Experience', 'Executive Leadership']","['head', 'retail', 'banking', 'strategy', 'P&L', 'digital', 'transformation', 'leadership', 'executive']",retail banking strategy p&l digital banking regulatory customer experience executive leadership,BANKING Head of Retail Banking retail banking strategy p&l digital banking regulatory customer experience executive leadership senior 12 years,"Retail Banking Strategy, P&L, Digital Banking, Regulatory, Customer Experience, Executive Leadership",,,DESIGNER
ADV004,Paralegal,ADVOCATE,"Legal Research, Document Drafting, Case Management Software, Contract Review, Filing",Assist lawyers with case preparation; Conduct legal research; Draft legal documents; Manage case files; Liaise with courts and clients,paralegal legal research document drafting case management court filing,Junior,1,Indeed,"['Legal Research', 'Document Drafting', 'Case Management Software', 'Contract Review', 'Filing']","['paralegal', 'legal', 'research', 'document', 'drafting', 'case', 'management', 'court', 'filing']",legal research document drafting case management software contract review filing,ADVOCATE Paralegal legal research document drafting case management software contract review filing junior 1 year,"Legal Research, Document Drafting, Case Management Software, Contract Review, Filing",,,DESIGNER
ADV001,Corporate Lawyer,ADVOCATE,"Legal Research, Contract Drafting, Litigation, Negotiation, Corporate Law, Compliance, Communication, MS Office, LexisNexis",Draft legal documents; Represent clients in court; Provide legal advice; Negotiate contracts; Ensure regulatory compliance,lawyer legal research contract drafting litigation negotiation corporate law compliance communication lexisnexis,Senior,7,LinkedIn,"['Legal Research', 'Contract Drafting', 'Litigation', 'Negotiation', 'Corporate Law', 'Compliance', 'Communication', 'MS Office', 'LexisNexis']","['lawyer', 'legal research', 'contract drafting', 'litigation', 'negotiation', 'corporate law', 'compliance', 'communication', 'lexisnexis']",legal research contract drafting litigation negotiation corporate law compliance communication ms office lexisnexis,ADVOCATE Corporate Lawyer legal research contract drafting litigation negotiation corporate law compliance communication ms office lexisnexis senior 7 years,"Legal Research, Contract Drafting, Litigation, Negotiation, Corporate Law, Compliance, Communication, MS Office, LexisNexis",,,INFORMATION-TECHNOLOGY
FIN002,Investment Banker,FINANCE,"M&A, DCF Valuation, Pitch Books, Financial Modeling, Capital Markets, Excel, Bloomberg, Due Diligence, Client Relations, CFA",Execute M&A transactions; Build valuation models; Prepare pitch books; Conduct due diligence; Manage client relationships,investment banker ma dcf valuation pitch books financial modeling capital markets excel bloomberg due diligence client relations cfa,Senior,7,Financial Times Jobs,"['M&A', 'DCF Valuation', 'Pitch Books', 'Financial Modeling', 'Capital Markets', 'Excel', 'Bloomberg', 'Due Diligence', 'Client Relations', 'CFA']","['investment banker', 'ma', 'dcf valuation', 'pitch books', 'financial modeling', 'capital markets', 'excel', 'bloomberg', 'due diligence', 'client relations', 'cfa']",m a dcf valuation pitch books financial modeling capital markets excel bloomberg due diligence client relations cfa,FINANCE Investment Banker m a dcf valuation pitch books financial modeling capital markets excel bloomberg due diligence client relations cfa senior 7 years,"M&A, DCF Valuation, Pitch Books, Financial Modeling, Capital Markets, Excel, Bloomberg, Due Diligence, Client Relations, CFA",,,INFORMATION-TECHNOLOGY
ENG005,Engineering Director,ENGINEERING,"Technical Leadership, P&L, Project Management, Stakeholder Management, Systems Engineering, Innovation",Lead engineering department; Own technical roadmap; Manage cross-functional teams; Drive innovation initiatives; Ensure delivery of major projects on time and budget,engineering director leadership technical roadmap project management innovation P&L,Senior,12,LinkedIn,"['Technical Leadership', 'P&L', 'Project Management', 'Stakeholder Management', 'Systems Engineering', 'Innovation']","['engineering', 'director', 'leadership', 'technical', 'roadmap', 'project', 'management', 'innovation', 'P&L']",technical leadership p&l project management stakeholder management systems engineering innovation,ENGINEERING Engineering Director technical leadership p&l project management stakeholder management systems engineering innovation senior 12 years,"Technical Leadership, P&L, Project Management, Stakeholder Management, Systems Engineering, Innovation",,,DESIGNER
APP005,Head of Design – Apparel,APPAREL,"Creative Direction, Range Planning, Team Leadership, CAD, Trend Forecasting, Brand Identity",Lead seasonal design direction; Manage design team; Build commercial range plans; Present collections to stakeholders; Develop brand aesthetic,head design apparel creative direction leadership trend forecasting brand range,Senior,10,LinkedIn,"['Creative Direction', 'Range Planning', 'Team Leadership', 'CAD', 'Trend Forecasting', 'Brand Identity']","['head', 'design', 'apparel', 'creative', 'direction', 'leadership', 'trend', 'forecasting', 'brand', 'range']",creative direction range planning team leadership cad trend forecasting brand identity,APPAREL Head of Design – Apparel creative direction range planning team leadership cad trend forecasting brand identity senior 10 years,"Creative Direction, Range Planning, Team Leadership, CAD, Trend Forecasting, Brand Identity",,,INFORMATION-TECHNOLOGY
IT006,Frontend Developer,INFORMATION-TECHNOLOGY,"React, TypeScript, CSS, HTML, REST APIs, Jest, Git, Webpack",Build responsive web interfaces; Implement UI from designs; Write unit tests; Optimise performance; Review code,frontend react typescript javascript css html web development testing,Junior,2,LinkedIn,"['React', 'TypeScript', 'CSS', 'HTML', 'REST APIs', 'Jest', 'Git', 'Webpack']","['frontend', 'react', 'typescript', 'javascript', 'css', 'html', 'web', 'development', 'testing']",react typescript css html rest apis jest git webpack,INFORMATION-TECHNOLOGY Frontend Developer react typescript css html rest apis jest git webpack junior 2 years,"React, TypeScript, CSS, HTML, REST APIs, Jest, Git, Webpack",,,HR
IT003,DevOps Engineer,INFORMATION-TECHNOLOGY,"Docker, Kubernetes, CI/CD, Terraform, AWS, Linux, Python, Monitoring",Manage cloud infrastructure; Build and maintain CI/CD pipelines; Automate deployments; Monitor system health; Implement security best practices,devops docker kubernetes aws terraform cicd linux automation infrastructure,Mid,4,LinkedIn,"['Docker', 'Kubernetes', 'CI/CD', 'Terraform', 'AWS', 'Linux', 'Python', 'Monitoring']","['devops', 'docker', 'kubernetes', 'aws', 'terraform', 'cicd', 'linux', 'automation', 'infrastructure']",docker kubernetes ci/cd terraform aws linux python monitoring,INFORMATION-TECHNOLOGY DevOps Engineer docker kubernetes ci/cd terraform aws linux python monitoring mid 4 years,"Docker, Kubernetes, CI/CD, Terraform, AWS, Linux, Python, Monitoring",,,HR
HC004,Physical Therapist,HEALTHCARE,"Rehabilitation, Manual Therapy, Exercise Prescription, Patient Assessment, EMR, Musculoskeletal",Assess and treat patients with physical impairments; Develop rehabilitation plans; Document patient progress; Educate patients on injury prevention,physical therapy rehabilitation musculoskeletal manual therapy exercise,Mid,4,Indeed,"['Rehabilitation', 'Manual Therapy', 'Exercise Prescription', 'Patient Assessment', 'EMR', 'Musculoskeletal']","['physical', 'therapy', 'rehabilitation', 'musculoskeletal', 'manual', 'therapy', 'exercise']",rehabilitation manual therapy exercise prescription patient assessment emr musculoskeletal,HEALTHCARE Physical Therapist rehabilitation manual therapy exercise prescription patient assessment emr musculoskeletal mid 4 years,"Rehabilitation, Manual Therapy, Exercise Prescription, Patient Assessment, EMR, Musculoskeletal",,,DESIGNER
FIN003,Risk Manager,FINANCE,"Risk Management, Basel III, Credit Risk, VaR, Python, SQL, Regulatory Reporting",Identify and measure financial risks; Develop risk frameworks; Produce regulatory reports; Advise senior management; Liaise with regulators,risk management credit VaR regulatory reporting Basel python sql,Mid,5,LinkedIn,"['Risk Management', 'Basel III', 'Credit Risk', 'VaR', 'Python', 'SQL', 'Regulatory Reporting']","['risk', 'management', 'credit', 'VaR', 'regulatory', 'reporting', 'Basel', 'python', 'sql']",risk management basel iii credit risk var python sql regulatory reporting,FINANCE Risk Manager risk management basel iii credit risk var python sql regulatory reporting mid 5 years,"Risk Management, Basel III, Credit Risk, VaR, Python, SQL, Regulatory Reporting",,,TEACHER
PR001,PR Manager,PUBLIC-RELATIONS,"Media Relations, Press Releases, Crisis Communication, Brand Management, Social Media, Copywriting, Event Management, Stakeholder Communication",Manage media relations; Write press releases; Handle crisis communications; Build brand reputation; Organize press events,pr manager media relations press releases crisis communication brand management social media copywriting event management stakeholder,Mid,5,LinkedIn,"['Media Relations', 'Press Releases', 'Crisis Communication', 'Brand Management', 'Social Media', 'Copywriting', 'Event Management', 'Stakeholder Communication']","['pr manager', 'media relations', 'press releases', 'crisis communication', 'brand management', 'social media', 'copywriting', 'event management', 'stakeholder']",media relations press releases crisis communication brand management social media copywriting event management stakeholder communication,PUBLIC-RELATIONS PR Manager media relations press releases crisis communication brand management social media copywriting event management stakeholder communication mid 5 years,"Media Relations, Press Releases, Crisis Communication, Brand Management, Social Media, Copywriting, Event Management, Stakeholder Communication",,,HR
IT001,Software Engineer,INFORMATION-TECHNOLOGY,"Python, Java, SQL, REST APIs, Git, Docker, Kubernetes, Agile, AWS, Linux",Develop software applications; Write clean code; Review code; Debug and troubleshoot; Collaborate with cross-functional teams,software engineer python java sql rest api git docker kubernetes agile aws linux backend,Mid,3,LinkedIn,"['Python', 'Java', 'SQL', 'REST APIs', 'Git', 'Docker', 'Kubernetes', 'Agile', 'AWS', 'Linux']","['software engineer', 'python', 'java', 'sql', 'rest api', 'git', 'docker', 'kubernetes', 'agile', 'aws']",python java sql rest apis git docker kubernetes agile aws linux,INFORMATION-TECHNOLOGY Software Engineer python java sql rest apis git docker kubernetes agile aws linux mid 3 years,"Python, Java, SQL, REST APIs, Git, Docker, Kubernetes, Agile, AWS, Linux",,,TEACHER
ENG003,Electrical Engineer,ENGINEERING,"Circuit Design, AutoCAD Electrical, PLC, Power Systems, IEC Standards, MATLAB",Design electrical systems; Prepare engineering drawings; Conduct site inspections; Ensure compliance with IEC standards; Troubleshoot electrical faults,electrical engineering circuit design PLC power systems autocad IEC standards,Mid,4,LinkedIn,"['Circuit Design', 'AutoCAD Electrical', 'PLC', 'Power Systems', 'IEC Standards', 'MATLAB']","['electrical', 'engineering', 'circuit', 'design', 'PLC', 'power', 'systems', 'autocad', 'IEC', 'standards']",circuit design autocad electrical plc power systems iec standards matlab,ENGINEERING Electrical Engineer circuit design autocad electrical plc power systems iec standards matlab mid 4 years,"Circuit Design, AutoCAD Electrical, PLC, Power Systems, IEC Standards, MATLAB",,,ADVOCATE
FIT005,Head of Performance,FITNESS,"Elite Athlete Management, Programme Design, Sports Psychology, Budget Management, Team Leadership",Lead performance department; Oversee all S&C and sports science staff; Drive high-performance culture; Manage department budget; Liaise with board and coaching staff,head performance elite athletes leadership sports science management,Senior,10,LinkedIn,"['Elite Athlete Management', 'Programme Design', 'Sports Psychology', 'Budget Management', 'Team Leadership']","['head', 'performance', 'elite', 'athletes', 'leadership', 'sports', 'science', 'management']",elite athlete management programme design sports psychology budget management team leadership,FITNESS Head of Performance elite athlete management programme design sports psychology budget management team leadership senior 10 years,"Elite Athlete Management, Programme Design, Sports Psychology, Budget Management, Team Leadership",,,DESIGNER
BPO003,Quality Analyst,BPO,"Call Monitoring, Quality Frameworks, MS Excel, Feedback Coaching, Reporting, Attention to Detail",Monitor and evaluate agent interactions; Provide calibration and coaching; Produce quality reports; Identify process improvement opportunities; Maintain QA documentation,quality assurance BPO call monitoring coaching reporting process improvement,Mid,3,Indeed,"['Call Monitoring', 'Quality Frameworks', 'MS Excel', 'Feedback Coaching', 'Reporting', 'Attention to Detail']","['quality', 'assurance', 'BPO', 'call', 'monitoring', 'coaching', 'reporting', 'process', 'improvement']",call monitoring quality frameworks ms excel feedback coaching reporting attention to detail,BPO Quality Analyst call monitoring quality frameworks ms excel feedback coaching reporting attention to detail mid 3 years,"Call Monitoring, Quality Frameworks, MS Excel, Feedback Coaching, Reporting, Attention to Detail",,,HR
ENG005,Engineering Director,ENGINEERING,"Technical Leadership, P&L, Project Management, Stakeholder Management, Systems Engineering, Innovation",Lead engineering department; Own technical roadmap; Manage cross-functional teams; Drive innovation initiatives; Ensure delivery of major projects on time and budget,engineering director leadership technical roadmap project management innovation P&L,Senior,12,LinkedIn,"['Technical Leadership', 'P&L', 'Project Management', 'Stakeholder Management', 'Systems Engineering', 'Innovation']","['engineering', 'director', 'leadership', 'technical', 'roadmap', 'project', 'management', 'innovation', 'P&L']",technical leadership p&l project management stakeholder management systems engineering innovation,ENGINEERING Engineering Director technical leadership p&l project management stakeholder management systems engineering innovation senior 12 years,"Technical Leadership, P&L, Project Management, Stakeholder Management, Systems Engineering, Innovation",,,TEACHER
SAL006,Inside Sales Representative,SALES,"Telephone Sales, CRM, Objection Handling, Lead Qualification, Product Demo, Quota Management",Manage inbound leads and convert to customers; Conduct product demonstrations; Handle objections; Maintain CRM; Consistently hit monthly quotas,inside sales telephone CRM demos lead qualification quota,Junior,2,LinkedIn,"['Telephone Sales', 'CRM', 'Objection Handling', 'Lead Qualification', 'Product Demo', 'Quota Management']","['inside', 'sales', 'telephone', 'CRM', 'demos', 'lead', 'qualification', 'quota']",telephone sales crm objection handling lead qualification product demo quota management,SALES Inside Sales Representative telephone sales crm objection handling lead qualification product demo quota management junior 2 years,"Telephone Sales, CRM, Objection Handling, Lead Qualification, Product Demo, Quota Management",,,TEACHER
DM001,Social Media Manager,DIGITAL-MEDIA,"Content Creation, Social Media Strategy, Analytics, SEO, Copywriting, Canva, Hootsuite, Engagement, Paid Ads, Community Management",Manage social media accounts; Create content calendars; Analyze performance; Run ad campaigns; Engage with audience,social media manager content creation strategy analytics seo copywriting canva hootsuite engagement paid ads community,Mid,3,LinkedIn,"['Content Creation', 'Social Media Strategy', 'Analytics', 'SEO', 'Copywriting', 'Canva', 'Hootsuite', 'Engagement', 'Paid Ads', 'Community Management']","['social media manager', 'content creation', 'strategy', 'analytics', 'seo', 'copywriting', 'canva', 'hootsuite', 'engagement', 'paid ads', 'community']",content creation social media strategy analytics seo copywriting canva hootsuite engagement paid ads community management,DIGITAL-MEDIA Social Media Manager content creation social media strategy analytics seo copywriting canva hootsuite engagement paid ads community management mid 3 years,"Content Creation, Social Media Strategy, Analytics, SEO, Copywriting, Canva, Hootsuite, Engagement, Paid Ads, Community Management",,,DESIGNER
TEA005,English Language Teacher (ESL),TEACHER,"TEFL/TESOL, Lesson Planning, IELTS/TOEFL Prep, Classroom Management, Differentiated Instruction",Teach English to non-native speakers; Prepare students for international exams; Design engaging lesson plans; Assess and provide feedback; Support language development,english esl tefl lesson planning language teaching classroom management,Junior,1,LinkedIn,"['TEFL/TESOL', 'Lesson Planning', 'IELTS/TOEFL Prep', 'Classroom Management', 'Differentiated Instruction']","['english', 'esl', 'tefl', 'lesson', 'planning', 'language', 'teaching', 'classroom', 'management']",tefl/tesol lesson planning ielts/toefl prep classroom management differentiated instruction,TEACHER English Language Teacher (ESL) tefl/tesol lesson planning ielts/toefl prep classroom management differentiated instruction junior 1 year,"TEFL/TESOL, Lesson Planning, IELTS/TOEFL Prep, Classroom Management, Differentiated Instruction",,,INFORMATION-TECHNOLOGY
CHF005,Food and Beverage Director,CHEF,"F&B Operations, P&L Management, Menu Engineering, Team Leadership, Vendor Management, Revenue Optimisation",Oversee all food and beverage operations; Develop menus and pricing; Manage multiple outlets; Drive revenue and control costs; Lead F&B teams,food beverage director operations P&L menu leadership revenue,Senior,10,LinkedIn,"['F&B Operations', 'P&L Management', 'Menu Engineering', 'Team Leadership', 'Vendor Management', 'Revenue Optimisation']","['food', 'beverage', 'director', 'operations', 'P&L', 'menu', 'leadership', 'revenue']",f&b operations p&l management menu engineering team leadership vendor management revenue optimisation,CHEF Food and Beverage Director f&b operations p&l management menu engineering team leadership vendor management revenue optimisation senior 10 years,"F&B Operations, P&L Management, Menu Engineering, Team Leadership, Vendor Management, Revenue Optimisation",,,DESIGNER
ACC003,Tax Accountant,ACCOUNTANT,"Corporate Tax, IFRS, Tax Planning, Compliance, SAP, Excel, VAT",Prepare and review corporate tax returns; Advise on tax planning strategies; Ensure compliance with local tax laws; Liaise with tax authorities; Support transfer pricing,tax accountant corporate tax compliance IFRS SAP VAT planning,Mid,3,LinkedIn,"['Corporate Tax', 'IFRS', 'Tax Planning', 'Compliance', 'SAP', 'Excel', 'VAT']","['tax', 'accountant', 'corporate', 'tax', 'compliance', 'IFRS', 'SAP', 'VAT', 'planning']",corporate tax ifrs tax planning compliance sap excel vat,ACCOUNTANT Tax Accountant corporate tax ifrs tax planning compliance sap excel vat mid 3 years,"Corporate Tax, IFRS, Tax Planning, Compliance, SAP, Excel, VAT",,,ADVOCATE
HC002,Medical Doctor,HEALTHCARE,"Diagnosis, Treatment Planning, Surgery, Patient Management, EMR, Medical Research, Communication, Clinical Decision Making",Diagnose and treat patients; Perform medical procedures; Prescribe medications; Supervise medical staff; Maintain patient records,doctor diagnosis treatment surgery patient management emr medical research communication clinical decision making,Senior,8,MedJobsIndia,"['Diagnosis', 'Treatment Planning', 'Surgery', 'Patient Management', 'EMR', 'Medical Research', 'Communication', 'Clinical Decision Making']","['doctor', 'diagnosis', 'treatment', 'surgery', 'patient management', 'emr', 'medical research', 'communication', 'clinical decision making']",diagnosis treatment planning surgery patient management emr medical research communication clinical decision making,HEALTHCARE Medical Doctor diagnosis treatment planning surgery patient management emr medical research communication clinical decision making senior 8 years,"Diagnosis, Treatment Planning, Surgery, Patient Management, EMR, Medical Research, Communication, Clinical Decision Making",,,TEACHER
PR004,PR Assistant,PUBLIC-RELATIONS,"Media Monitoring, Press Release Drafting, Social Media, Research, MS Office",Monitor media coverage; Assist with press release drafting; Maintain media contact lists; Support events coordination; Conduct background research,PR assistant media monitoring press release social media research,Junior,0,Indeed,"['Media Monitoring', 'Press Release Drafting', 'Social Media', 'Research', 'MS Office']","['PR', 'assistant', 'media', 'monitoring', 'press', 'release', 'social', 'media', 'research']",media monitoring press release drafting social media research ms office,PUBLIC-RELATIONS PR Assistant media monitoring press release drafting social media research ms office junior 0 years,"Media Monitoring, Press Release Drafting, Social Media, Research, MS Office",,,ADVOCATE
HR004,Learning and Development Manager,HR,"L&D Strategy, Training Design, LMS, Needs Analysis, Facilitation, CIPD",Design and deliver learning strategy; Conduct training needs analyses; Develop e-learning and classroom content; Manage LMS; Measure training effectiveness,learning development L&D training LMS facilitation CIPD needs analysis,Mid,5,LinkedIn,"['L&D Strategy', 'Training Design', 'LMS', 'Needs Analysis', 'Facilitation', 'CIPD']","['learning', 'development', 'L&D', 'training', 'LMS', 'facilitation', 'CIPD', 'needs', 'analysis']",l&d strategy training design lms needs analysis facilitation cipd,HR Learning and Development Manager l&d strategy training design lms needs analysis facilitation cipd mid 5 years,"L&D Strategy, Training Design, LMS, Needs Analysis, Facilitation, CIPD",,,HR
DM004,Video Producer,DIGITAL-MEDIA,"Video Production, Adobe Premiere, After Effects, Scriptwriting, Directing, Colour Grading",Plan and produce video content end-to-end; Write scripts and briefs; Direct video shoots; Edit and grade footage; Deliver across social and digital channels,video production premiere after effects scriptwriting directing editing,Mid,4,Indeed,"['Video Production', 'Adobe Premiere', 'After Effects', 'Scriptwriting', 'Directing', 'Colour Grading']","['video', 'production', 'premiere', 'after', 'effects', 'scriptwriting', 'directing', 'editing']",video production adobe premiere after effects scriptwriting directing colour grading,DIGITAL-MEDIA Video Producer video production adobe premiere after effects scriptwriting directing colour grading mid 4 years,"Video Production, Adobe Premiere, After Effects, Scriptwriting, Directing, Colour Grading",,,DESIGNER
ART002,Art Director,ARTS,"Creative Direction, Visual Storytelling, Adobe Creative Suite, Team Leadership, Brand Identity, Typography, Photography, Video Production",Lead creative projects; Direct visual output; Collaborate with designers; Develop brand identities; Review creative work,art director creative direction visual storytelling adobe creative suite team leadership brand identity typography photography video,Senior,7,LinkedIn,"['Creative Direction', 'Visual Storytelling', 'Adobe Creative Suite', 'Team Leadership', 'Brand Identity', 'Typography', 'Photography', 'Video Production']","['art director', 'creative direction', 'visual storytelling', 'adobe creative suite', 'team leadership', 'brand identity', 'typography', 'photography', 'video']",creative direction visual storytelling adobe creative suite team leadership brand identity typography photography video production,ARTS Art Director creative direction visual storytelling adobe creative suite team leadership brand identity typography photography video production senior 7 years,"Creative Direction, Visual Storytelling, Adobe Creative Suite, Team Leadership, Brand Identity, Typography, Photography, Video Production",,,HR
CHF004,Commis Chef,CHEF,"Basic Culinary Techniques, Knife Skills, Food Hygiene, Mise en Place, Stock Preparation",Assist with food preparation; Maintain cleanliness and hygiene; Follow recipes accurately; Prepare mise en place; Support all sections of the kitchen,commis chef culinary food preparation hygiene mise en place kitchen,Junior,0,Indeed,"['Basic Culinary Techniques', 'Knife Skills', 'Food Hygiene', 'Mise en Place', 'Stock Preparation']","['commis', 'chef', 'culinary', 'food', 'preparation', 'hygiene', 'mise', 'en', 'place', 'kitchen']",basic culinary techniques knife skills food hygiene mise en place stock preparation,CHEF Commis Chef basic culinary techniques knife skills food hygiene mise en place stock preparation junior 0 years,"Basic Culinary Techniques, Knife Skills, Food Hygiene, Mise en Place, Stock Preparation",,,INFORMATION-TECHNOLOGY
PR002,PR Executive,PUBLIC-RELATIONS,"Media Monitoring, Press Release Writing, Social Media, Event Coordination, Research, Communication, MS Office, Networking",Monitor media coverage; Draft press materials; Assist in events; Support senior PR team; Maintain media contacts,pr executive media monitoring press release writing social media event coordination research communication ms office networking,Junior,1,Indeed,"['Media Monitoring', 'Press Release Writing', 'Social Media', 'Event Coordination', 'Research', 'Communication', 'MS Office', 'Networking']","['pr executive', 'media monitoring', 'press release writing', 'social media', 'event coordination', 'research', 'communication', 'ms office', 'networking']",media monitoring press release writing social media event coordination research communication ms office networking,PUBLIC-RELATIONS PR Executive media monitoring press release writing social media event coordination research communication ms office networking junior 1 year,"Media Monitoring, Press Release Writing, Social Media, Event Coordination, Research, Communication, MS Office, Networking",,,DESIGNER
DES004,Product Designer,DESIGNER,"Figma, User Research, Prototyping, Usability Testing, Design Systems, Accessibility",Own end-to-end product design; Conduct usability studies; Build and maintain design system; Partner with engineering; Define interaction patterns,product design figma ux research usability design system interaction,Senior,6,LinkedIn,"['Figma', 'User Research', 'Prototyping', 'Usability Testing', 'Design Systems', 'Accessibility']","['product', 'design', 'figma', 'ux', 'research', 'usability', 'design', 'system', 'interaction']",figma user research prototyping usability testing design systems accessibility,DESIGNER Product Designer figma user research prototyping usability testing design systems accessibility senior 6 years,"Figma, User Research, Prototyping, Usability Testing, Design Systems, Accessibility",,,TEACHER
ENG003,Electrical Engineer,ENGINEERING,"Circuit Design, AutoCAD Electrical, PLC, Power Systems, IEC Standards, MATLAB",Design electrical systems; Prepare engineering drawings; Conduct site inspections; Ensure compliance with IEC standards; Troubleshoot electrical faults,electrical engineering circuit design PLC power systems autocad IEC standards,Mid,4,LinkedIn,"['Circuit Design', 'AutoCAD Electrical', 'PLC', 'Power Systems', 'IEC Standards', 'MATLAB']","['electrical', 'engineering', 'circuit', 'design', 'PLC', 'power', 'systems', 'autocad', 'IEC', 'standards']",circuit design autocad electrical plc power systems iec standards matlab,ENGINEERING Electrical Engineer circuit design autocad electrical plc power systems iec standards matlab mid 4 years,"Circuit Design, AutoCAD Electrical, PLC, Power Systems, IEC Standards, MATLAB",,,ADVOCATE
FIN004,Junior Accountant,FINANCE,"Bookkeeping, IFRS, SAP, Excel, Accounts Payable, Accounts Receivable, Bank Reconciliation",Process financial transactions; Reconcile accounts; Prepare journal entries; Support month-end close; Assist in audit preparation,junior accountant bookkeeping IFRS SAP excel accounts payable reconciliation,Junior,1,Indeed,"['Bookkeeping', 'IFRS', 'SAP', 'Excel', 'Accounts Payable', 'Accounts Receivable', 'Bank Reconciliation']","['junior', 'accountant', 'bookkeeping', 'IFRS', 'SAP', 'excel', 'accounts', 'payable', 'reconciliation']",bookkeeping ifrs sap excel accounts payable accounts receivable bank reconciliation,FINANCE Junior Accountant bookkeeping ifrs sap excel accounts payable accounts receivable bank reconciliation junior 1 year,"Bookkeeping, IFRS, SAP, Excel, Accounts Payable, Accounts Receivable, Bank Reconciliation",,,TEACHER
CON_S003,Quantity Surveyor,CONSTRUCTION,"Cost Estimation, Bills of Quantities, Contract Management, NEC, AutoCAD, MS Excel",Prepare cost estimates and bills of quantities; Manage contracts and variations; Conduct valuations; Liaise with project managers and subcontractors; Ensure cost control,quantity surveying cost estimation bills of quantities contract NEC autocad,Mid,4,LinkedIn,"['Cost Estimation', 'Bills of Quantities', 'Contract Management', 'NEC', 'AutoCAD', 'MS Excel']","['quantity', 'surveying', 'cost', 'estimation', 'bills', 'of', 'quantities', 'contract', 'NEC', 'autocad']",cost estimation bills of quantities contract management nec autocad ms excel,CONSTRUCTION Quantity Surveyor cost estimation bills of quantities contract management nec autocad ms excel mid 4 years,"Cost Estimation, Bills of Quantities, Contract Management, NEC, AutoCAD, MS Excel",,,HR
ENG006,Process Engineer,ENGINEERING,"Process Optimisation, Six Sigma, Chemical Engineering, HAZOP, AutoCAD, Lean Manufacturing",Analyse and improve manufacturing processes; Conduct HAZOP studies; Identify waste and inefficiency; Implement lean methodologies; Collaborate with operations,process engineering optimisation six sigma HAZOP lean manufacturing chemical,Mid,3,LinkedIn,"['Process Optimisation', 'Six Sigma', 'Chemical Engineering', 'HAZOP', 'AutoCAD', 'Lean Manufacturing']","['process', 'engineering', 'optimisation', 'six', 'sigma', 'HAZOP', 'lean', 'manufacturing', 'chemical']",process optimisation six sigma chemical engineering hazop autocad lean manufacturing,ENGINEERING Process Engineer process optimisation six sigma chemical engineering hazop autocad lean manufacturing mid 3 years,"Process Optimisation, Six Sigma, Chemical Engineering, HAZOP, AutoCAD, Lean Manufacturing",,,TEACHER
HR003,HR Coordinator,HR,"HRIS, Onboarding, Employee Records, Payroll Support, Benefits Administration, Communication",Coordinate onboarding for new hires; Maintain employee records in HRIS; Support payroll processing; Administer employee benefits; Respond to HR queries,HR coordinator onboarding HRIS payroll benefits employee records administration,Junior,1,Indeed,"['HRIS', 'Onboarding', 'Employee Records', 'Payroll Support', 'Benefits Administration', 'Communication']","['HR', 'coordinator', 'onboarding', 'HRIS', 'payroll', 'benefits', 'employee', 'records', 'administration']",hris onboarding employee records payroll support benefits administration communication,HR HR Coordinator hris onboarding employee records payroll support benefits administration communication junior 1 year,"HRIS, Onboarding, Employee Records, Payroll Support, Benefits Administration, Communication",,,DESIGNER
FIN006,Actuarial Analyst,FINANCE,"Actuarial Science, R, Python, Statistical Modelling, Insurance, Excel, Data Analysis",Develop and validate actuarial models; Analyse insurance risk data; Produce pricing analyses; Support reserving processes; Prepare actuarial reports,actuarial analysis modelling insurance risk statistics R python,Junior,2,LinkedIn,"['Actuarial Science', 'R', 'Python', 'Statistical Modelling', 'Insurance', 'Excel', 'Data Analysis']","['actuarial', 'analysis', 'modelling', 'insurance', 'risk', 'statistics', 'R', 'python']",actuarial science r python statistical modelling insurance excel data analysis,FINANCE Actuarial Analyst actuarial science r python statistical modelling insurance excel data analysis junior 2 years,"Actuarial Science, R, Python, Statistical Modelling, Insurance, Excel, Data Analysis",,,INFORMATION-TECHNOLOGY
DES002,Graphic Designer,DESIGNER,"Adobe Creative Suite, Typography, Branding, Print Design, Logo Design, Illustration, InDesign, Corel Draw",Create visual content; Develop brand identities; Design print and digital materials; Present design concepts to clients,graphic design branding typography logo print digital creative suite illustrator,Junior,1,Indeed,"['Adobe Creative Suite', 'Typography', 'Branding', 'Print Design', 'Logo Design', 'Illustration', 'InDesign', 'Corel Draw']","['graphic design', 'branding', 'typography', 'logo', 'print', 'digital', 'creative suite', 'illustrator']",adobe creative suite typography branding print design logo design illustration indesign corel draw,DESIGNER Graphic Designer adobe creative suite typography branding print design logo design illustration indesign corel draw junior 1 year,"Adobe Creative Suite, Typography, Branding, Print Design, Logo Design, Illustration, InDesign, Corel Draw",,,ADVOCATE
CON_S004,Building Information Modelling (BIM) Coordinator,CONSTRUCTION,"Revit, Navisworks, BIM Standards, AutoCAD, Clash Detection, ISO 19650",Manage BIM processes on construction projects; Coordinate clash detection; Maintain BIM execution plan; Liaise with design and construction teams; Ensure ISO 19650 compliance,BIM revit navisworks clash detection ISO 19650 construction digital,Mid,3,Indeed,"['Revit', 'Navisworks', 'BIM Standards', 'AutoCAD', 'Clash Detection', 'ISO 19650']","['BIM', 'revit', 'navisworks', 'clash', 'detection', 'ISO', '19650', 'construction', 'digital']",revit navisworks bim standards autocad clash detection iso 19650,CONSTRUCTION Building Information Modelling (BIM) Coordinator revit navisworks bim standards autocad clash detection iso 19650 mid 3 years,"Revit, Navisworks, BIM Standards, AutoCAD, Clash Detection, ISO 19650",,,DESIGNER
BPO001,Customer Service Representative,BPO,"Customer Service, Communication, CRM, Problem Solving, Data Entry, MS Office, Active Listening, Multilingual, Ticketing Systems",Handle customer inquiries; Resolve complaints; Process transactions; Maintain customer records; Meet SLA targets,customer service communication crm problem solving data entry ms office active listening multilingual ticketing systems,Junior,1,Naukri,"['Customer Service', 'Communication', 'CRM', 'Problem Solving', 'Data Entry', 'MS Office', 'Active Listening', 'Multilingual', 'Ticketing Systems']","['customer service', 'communication', 'crm', 'problem solving', 'data entry', 'ms office', 'active listening', 'multilingual', 'ticketing systems']",customer service communication crm problem solving data entry ms office active listening multilingual ticketing systems,BPO Customer Service Representative customer service communication crm problem solving data entry ms office active listening multilingual ticketing systems junior 1 year,"Customer Service, Communication, CRM, Problem Solving, Data Entry, MS Office, Active Listening, Multilingual, Ticketing Systems",,,INFORMATION-TECHNOLOGY
ADV001,Corporate Lawyer,ADVOCATE,"Legal Research, Contract Drafting, Litigation, Negotiation, Corporate Law, Compliance, Communication, MS Office, LexisNexis",Draft legal documents; Represent clients in court; Provide legal advice; Negotiate contracts; Ensure regulatory compliance,lawyer legal research contract drafting litigation negotiation corporate law compliance communication lexisnexis,Senior,7,LinkedIn,"['Legal Research', 'Contract Drafting', 'Litigation', 'Negotiation', 'Corporate Law', 'Compliance', 'Communication', 'MS Office', 'LexisNexis']","['lawyer', 'legal research', 'contract drafting', 'litigation', 'negotiation', 'corporate law', 'compliance', 'communication', 'lexisnexis']",legal research contract drafting litigation negotiation corporate law compliance communication ms office lexisnexis,ADVOCATE Corporate Lawyer legal research contract drafting litigation negotiation corporate law compliance communication ms office lexisnexis senior 7 years,"Legal Research, Contract Drafting, Litigation, Negotiation, Corporate Law, Compliance, Communication, MS Office, LexisNexis",,,DESIGNER
AUTO001,Automotive Engineer,AUTOMOBILE,"CAD, MATLAB, Vehicle Dynamics, Engine Design, AutoCAD, CATIA, Project Management, Mechanical Engineering, Testing & Validation",Design vehicle systems; Test components; Troubleshoot engineering issues; Collaborate with production teams; Write technical reports,automotive engineer cad matlab vehicle dynamics engine design autocad catia project management mechanical testing,Mid,4,LinkedIn,"['CAD', 'MATLAB', 'Vehicle Dynamics', 'Engine Design', 'AutoCAD', 'CATIA', 'Project Management', 'Mechanical Engineering', 'Testing & Validation']","['automotive engineer', 'cad', 'matlab', 'vehicle dynamics', 'engine design', 'autocad', 'catia', 'project management', 'mechanical engineering', 'testing']",cad matlab vehicle dynamics engine design autocad catia project management mechanical engineering testing validation,AUTOMOBILE Automotive Engineer cad matlab vehicle dynamics engine design autocad catia project management mechanical engineering testing validation mid 4 years,"CAD, MATLAB, Vehicle Dynamics, Engine Design, AutoCAD, CATIA, Project Management, Mechanical Engineering, Testing & Validation",,,INFORMATION-TECHNOLOGY
APP002,Textile Merchandiser,APPAREL,"Fabric Sourcing, Negotiation, Supply Chain, Costing, Quality Control, Communication, MS Excel, ERP, Vendor Management",Source textiles; Negotiate with suppliers; Manage supply chain; Ensure quality control; Coordinate with production teams,textile merchandiser fabric sourcing negotiation supply chain costing quality control communication excel erp vendor management,Mid,3,Naukri,"['Fabric Sourcing', 'Negotiation', 'Supply Chain', 'Costing', 'Quality Control', 'Communication', 'MS Excel', 'ERP', 'Vendor Management']","['textile merchandiser', 'fabric sourcing', 'negotiation', 'supply chain', 'costing', 'quality control', 'communication', 'excel', 'erp', 'vendor management']",fabric sourcing negotiation supply chain costing quality control communication ms excel erp vendor management,APPAREL Textile Merchandiser fabric sourcing negotiation supply chain costing quality control communication ms excel erp vendor management mid 3 years,"Fabric Sourcing, Negotiation, Supply Chain, Costing, Quality Control, Communication, MS Excel, ERP, Vendor Management",,,HR
CON001,Management Consultant,CONSULTANT,"Business Analysis, Strategy, Problem Solving, Data Analysis, Excel, PowerPoint, Stakeholder Management, Project Management, Consulting Frameworks",Advise clients on business strategy; Conduct research; Develop recommendations; Present findings; Manage project timelines,management consultant business analysis strategy problem solving data analysis excel powerpoint stakeholder project management,Mid,4,LinkedIn,"['Business Analysis', 'Strategy', 'Problem Solving', 'Data Analysis', 'Excel', 'PowerPoint', 'Stakeholder Management', 'Project Management', 'Consulting Frameworks']","['management consultant', 'business analysis', 'strategy', 'problem solving', 'data analysis', 'excel', 'powerpoint', 'stakeholder', 'project management']",business analysis strategy problem solving data analysis excel powerpoint stakeholder management project management consulting frameworks,CONSULTANT Management Consultant business analysis strategy problem solving data analysis excel powerpoint stakeholder management project management consulting frameworks mid 4 years,"Business Analysis, Strategy, Problem Solving, Data Analysis, Excel, PowerPoint, Stakeholder Management, Project Management, Consulting Frameworks",,,INFORMATION-TECHNOLOGY
HC006,Medical Laboratory Technician,HEALTHCARE,"Laboratory Techniques, PCR, Microscopy, Blood Analysis, Quality Control, LIMS",Perform diagnostic laboratory tests; Analyse specimens; Maintain equipment; Ensure quality control; Report results to clinicians,laboratory medical testing PCR blood analysis quality control diagnostics,Junior,2,LinkedIn,"['Laboratory Techniques', 'PCR', 'Microscopy', 'Blood Analysis', 'Quality Control', 'LIMS']","['laboratory', 'medical', 'testing', 'PCR', 'blood', 'analysis', 'quality', 'control', 'diagnostics']",laboratory techniques pcr microscopy blood analysis quality control lims,HEALTHCARE Medical Laboratory Technician laboratory techniques pcr microscopy blood analysis quality control lims junior 2 years,"Laboratory Techniques, PCR, Microscopy, Blood Analysis, Quality Control, LIMS",,,HR
DM001,Social Media Manager,DIGITAL-MEDIA,"Content Creation, Social Media Strategy, Analytics, SEO, Copywriting, Canva, Hootsuite, Engagement, Paid Ads, Community Management",Manage social media accounts; Create content calendars; Analyze performance; Run ad campaigns; Engage with audience,social media manager content creation strategy analytics seo copywriting canva hootsuite engagement paid ads community,Mid,3,LinkedIn,"['Content Creation', 'Social Media Strategy', 'Analytics', 'SEO', 'Copywriting', 'Canva', 'Hootsuite', 'Engagement', 'Paid Ads', 'Community Management']","['social media manager', 'content creation', 'strategy', 'analytics', 'seo', 'copywriting', 'canva', 'hootsuite', 'engagement', 'paid ads', 'community']",content creation social media strategy analytics seo copywriting canva hootsuite engagement paid ads community management,DIGITAL-MEDIA Social Media Manager content creation social media strategy analytics seo copywriting canva hootsuite engagement paid ads community management mid 3 years,"Content Creation, Social Media Strategy, Analytics, SEO, Copywriting, Canva, Hootsuite, Engagement, Paid Ads, Community Management",,,DESIGNER
IT006,Frontend Developer,INFORMATION-TECHNOLOGY,"React, TypeScript, CSS, HTML, REST APIs, Jest, Git, Webpack",Build responsive web interfaces; Implement UI from designs; Write unit tests; Optimise performance; Review code,frontend react typescript javascript css html web development testing,Junior,2,LinkedIn,"['React', 'TypeScript', 'CSS', 'HTML', 'REST APIs', 'Jest', 'Git', 'Webpack']","['frontend', 'react', 'typescript', 'javascript', 'css', 'html', 'web', 'development', 'testing']",react typescript css html rest apis jest git webpack,INFORMATION-TECHNOLOGY Frontend Developer react typescript css html rest apis jest git webpack junior 2 years,"React, TypeScript, CSS, HTML, REST APIs, Jest, Git, Webpack",,,TEACHER
DES006,3D Designer,DESIGNER,"Blender, Maya, ZBrush, Substance Painter, KeyShot, UV Mapping",Create 3D models and renders; Develop product visualisations; Collaborate with marketing; Produce assets for AR/VR pipelines,3d design blender maya modeling rendering product visualisation,Mid,4,LinkedIn,"['Blender', 'Maya', 'ZBrush', 'Substance Painter', 'KeyShot', 'UV Mapping']","['3d', 'design', 'blender', 'maya', 'modeling', 'rendering', 'product', 'visualisation']",blender maya zbrush substance painter keyshot uv mapping,DESIGNER 3D Designer blender maya zbrush substance painter keyshot uv mapping mid 4 years,"Blender, Maya, ZBrush, Substance Painter, KeyShot, UV Mapping",,,TEACHER
BNK005,Head of Retail Banking,BANKING,"Retail Banking Strategy, P&L, Digital Banking, Regulatory, Customer Experience, Executive Leadership",Define retail banking strategy; Manage large P&L; Lead digital transformation; Ensure regulatory compliance; Report to board,head retail banking strategy P&L digital transformation leadership executive,Senior,12,LinkedIn,"['Retail Banking Strategy', 'P&L', 'Digital Banking', 'Regulatory', 'Customer Experience', 'Executive Leadership']","['head', 'retail', 'banking', 'strategy', 'P&L', 'digital', 'transformation', 'leadership', 'executive']",retail banking strategy p&l digital banking regulatory customer experience executive leadership,BANKING Head of Retail Banking retail banking strategy p&l digital banking regulatory customer experience executive leadership senior 12 years,"Retail Banking Strategy, P&L, Digital Banking, Regulatory, Customer Experience, Executive Leadership",,,TEACHER
TEA002,Primary School Teacher,TEACHER,"Child Development, Lesson Planning, Creative Teaching, Communication, Patience, MS Office, Activity Design, Phonics",Teach foundational subjects; Design age-appropriate activities; Monitor child development; Engage parents; Maintain records,primary teacher child development lesson planning creative communication patience ms office activity phonics,Junior,1,LinkedIn,"['Child Development', 'Lesson Planning', 'Creative Teaching', 'Communication', 'Patience', 'MS Office', 'Activity Design', 'Phonics']","['primary teacher', 'child development', 'lesson planning', 'creative', 'communication', 'patience', 'ms office', 'activity', 'phonics']",child development lesson planning creative teaching communication patience ms office activity design phonics,TEACHER Primary School Teacher child development lesson planning creative teaching communication patience ms office activity design phonics junior 1 year,"Child Development, Lesson Planning, Creative Teaching, Communication, Patience, MS Office, Activity Design, Phonics",,,HR
DES002,Graphic Designer,DESIGNER,"Adobe Creative Suite, Typography, Branding, Print Design, Logo Design, Illustration, InDesign, Corel Draw",Create visual content; Develop brand identities; Design print and digital materials; Present design concepts to clients,graphic design branding typography logo print digital creative suite illustrator,Junior,1,Indeed,"['Adobe Creative Suite', 'Typography', 'Branding', 'Print Design', 'Logo Design', 'Illustration', 'InDesign', 'Corel Draw']","['graphic design', 'branding', 'typography', 'logo', 'print', 'digital', 'creative suite', 'illustrator']",adobe creative suite typography branding print design logo design illustration indesign corel draw,DESIGNER Graphic Designer adobe creative suite typography branding print design logo design illustration indesign corel draw junior 1 year,"Adobe Creative Suite, Typography, Branding, Print Design, Logo Design, Illustration, InDesign, Corel Draw",,,HR
AUTO001,Automotive Engineer,AUTOMOBILE,"CAD, MATLAB, Vehicle Dynamics, Engine Design, AutoCAD, CATIA, Project Management, Mechanical Engineering, Testing & Validation",Design vehicle systems; Test components; Troubleshoot engineering issues; Collaborate with production teams; Write technical reports,automotive engineer cad matlab vehicle dynamics engine design autocad catia project management mechanical testing,Mid,4,LinkedIn,"['CAD', 'MATLAB', 'Vehicle Dynamics', 'Engine Design', 'AutoCAD', 'CATIA', 'Project Management', 'Mechanical Engineering', 'Testing & Validation']","['automotive engineer', 'cad', 'matlab', 'vehicle dynamics', 'engine design', 'autocad', 'catia', 'project management', 'mechanical engineering', 'testing']",cad matlab vehicle dynamics engine design autocad catia project management mechanical engineering testing validation,AUTOMOBILE Automotive Engineer cad matlab vehicle dynamics engine design autocad catia project management mechanical engineering testing validation mid 4 years,"CAD, MATLAB, Vehicle Dynamics, Engine Design, AutoCAD, CATIA, Project Management, Mechanical Engineering, Testing & Validation",,,ADVOCATE
HC005,Healthcare Administrator,HEALTHCARE,"Hospital Management, Budgeting, Regulatory Compliance, EHR Systems, Staff Management, Policy Development",Oversee daily hospital or clinic operations; Manage budgets and resources; Ensure regulatory compliance; Lead HR activities for clinical staff,healthcare administration hospital management compliance budgeting EHR,Senior,8,LinkedIn,"['Hospital Management', 'Budgeting', 'Regulatory Compliance', 'EHR Systems', 'Staff Management', 'Policy Development']","['healthcare', 'administration', 'hospital', 'management', 'compliance', 'budgeting', 'EHR']",hospital management budgeting regulatory compliance ehr systems staff management policy development,HEALTHCARE Healthcare Administrator hospital management budgeting regulatory compliance ehr systems staff management policy development senior 8 years,"Hospital Management, Budgeting, Regulatory Compliance, EHR Systems, Staff Management, Policy Development",,,ADVOCATE
ACC004,Forensic Accountant,ACCOUNTANT,"Fraud Investigation, Financial Analysis, Litigation Support, CPA, Excel, Data Analytics",Investigate financial fraud and irregularities; Prepare expert reports for litigation; Analyse complex financial data; Liaise with legal teams; Support regulatory investigations,forensic accounting fraud investigation litigation financial analysis CPA,Senior,7,Indeed,"['Fraud Investigation', 'Financial Analysis', 'Litigation Support', 'CPA', 'Excel', 'Data Analytics']","['forensic', 'accounting', 'fraud', 'investigation', 'litigation', 'financial', 'analysis', 'CPA']",fraud investigation financial analysis litigation support cpa excel data analytics,ACCOUNTANT Forensic Accountant fraud investigation financial analysis litigation support cpa excel data analytics senior 7 years,"Fraud Investigation, Financial Analysis, Litigation Support, CPA, Excel, Data Analytics",,,HR
ENG004,Graduate Engineer,ENGINEERING,"Engineering Fundamentals, AutoCAD, MATLAB, Problem Solving, Technical Report Writing, Teamwork",Support senior engineers on projects; Conduct design calculations; Prepare technical documentation; Assist in site inspections; Learn and apply engineering standards,graduate engineer design calculations technical documentation engineering standards,Junior,0,Indeed,"['Engineering Fundamentals', 'AutoCAD', 'MATLAB', 'Problem Solving', 'Technical Report Writing', 'Teamwork']","['graduate', 'engineer', 'design', 'calculations', 'technical', 'documentation', 'engineering', 'standards']",engineering fundamentals autocad matlab problem solving technical report writing teamwork,ENGINEERING Graduate Engineer engineering fundamentals autocad matlab problem solving technical report writing teamwork junior 0 years,"Engineering Fundamentals, AutoCAD, MATLAB, Problem Solving, Technical Report Writing, Teamwork",,,TEACHER
DES006,3D Designer,DESIGNER,"Blender, Maya, ZBrush, Substance Painter, KeyShot, UV Mapping",Create 3D models and renders; Develop product visualisations; Collaborate with marketing; Produce assets for AR/VR pipelines,3d design blender maya modeling rendering product visualisation,Mid,4,LinkedIn,"['Blender', 'Maya', 'ZBrush', 'Substance Painter', 'KeyShot', 'UV Mapping']","['3d', 'design', 'blender', 'maya', 'modeling', 'rendering', 'product', 'visualisation']",blender maya zbrush substance painter keyshot uv mapping,DESIGNER 3D Designer blender maya zbrush substance painter keyshot uv mapping mid 4 years,"Blender, Maya, ZBrush, Substance Painter, KeyShot, UV Mapping",,,TEACHER
CON004,HR Consultant,CONSULTANT,"HR Strategy, Change Management, Compensation & Benefits, Organisational Design, Employment Law",Advise clients on HR strategy and transformation; Design compensation frameworks; Support organisational change; Ensure compliance with employment law,HR consulting change management compensation organisational design employment law,Senior,7,Indeed,"['HR Strategy', 'Change Management', 'Compensation & Benefits', 'Organisational Design', 'Employment Law']","['HR', 'consulting', 'change', 'management', 'compensation', 'organisational', 'design', 'employment', 'law']",hr strategy change management compensation & benefits organisational design employment law,CONSULTANT HR Consultant hr strategy change management compensation & benefits organisational design employment law senior 7 years,"HR Strategy, Change Management, Compensation & Benefits, Organisational Design, Employment Law",,,INFORMATION-TECHNOLOGY
CON_S003,Quantity Surveyor,CONSTRUCTION,"Cost Estimation, Bills of Quantities, Contract Management, NEC, AutoCAD, MS Excel",Prepare cost estimates and bills of quantities; Manage contracts and variations; Conduct valuations; Liaise with project managers and subcontractors; Ensure cost control,quantity surveying cost estimation bills of quantities contract NEC autocad,Mid,4,LinkedIn,"['Cost Estimation', 'Bills of Quantities', 'Contract Management', 'NEC', 'AutoCAD', 'MS Excel']","['quantity', 'surveying', 'cost', 'estimation', 'bills', 'of', 'quantities', 'contract', 'NEC', 'autocad']",cost estimation bills of quantities contract management nec autocad ms excel,CONSTRUCTION Quantity Surveyor cost estimation bills of quantities contract management nec autocad ms excel mid 4 years,"Cost Estimation, Bills of Quantities, Contract Management, NEC, AutoCAD, MS Excel",,,TEACHER
ADV005,Chief Legal Officer,ADVOCATE,"Corporate Law, Mergers & Acquisitions, Regulatory Compliance, Contract Negotiation, Risk Management, Leadership",Oversee legal strategy; Manage legal department; Advise board on regulatory matters; Lead M&A due diligence; Ensure compliance across jurisdictions,corporate law M&A compliance regulatory contract negotiation leadership,Senior,10,LinkedIn,"['Corporate Law', 'Mergers & Acquisitions', 'Regulatory Compliance', 'Contract Negotiation', 'Risk Management', 'Leadership']","['corporate', 'law', 'M&A', 'compliance', 'regulatory', 'contract', 'negotiation', 'leadership']",corporate law mergers & acquisitions regulatory compliance contract negotiation risk management leadership,ADVOCATE Chief Legal Officer corporate law mergers & acquisitions regulatory compliance contract negotiation risk management leadership senior 10 years,"Corporate Law, Mergers & Acquisitions, Regulatory Compliance, Contract Negotiation, Risk Management, Leadership",,,TEACHER
